Dataset ID,Relative Path,Issue Code,Source Container
DS0002,LoRA/LoRA/id_0630/._lora_001_000.png,CORRUPT_IMAGE,/kaggle/input/datasets/isthisdeception/ds0002-diff-official-test/raw/DS0002/test/I2I
DS0002,LoRA/LoRA/id_0630/._lora_002_000.png,CORRUPT_IMAGE,/kaggle/input/datasets/isthisdeception/ds0002-diff-official-test/raw/DS0002/test/I2I
DS0002,LoRA/LoRA/id_0630/._lora_003_000.png,CORRUPT_IMAGE,/kaggle/input/datasets/isthisdeception/ds0002-diff-official-test/raw/DS0002/test/I2I
DS0002,LoRA/LoRA/id_0630/._lora_004_000.png,CORRUPT_IMAGE,/kaggle/input/datasets/isthisdeception/ds0002-diff-official-test/raw/DS0002/test/I2I
DS0002,LoRA/LoRA/id_0630/._lora_005_000.png,CORRUPT_IMAGE,/kaggle/input/datasets/isthisdeception/ds0002-diff-official-test/raw/DS0002/test/I2I
DS0002,LoRA/LoRA/id_0630/._lora_006_000.png,CORRUPT_IMAGE,/kaggle/input/datasets/isthisdeception/ds0002-diff-official-test/raw/DS0002/test/I2I
DS0002,LoRA/LoRA/id_0630/._lora_007_000.png,CORRUPT_IMAGE,/kaggle/input/datasets/isthisdeception/ds0002-diff-official-test/raw/DS0002/test/I2I
DS0002,LoRA/LoRA/id_0630/._lora_008_000.png,CORRUPT_IMAGE,/kaggle/input/datasets/isthisdeception/ds0002-diff-official-test/raw/DS0002/test/I2I
DS0002,LoRA/LoRA/id_2270/._lora_001_000.png,CORRUPT_IMAGE,/kaggle/input/datasets/isthisdeception/ds0002-diff-official-test/raw/DS0002/test/I2I
DS0002,LoRA/LoRA/id_2270/._lora_002_000.png,CORRUPT_IMAGE,/kaggle/input/datasets/isthisdeception/ds0002-diff-official-test/raw/DS0002/test/I2I
DS0002,LoRA/LoRA/id_2270/._lora_003_000.png,CORRUPT_IMAGE,/kaggle/input/datasets/isthisdeception/ds0002-diff-official-test/raw/DS0002/test/I2I
DS0002,LoRA/LoRA/id_2270/._lora_004_000.png,CORRUPT_IMAGE,/kaggle/input/datasets/isthisdeception/ds0002-diff-official-test/raw/DS0002/test/I2I
DS0002,LoRA/LoRA/id_2270/._lora_005_000.png,CORRUPT_IMAGE,/kaggle/input/datasets/isthisdeception/ds0002-diff-official-test/raw/DS0002/test/I2I
DS0002,LoRA/LoRA/id_2270/._lora_006_000.png,CORRUPT_IMAGE,/kaggle/input/datasets/isthisdeception/ds0002-diff-official-test/raw/DS0002/test/I2I
DS0002,LoRA/LoRA/id_2270/._lora_007_000.png,CORRUPT_IMAGE,/kaggle/input/datasets/isthisdeception/ds0002-diff-official-test/raw/DS0002/test/I2I
DS0002,LoRA/LoRA/id_2270/._lora_008_000.png,CORRUPT_IMAGE,/kaggle/input/datasets/isthisdeception/ds0002-diff-official-test/raw/DS0002/test/I2I
DS0002,LoRA/LoRA/id_1144/._lora_001_000.png,CORRUPT_IMAGE,/kaggle/input/datasets/isthisdeception/ds0002-diff-official-test/raw/DS0002/test/I2I
DS0002,LoRA/LoRA/id_1144/._lora_002_000.png,CORRUPT_IMAGE,/kaggle/input/datasets/isthisdeception/ds0002-diff-official-test/raw/DS0002/test/I2I
DS0002,LoRA/LoRA/id_1144/._lora_003_000.png,CORRUPT_IMAGE,/kaggle/input/datasets/isthisdeception/ds0002-diff-official-test/raw/DS0002/test/I2I
DS0002,LoRA/LoRA/id_1144/._lora_004_000.png,CORRUPT_IMAGE,/kaggle/input/datasets/isthisdeception/ds0002-diff-official-test/raw/DS0002/test/I2I
DS0002,LoRA/LoRA/id_0718/._lora_001_000.png,CORRUPT_IMAGE,/kaggle/input/datasets/isthisdeception/ds0002-diff-official-test/raw/DS0002/test/I2I
DS0002,LoRA/LoRA/id_0718/._lora_002_000.png,CORRUPT_IMAGE,/kaggle/input/datasets/isthisdeception/ds0002-diff-official-test/raw/DS0002/test/I2I
DS0002,LoRA/LoRA/id_0718/._lora_003_000.png,CORRUPT_IMAGE,/kaggle/input/datasets/isthisdeception/ds0002-diff-official-test/raw/DS0002/test/I2I
DS0002,LoRA/LoRA/id_0718/._lora_004_000.png,CORRUPT_IMAGE,/kaggle/input/datasets/isthisdeception/ds0002-diff-official-test/raw/DS0002/test/I2I
DS0002,LoRA/LoRA/id_1406/._lora_002_000.png,CORRUPT_IMAGE,/kaggle/input/datasets/isthisdeception/ds0002-diff-official-test/raw/DS0002/test/I2I
DS0002,LoRA/LoRA/id_1406/._lora_003_000.png,CORRUPT_IMAGE,/kaggle/input/datasets/isthisdeception/ds0002-diff-official-test/raw/DS0002/test/I2I
DS0002,LoRA/LoRA/id_1406/._lora_004_000.png,CORRUPT_IMAGE,/kaggle/input/datasets/isthisdeception/ds0002-diff-official-test/raw/DS0002/test/I2I
DS0002,LoRA/LoRA/id_1254/._lora_001_000.png,CORRUPT_IMAGE,/kaggle/input/datasets/isthisdeception/ds0002-diff-official-test/raw/DS0002/test/I2I
DS0002,LoRA/LoRA/id_1254/._lora_002_000.png,CORRUPT_IMAGE,/kaggle/input/datasets/isthisdeception/ds0002-diff-official-test/raw/DS0002/test/I2I
DS0002,LoRA/LoRA/id_1254/._lora_003_000.png,CORRUPT_IMAGE,/kaggle/input/datasets/isthisdeception/ds0002-diff-official-test/raw/DS0002/test/I2I
DS0002,LoRA/LoRA/id_1254/._lora_004_000.png,CORRUPT_IMAGE,/kaggle/input/datasets/isthisdeception/ds0002-diff-official-test/raw/DS0002/test/I2I
DS0002,LoRA/LoRA/id_1254/._lora_005_000.png,CORRUPT_IMAGE,/kaggle/input/datasets/isthisdeception/ds0002-diff-official-test/raw/DS0002/test/I2I
DS0002,LoRA/LoRA/id_1254/._lora_006_000.png,CORRUPT_IMAGE,/kaggle/input/datasets/isthisdeception/ds0002-diff-official-test/raw/DS0002/test/I2I
DS0002,LoRA/LoRA/id_1254/._lora_007_000.png,CORRUPT_IMAGE,/kaggle/input/datasets/isthisdeception/ds0002-diff-official-test/raw/DS0002/test/I2I
DS0002,LoRA/LoRA/id_1254/._lora_008_000.png,CORRUPT_IMAGE,/kaggle/input/datasets/isthisdeception/ds0002-diff-official-test/raw/DS0002/test/I2I
DS0002,LoRA/LoRA/id_0416/._lora_001_000.png,CORRUPT_IMAGE,/kaggle/input/datasets/isthisdeception/ds0002-diff-official-test/raw/DS0002/test/I2I
DS0002,LoRA/LoRA/id_0416/._lora_002_000.png,CORRUPT_IMAGE,/kaggle/input/datasets/isthisdeception/ds0002-diff-official-test/raw/DS0002/test/I2I
DS0002,LoRA/LoRA/id_0416/._lora_003_000.png,CORRUPT_IMAGE,/kaggle/input/datasets/isthisdeception/ds0002-diff-official-test/raw/DS0002/test/I2I
DS0002,LoRA/LoRA/id_0416/._lora_004_000.png,CORRUPT_IMAGE,/kaggle/input/datasets/isthisdeception/ds0002-diff-official-test/raw/DS0002/test/I2I
DS0002,LoRA/LoRA/id_0416/._lora_005_000.png,CORRUPT_IMAGE,/kaggle/input/datasets/isthisdeception/ds0002-diff-official-test/raw/DS0002/test/I2I
DS0002,LoRA/LoRA/id_0416/._lora_006_000.png,CORRUPT_IMAGE,/kaggle/input/datasets/isthisdeception/ds0002-diff-official-test/raw/DS0002/test/I2I
DS0002,LoRA/LoRA/id_0416/._lora_007_000.png,CORRUPT_IMAGE,/kaggle/input/datasets/isthisdeception/ds0002-diff-official-test/raw/DS0002/test/I2I
DS0002,LoRA/LoRA/id_0416/._lora_008_000.png,CORRUPT_IMAGE,/kaggle/input/datasets/isthisdeception/ds0002-diff-official-test/raw/DS0002/test/I2I
DS0002,LoRA/LoRA/id_1166/._lora_001_000.png,CORRUPT_IMAGE,/kaggle/input/datasets/isthisdeception/ds0002-diff-official-test/raw/DS0002/test/I2I
DS0002,LoRA/LoRA/id_1166/._lora_002_000.png,CORRUPT_IMAGE,/kaggle/input/datasets/isthisdeception/ds0002-diff-official-test/raw/DS0002/test/I2I
DS0002,LoRA/LoRA/id_1166/._lora_003_000.png,CORRUPT_IMAGE,/kaggle/input/datasets/isthisdeception/ds0002-diff-official-test/raw/DS0002/test/I2I
DS0002,LoRA/LoRA/id_1166/._lora_004_000.png,CORRUPT_IMAGE,/kaggle/input/datasets/isthisdeception/ds0002-diff-official-test/raw/DS0002/test/I2I
DS0002,LoRA/LoRA/id_1166/._lora_005_000.png,CORRUPT_IMAGE,/kaggle/input/datasets/isthisdeception/ds0002-diff-official-test/raw/DS0002/test/I2I
DS0002,LoRA/LoRA/id_1166/._lora_006_000.png,CORRUPT_IMAGE,/kaggle/input/datasets/isthisdeception/ds0002-diff-official-test/raw/DS0002/test/I2I
DS0002,LoRA/LoRA/id_1166/._lora_007_000.png,CORRUPT_IMAGE,/kaggle/input/datasets/isthisdeception/ds0002-diff-official-test/raw/DS0002/test/I2I
DS0002,LoRA/LoRA/id_1166/._lora_008_000.png,CORRUPT_IMAGE,/kaggle/input/datasets/isthisdeception/ds0002-diff-official-test/raw/DS0002/test/I2I
DS0002,LoRA/LoRA/id_1166/._lora_009_000.png,CORRUPT_IMAGE,/kaggle/input/datasets/isthisdeception/ds0002-diff-official-test/raw/DS0002/test/I2I
DS0002,LoRA/LoRA/id_1166/._lora_010_000.png,CORRUPT_IMAGE,/kaggle/input/datasets/isthisdeception/ds0002-diff-official-test/raw/DS0002/test/I2I
DS0002,LoRA/LoRA/id_1166/._lora_011_000.png,CORRUPT_IMAGE,/kaggle/input/datasets/isthisdeception/ds0002-diff-official-test/raw/DS0002/test/I2I
DS0002,LoRA/LoRA/id_1166/._lora_012_000.png,CORRUPT_IMAGE,/kaggle/input/datasets/isthisdeception/ds0002-diff-official-test/raw/DS0002/test/I2I
DS0002,LoRA/LoRA/id_1166/._lora_013_000.png,CORRUPT_IMAGE,/kaggle/input/datasets/isthisdeception/ds0002-diff-official-test/raw/DS0002/test/I2I
DS0002,LoRA/LoRA/id_1166/._lora_014_000.png,CORRUPT_IMAGE,/kaggle/input/datasets/isthisdeception/ds0002-diff-official-test/raw/DS0002/test/I2I
DS0002,LoRA/LoRA/id_1166/._lora_015_000.png,CORRUPT_IMAGE,/kaggle/input/datasets/isthisdeception/ds0002-diff-official-test/raw/DS0002/test/I2I
DS0002,LoRA/LoRA/id_1166/._lora_016_000.png,CORRUPT_IMAGE,/kaggle/input/datasets/isthisdeception/ds0002-diff-official-test/raw/DS0002/test/I2I
DS0002,LoRA/LoRA/id_1166/._lora_017_000.png,CORRUPT_IMAGE,/kaggle/input/datasets/isthisdeception/ds0002-diff-official-test/raw/DS0002/test/I2I
DS0002,LoRA/LoRA/id_1166/._lora_018_000.png,CORRUPT_IMAGE,/kaggle/input/datasets/isthisdeception/ds0002-diff-official-test/raw/DS0002/test/I2I
DS0002,LoRA/LoRA/id_1166/._lora_019_000.png,CORRUPT_IMAGE,/kaggle/input/datasets/isthisdeception/ds0002-diff-official-test/raw/DS0002/test/I2I
DS0002,LoRA/LoRA/id_1166/._lora_020_000.png,CORRUPT_IMAGE,/kaggle/input/datasets/isthisdeception/ds0002-diff-official-test/raw/DS0002/test/I2I
DS0002,LoRA/LoRA/id_1166/._lora_021_000.png,CORRUPT_IMAGE,/kaggle/input/datasets/isthisdeception/ds0002-diff-official-test/raw/DS0002/test/I2I
DS0002,LoRA/LoRA/id_1166/._lora_022_000.png,CORRUPT_IMAGE,/kaggle/input/datasets/isthisdeception/ds0002-diff-official-test/raw/DS0002/test/I2I
DS0002,LoRA/LoRA/id_1166/._lora_023_000.png,CORRUPT_IMAGE,/kaggle/input/datasets/isthisdeception/ds0002-diff-official-test/raw/DS0002/test/I2I
DS0002,LoRA/LoRA/id_1166/._lora_024_000.png,CORRUPT_IMAGE,/kaggle/input/datasets/isthisdeception/ds0002-diff-official-test/raw/DS0002/test/I2I
DS0002,LoRA/LoRA/id_2410/._lora_001_000.png,CORRUPT_IMAGE,/kaggle/input/datasets/isthisdeception/ds0002-diff-official-test/raw/DS0002/test/I2I
DS0002,LoRA/LoRA/id_2410/._lora_002_000.png,CORRUPT_IMAGE,/kaggle/input/datasets/isthisdeception/ds0002-diff-official-test/raw/DS0002/test/I2I
DS0002,LoRA/LoRA/id_2410/._lora_003_000.png,CORRUPT_IMAGE,/kaggle/input/datasets/isthisdeception/ds0002-diff-official-test/raw/DS0002/test/I2I
DS0002,LoRA/LoRA/id_2410/._lora_004_000.png,CORRUPT_IMAGE,/kaggle/input/datasets/isthisdeception/ds0002-diff-official-test/raw/DS0002/test/I2I
DS0002,LoRA/LoRA/id_1988/._lora_001_000.png,CORRUPT_IMAGE,/kaggle/input/datasets/isthisdeception/ds0002-diff-official-test/raw/DS0002/test/I2I
DS0002,LoRA/LoRA/id_1988/._lora_002_000.png,CORRUPT_IMAGE,/kaggle/input/datasets/isthisdeception/ds0002-diff-official-test/raw/DS0002/test/I2I
DS0002,LoRA/LoRA/id_1988/._lora_003_000.png,CORRUPT_IMAGE,/kaggle/input/datasets/isthisdeception/ds0002-diff-official-test/raw/DS0002/test/I2I
DS0002,LoRA/LoRA/id_1988/._lora_004_000.png,CORRUPT_IMAGE,/kaggle/input/datasets/isthisdeception/ds0002-diff-official-test/raw/DS0002/test/I2I
DS0002,LoRA/LoRA/id_2257/._lora_001_000.png,CORRUPT_IMAGE,/kaggle/input/datasets/isthisdeception/ds0002-diff-official-test/raw/DS0002/test/I2I
DS0002,LoRA/LoRA/id_2257/._lora_002_000.png,CORRUPT_IMAGE,/kaggle/input/datasets/isthisdeception/ds0002-diff-official-test/raw/DS0002/test/I2I
DS0002,LoRA/LoRA/id_2257/._lora_003_000.png,CORRUPT_IMAGE,/kaggle/input/datasets/isthisdeception/ds0002-diff-official-test/raw/DS0002/test/I2I
DS0002,LoRA/LoRA/id_2257/._lora_004_000.png,CORRUPT_IMAGE,/kaggle/input/datasets/isthisdeception/ds0002-diff-official-test/raw/DS0002/test/I2I
DS0002,LoRA/LoRA/id_2257/._lora_005_000.png,CORRUPT_IMAGE,/kaggle/input/datasets/isthisdeception/ds0002-diff-official-test/raw/DS0002/test/I2I
DS0002,LoRA/LoRA/id_2257/._lora_006_000.png,CORRUPT_IMAGE,/kaggle/input/datasets/isthisdeception/ds0002-diff-official-test/raw/DS0002/test/I2I
DS0002,LoRA/LoRA/id_2257/._lora_007_000.png,CORRUPT_IMAGE,/kaggle/input/datasets/isthisdeception/ds0002-diff-official-test/raw/DS0002/test/I2I
DS0002,LoRA/LoRA/id_2257/._lora_008_000.png,CORRUPT_IMAGE,/kaggle/input/datasets/isthisdeception/ds0002-diff-official-test/raw/DS0002/test/I2I
DS0002,LoRA/LoRA/id_2790/._lora_001_000.png,CORRUPT_IMAGE,/kaggle/input/datasets/isthisdeception/ds0002-diff-official-test/raw/DS0002/test/I2I
DS0002,LoRA/LoRA/id_2790/._lora_002_000.png,CORRUPT_IMAGE,/kaggle/input/datasets/isthisdeception/ds0002-diff-official-test/raw/DS0002/test/I2I
DS0002,LoRA/LoRA/id_2790/._lora_003_000.png,CORRUPT_IMAGE,/kaggle/input/datasets/isthisdeception/ds0002-diff-official-test/raw/DS0002/test/I2I
DS0002,LoRA/LoRA/id_2790/._lora_004_000.png,CORRUPT_IMAGE,/kaggle/input/datasets/isthisdeception/ds0002-diff-official-test/raw/DS0002/test/I2I
DS0002,LoRA/LoRA/id_1844/._lora_001_000.png,CORRUPT_IMAGE,/kaggle/input/datasets/isthisdeception/ds0002-diff-official-test/raw/DS0002/test/I2I
DS0002,LoRA/LoRA/id_1844/._lora_002_000.png,CORRUPT_IMAGE,/kaggle/input/datasets/isthisdeception/ds0002-diff-official-test/raw/DS0002/test/I2I
DS0002,LoRA/LoRA/id_1844/._lora_003_000.png,CORRUPT_IMAGE,/kaggle/input/datasets/isthisdeception/ds0002-diff-official-test/raw/DS0002/test/I2I
DS0002,LoRA/LoRA/id_1844/._lora_004_000.png,CORRUPT_IMAGE,/kaggle/input/datasets/isthisdeception/ds0002-diff-official-test/raw/DS0002/test/I2I
DS0002,LoRA/LoRA/id_1844/._lora_005_000.png,CORRUPT_IMAGE,/kaggle/input/datasets/isthisdeception/ds0002-diff-official-test/raw/DS0002/test/I2I
DS0002,LoRA/LoRA/id_1844/._lora_006_000.png,CORRUPT_IMAGE,/kaggle/input/datasets/isthisdeception/ds0002-diff-official-test/raw/DS0002/test/I2I
DS0002,LoRA/LoRA/id_1844/._lora_007_000.png,CORRUPT_IMAGE,/kaggle/input/datasets/isthisdeception/ds0002-diff-official-test/raw/DS0002/test/I2I
DS0002,LoRA/LoRA/id_1844/._lora_008_000.png,CORRUPT_IMAGE,/kaggle/input/datasets/isthisdeception/ds0002-diff-official-test/raw/DS0002/test/I2I
DS0002,LoRA/LoRA/id_1844/._lora_009_000.png,CORRUPT_IMAGE,/kaggle/input/datasets/isthisdeception/ds0002-diff-official-test/raw/DS0002/test/I2I
DS0002,LoRA/LoRA/id_1844/._lora_010_000.png,CORRUPT_IMAGE,/kaggle/input/datasets/isthisdeception/ds0002-diff-official-test/raw/DS0002/test/I2I
DS0002,LoRA/LoRA/id_1844/._lora_011_000.png,CORRUPT_IMAGE,/kaggle/input/datasets/isthisdeception/ds0002-diff-official-test/raw/DS0002/test/I2I
DS0002,LoRA/LoRA/id_1844/._lora_012_000.png,CORRUPT_IMAGE,/kaggle/input/datasets/isthisdeception/ds0002-diff-official-test/raw/DS0002/test/I2I
DS0002,LoRA/LoRA/id_2384/._lora_001_000.png,CORRUPT_IMAGE,/kaggle/input/datasets/isthisdeception/ds0002-diff-official-test/raw/DS0002/test/I2I
DS0002,LoRA/LoRA/id_2384/._lora_002_000.png,CORRUPT_IMAGE,/kaggle/input/datasets/isthisdeception/ds0002-diff-official-test/raw/DS0002/test/I2I
DS0002,LoRA/LoRA/id_2384/._lora_003_000.png,CORRUPT_IMAGE,/kaggle/input/datasets/isthisdeception/ds0002-diff-official-test/raw/DS0002/test/I2I
DS0002,LoRA/LoRA/id_2384/._lora_004_000.png,CORRUPT_IMAGE,/kaggle/input/datasets/isthisdeception/ds0002-diff-official-test/raw/DS0002/test/I2I
DS0002,LoRA/LoRA/id_2384/._lora_005_000.png,CORRUPT_IMAGE,/kaggle/input/datasets/isthisdeception/ds0002-diff-official-test/raw/DS0002/test/I2I
DS0002,LoRA/LoRA/id_2384/._lora_006_000.png,CORRUPT_IMAGE,/kaggle/input/datasets/isthisdeception/ds0002-diff-official-test/raw/DS0002/test/I2I
DS0002,LoRA/LoRA/id_2384/._lora_007_000.png,CORRUPT_IMAGE,/kaggle/input/datasets/isthisdeception/ds0002-diff-official-test/raw/DS0002/test/I2I
DS0002,LoRA/LoRA/id_2384/._lora_008_000.png,CORRUPT_IMAGE,/kaggle/input/datasets/isthisdeception/ds0002-diff-official-test/raw/DS0002/test/I2I
DS0002,LoRA/LoRA/id_2384/._lora_009_000.png,CORRUPT_IMAGE,/kaggle/input/datasets/isthisdeception/ds0002-diff-official-test/raw/DS0002/test/I2I
DS0002,LoRA/LoRA/id_2384/._lora_010_000.png,CORRUPT_IMAGE,/kaggle/input/datasets/isthisdeception/ds0002-diff-official-test/raw/DS0002/test/I2I
DS0002,LoRA/LoRA/id_2384/._lora_011_000.png,CORRUPT_IMAGE,/kaggle/input/datasets/isthisdeception/ds0002-diff-official-test/raw/DS0002/test/I2I
DS0002,LoRA/LoRA/id_2384/._lora_012_000.png,CORRUPT_IMAGE,/kaggle/input/datasets/isthisdeception/ds0002-diff-official-test/raw/DS0002/test/I2I
DS0002,LoRA/LoRA/id_1892/._Andrea_Veresova_lora_001_000.png,CORRUPT_IMAGE,/kaggle/input/datasets/isthisdeception/ds0002-diff-official-test/raw/DS0002/test/I2I
DS0002,LoRA/LoRA/id_1892/._Andrea_Veresova_lora_002_000.png,CORRUPT_IMAGE,/kaggle/input/datasets/isthisdeception/ds0002-diff-official-test/raw/DS0002/test/I2I
DS0002,LoRA/LoRA/id_1892/._Andrea_Veresova_lora_003_000.png,CORRUPT_IMAGE,/kaggle/input/datasets/isthisdeception/ds0002-diff-official-test/raw/DS0002/test/I2I
DS0002,LoRA/LoRA/id_1892/._Andrea_Veresova_lora_004_000.png,CORRUPT_IMAGE,/kaggle/input/datasets/isthisdeception/ds0002-diff-official-test/raw/DS0002/test/I2I
DS0002,LoRA/LoRA/id_1892/._Andrea_Veresova_lora_005_000.png,CORRUPT_IMAGE,/kaggle/input/datasets/isthisdeception/ds0002-diff-official-test/raw/DS0002/test/I2I
DS0002,LoRA/LoRA/id_1892/._Andrea_Veresova_lora_006_000.png,CORRUPT_IMAGE,/kaggle/input/datasets/isthisdeception/ds0002-diff-official-test/raw/DS0002/test/I2I
DS0002,LoRA/LoRA/id_1892/._Andrea_Veresova_lora_007_000.png,CORRUPT_IMAGE,/kaggle/input/datasets/isthisdeception/ds0002-diff-official-test/raw/DS0002/test/I2I
DS0002,LoRA/LoRA/id_1892/._Andrea_Veresova_lora_008_000.png,CORRUPT_IMAGE,/kaggle/input/datasets/isthisdeception/ds0002-diff-official-test/raw/DS0002/test/I2I
DS0002,LoRA/LoRA/id_1892/._lora_001_000.png,CORRUPT_IMAGE,/kaggle/input/datasets/isthisdeception/ds0002-diff-official-test/raw/DS0002/test/I2I
DS0002,LoRA/LoRA/id_1892/._lora_002_000.png,CORRUPT_IMAGE,/kaggle/input/datasets/isthisdeception/ds0002-diff-official-test/raw/DS0002/test/I2I
DS0002,LoRA/LoRA/id_1892/._lora_003_000.png,CORRUPT_IMAGE,/kaggle/input/datasets/isthisdeception/ds0002-diff-official-test/raw/DS0002/test/I2I
DS0002,LoRA/LoRA/id_1892/._lora_004_000.png,CORRUPT_IMAGE,/kaggle/input/datasets/isthisdeception/ds0002-diff-official-test/raw/DS0002/test/I2I
DS0002,LoRA/LoRA/id_1892/._lora_005_000.png,CORRUPT_IMAGE,/kaggle/input/datasets/isthisdeception/ds0002-diff-official-test/raw/DS0002/test/I2I
DS0002,LoRA/LoRA/id_1892/._lora_006_000.png,CORRUPT_IMAGE,/kaggle/input/datasets/isthisdeception/ds0002-diff-official-test/raw/DS0002/test/I2I
DS0002,LoRA/LoRA/id_1892/._lora_007_000.png,CORRUPT_IMAGE,/kaggle/input/datasets/isthisdeception/ds0002-diff-official-test/raw/DS0002/test/I2I
DS0002,LoRA/LoRA/id_1892/._lora_008_000.png,CORRUPT_IMAGE,/kaggle/input/datasets/isthisdeception/ds0002-diff-official-test/raw/DS0002/test/I2I
DS0002,LoRA/LoRA/id_2490/._lora_001_000.png,CORRUPT_IMAGE,/kaggle/input/datasets/isthisdeception/ds0002-diff-official-test/raw/DS0002/test/I2I
DS0002,LoRA/LoRA/id_2490/._lora_002_000.png,CORRUPT_IMAGE,/kaggle/input/datasets/isthisdeception/ds0002-diff-official-test/raw/DS0002/test/I2I
DS0002,LoRA/LoRA/id_2490/._lora_003_000.png,CORRUPT_IMAGE,/kaggle/input/datasets/isthisdeception/ds0002-diff-official-test/raw/DS0002/test/I2I
DS0002,LoRA/LoRA/id_2490/._lora_004_000.png,CORRUPT_IMAGE,/kaggle/input/datasets/isthisdeception/ds0002-diff-official-test/raw/DS0002/test/I2I
DS0002,LoRA/LoRA/id_2490/._lora_005_000.png,CORRUPT_IMAGE,/kaggle/input/datasets/isthisdeception/ds0002-diff-official-test/raw/DS0002/test/I2I
DS0002,LoRA/LoRA/id_2490/._lora_006_000.png,CORRUPT_IMAGE,/kaggle/input/datasets/isthisdeception/ds0002-diff-official-test/raw/DS0002/test/I2I
DS0002,LoRA/LoRA/id_2490/._lora_007_000.png,CORRUPT_IMAGE,/kaggle/input/datasets/isthisdeception/ds0002-diff-official-test/raw/DS0002/test/I2I
DS0002,LoRA/LoRA/id_2490/._lora_008_000.png,CORRUPT_IMAGE,/kaggle/input/datasets/isthisdeception/ds0002-diff-official-test/raw/DS0002/test/I2I
DS0002,LoRA/LoRA/id_2490/._lora_009_000.png,CORRUPT_IMAGE,/kaggle/input/datasets/isthisdeception/ds0002-diff-official-test/raw/DS0002/test/I2I
DS0002,LoRA/LoRA/id_2490/._lora_010_000.png,CORRUPT_IMAGE,/kaggle/input/datasets/isthisdeception/ds0002-diff-official-test/raw/DS0002/test/I2I
DS0002,LoRA/LoRA/id_2490/._lora_011_000.png,CORRUPT_IMAGE,/kaggle/input/datasets/isthisdeception/ds0002-diff-official-test/raw/DS0002/test/I2I
DS0002,LoRA/LoRA/id_2490/._lora_012_000.png,CORRUPT_IMAGE,/kaggle/input/datasets/isthisdeception/ds0002-diff-official-test/raw/DS0002/test/I2I
DS0002,LoRA/LoRA/id_2490/._lora_013_000.png,CORRUPT_IMAGE,/kaggle/input/datasets/isthisdeception/ds0002-diff-official-test/raw/DS0002/test/I2I
DS0002,LoRA/LoRA/id_2490/._lora_014_000.png,CORRUPT_IMAGE,/kaggle/input/datasets/isthisdeception/ds0002-diff-official-test/raw/DS0002/test/I2I
DS0002,LoRA/LoRA/id_2490/._lora_015_000.png,CORRUPT_IMAGE,/kaggle/input/datasets/isthisdeception/ds0002-diff-official-test/raw/DS0002/test/I2I
DS0002,LoRA/LoRA/id_2490/._lora_016_000.png,CORRUPT_IMAGE,/kaggle/input/datasets/isthisdeception/ds0002-diff-official-test/raw/DS0002/test/I2I
DS0002,LoRA/LoRA/id_2490/._lora_017_000.png,CORRUPT_IMAGE,/kaggle/input/datasets/isthisdeception/ds0002-diff-official-test/raw/DS0002/test/I2I
DS0002,LoRA/LoRA/id_2490/._lora_018_000.png,CORRUPT_IMAGE,/kaggle/input/datasets/isthisdeception/ds0002-diff-official-test/raw/DS0002/test/I2I
DS0002,LoRA/LoRA/id_2490/._lora_019_000.png,CORRUPT_IMAGE,/kaggle/input/datasets/isthisdeception/ds0002-diff-official-test/raw/DS0002/test/I2I
DS0002,LoRA/LoRA/id_2490/._lora_020_000.png,CORRUPT_IMAGE,/kaggle/input/datasets/isthisdeception/ds0002-diff-official-test/raw/DS0002/test/I2I
DS0002,LoRA/LoRA/id_1978/._lora_001_000.png,CORRUPT_IMAGE,/kaggle/input/datasets/isthisdeception/ds0002-diff-official-test/raw/DS0002/test/I2I
DS0002,LoRA/LoRA/id_1978/._lora_002_000.png,CORRUPT_IMAGE,/kaggle/input/datasets/isthisdeception/ds0002-diff-official-test/raw/DS0002/test/I2I
DS0002,LoRA/LoRA/id_1978/._lora_003_000.png,CORRUPT_IMAGE,/kaggle/input/datasets/isthisdeception/ds0002-diff-official-test/raw/DS0002/test/I2I
DS0002,LoRA/LoRA/id_1978/._lora_005_000.png,CORRUPT_IMAGE,/kaggle/input/datasets/isthisdeception/ds0002-diff-official-test/raw/DS0002/test/I2I
DS0002,LoRA/LoRA/id_1978/._lora_006_000.png,CORRUPT_IMAGE,/kaggle/input/datasets/isthisdeception/ds0002-diff-official-test/raw/DS0002/test/I2I
DS0002,LoRA/LoRA/id_1978/._lora_007_000.png,CORRUPT_IMAGE,/kaggle/input/datasets/isthisdeception/ds0002-diff-official-test/raw/DS0002/test/I2I
DS0002,LoRA/LoRA/id_1978/._lora_008_000.png,CORRUPT_IMAGE,/kaggle/input/datasets/isthisdeception/ds0002-diff-official-test/raw/DS0002/test/I2I
DS0002,LoRA/LoRA/id_1978/._lora_009_000.png,CORRUPT_IMAGE,/kaggle/input/datasets/isthisdeception/ds0002-diff-official-test/raw/DS0002/test/I2I
DS0002,LoRA/LoRA/id_1978/._lora_011_000.png,CORRUPT_IMAGE,/kaggle/input/datasets/isthisdeception/ds0002-diff-official-test/raw/DS0002/test/I2I
DS0002,LoRA/LoRA/id_1978/._lora_012_000.png,CORRUPT_IMAGE,/kaggle/input/datasets/isthisdeception/ds0002-diff-official-test/raw/DS0002/test/I2I
DS0002,LoRA/LoRA/id_1342/._Angie_Everhart_lora_001_000.png,CORRUPT_IMAGE,/kaggle/input/datasets/isthisdeception/ds0002-diff-official-test/raw/DS0002/test/I2I
DS0002,LoRA/LoRA/id_1342/._Angie_Everhart_lora_002_000.png,CORRUPT_IMAGE,/kaggle/input/datasets/isthisdeception/ds0002-diff-official-test/raw/DS0002/test/I2I
DS0002,LoRA/LoRA/id_1342/._Angie_Everhart_lora_003_000.png,CORRUPT_IMAGE,/kaggle/input/datasets/isthisdeception/ds0002-diff-official-test/raw/DS0002/test/I2I
DS0002,LoRA/LoRA/id_1342/._Angie_Everhart_lora_004_000.png,CORRUPT_IMAGE,/kaggle/input/datasets/isthisdeception/ds0002-diff-official-test/raw/DS0002/test/I2I
DS0002,LoRA/LoRA/id_1342/._Angie_Everhart_lora_005_000.png,CORRUPT_IMAGE,/kaggle/input/datasets/isthisdeception/ds0002-diff-official-test/raw/DS0002/test/I2I
DS0002,LoRA/LoRA/id_1342/._Angie_Everhart_lora_006_000.png,CORRUPT_IMAGE,/kaggle/input/datasets/isthisdeception/ds0002-diff-official-test/raw/DS0002/test/I2I
DS0002,LoRA/LoRA/id_1342/._Angie_Everhart_lora_007_000.png,CORRUPT_IMAGE,/kaggle/input/datasets/isthisdeception/ds0002-diff-official-test/raw/DS0002/test/I2I
DS0002,LoRA/LoRA/id_1342/._Angie_Everhart_lora_008_000.png,CORRUPT_IMAGE,/kaggle/input/datasets/isthisdeception/ds0002-diff-official-test/raw/DS0002/test/I2I
DS0002,LoRA/LoRA/id_1342/._lora_001_000.png,CORRUPT_IMAGE,/kaggle/input/datasets/isthisdeception/ds0002-diff-official-test/raw/DS0002/test/I2I
DS0002,LoRA/LoRA/id_1342/._lora_002_000.png,CORRUPT_IMAGE,/kaggle/input/datasets/isthisdeception/ds0002-diff-official-test/raw/DS0002/test/I2I
DS0002,LoRA/LoRA/id_1342/._lora_003_000.png,CORRUPT_IMAGE,/kaggle/input/datasets/isthisdeception/ds0002-diff-official-test/raw/DS0002/test/I2I
DS0002,LoRA/LoRA/id_1342/._lora_004_000.png,CORRUPT_IMAGE,/kaggle/input/datasets/isthisdeception/ds0002-diff-official-test/raw/DS0002/test/I2I
DS0002,LoRA/LoRA/id_1342/._lora_005_000.png,CORRUPT_IMAGE,/kaggle/input/datasets/isthisdeception/ds0002-diff-official-test/raw/DS0002/test/I2I
DS0002,LoRA/LoRA/id_1342/._lora_006_000.png,CORRUPT_IMAGE,/kaggle/input/datasets/isthisdeception/ds0002-diff-official-test/raw/DS0002/test/I2I
DS0002,LoRA/LoRA/id_1342/._lora_007_000.png,CORRUPT_IMAGE,/kaggle/input/datasets/isthisdeception/ds0002-diff-official-test/raw/DS0002/test/I2I
DS0002,LoRA/LoRA/id_1342/._lora_008_000.png,CORRUPT_IMAGE,/kaggle/input/datasets/isthisdeception/ds0002-diff-official-test/raw/DS0002/test/I2I
DS0002,LoRA/LoRA/id_2423/._lora_001_000.png,CORRUPT_IMAGE,/kaggle/input/datasets/isthisdeception/ds0002-diff-official-test/raw/DS0002/test/I2I
DS0002,LoRA/LoRA/id_2423/._lora_002_000.png,CORRUPT_IMAGE,/kaggle/input/datasets/isthisdeception/ds0002-diff-official-test/raw/DS0002/test/I2I
DS0002,LoRA/LoRA/id_2423/._lora_003_000.png,CORRUPT_IMAGE,/kaggle/input/datasets/isthisdeception/ds0002-diff-official-test/raw/DS0002/test/I2I
DS0002,LoRA/LoRA/id_2423/._lora_004_000.png,CORRUPT_IMAGE,/kaggle/input/datasets/isthisdeception/ds0002-diff-official-test/raw/DS0002/test/I2I
DS0002,LoRA/LoRA/id_1430/._lora_001_000.png,CORRUPT_IMAGE,/kaggle/input/datasets/isthisdeception/ds0002-diff-official-test/raw/DS0002/test/I2I
DS0002,LoRA/LoRA/id_1430/._lora_002_000.png,CORRUPT_IMAGE,/kaggle/input/datasets/isthisdeception/ds0002-diff-official-test/raw/DS0002/test/I2I
DS0002,LoRA/LoRA/id_1430/._lora_003_000.png,CORRUPT_IMAGE,/kaggle/input/datasets/isthisdeception/ds0002-diff-official-test/raw/DS0002/test/I2I
DS0002,LoRA/LoRA/id_1430/._lora_004_000.png,CORRUPT_IMAGE,/kaggle/input/datasets/isthisdeception/ds0002-diff-official-test/raw/DS0002/test/I2I
DS0002,LoRA/LoRA/id_1430/._lora_005_000.png,CORRUPT_IMAGE,/kaggle/input/datasets/isthisdeception/ds0002-diff-official-test/raw/DS0002/test/I2I
DS0002,LoRA/LoRA/id_1430/._lora_006_000.png,CORRUPT_IMAGE,/kaggle/input/datasets/isthisdeception/ds0002-diff-official-test/raw/DS0002/test/I2I
DS0002,LoRA/LoRA/id_1430/._lora_007_000.png,CORRUPT_IMAGE,/kaggle/input/datasets/isthisdeception/ds0002-diff-official-test/raw/DS0002/test/I2I
DS0002,LoRA/LoRA/id_1430/._lora_008_000.png,CORRUPT_IMAGE,/kaggle/input/datasets/isthisdeception/ds0002-diff-official-test/raw/DS0002/test/I2I
DS0002,LoRA/LoRA/id_0224/._lora_001_000.png,CORRUPT_IMAGE,/kaggle/input/datasets/isthisdeception/ds0002-diff-official-test/raw/DS0002/test/I2I
DS0002,LoRA/LoRA/id_0224/._lora_002_000.png,CORRUPT_IMAGE,/kaggle/input/datasets/isthisdeception/ds0002-diff-official-test/raw/DS0002/test/I2I
DS0002,LoRA/LoRA/id_0224/._lora_003_000.png,CORRUPT_IMAGE,/kaggle/input/datasets/isthisdeception/ds0002-diff-official-test/raw/DS0002/test/I2I
DS0002,LoRA/LoRA/id_0224/._lora_004_000.png,CORRUPT_IMAGE,/kaggle/input/datasets/isthisdeception/ds0002-diff-official-test/raw/DS0002/test/I2I
DS0002,LoRA/LoRA/id_1434/._lora_001_000.png,CORRUPT_IMAGE,/kaggle/input/datasets/isthisdeception/ds0002-diff-official-test/raw/DS0002/test/I2I
DS0002,LoRA/LoRA/id_1434/._lora_002_000.png,CORRUPT_IMAGE,/kaggle/input/datasets/isthisdeception/ds0002-diff-official-test/raw/DS0002/test/I2I
DS0002,LoRA/LoRA/id_1434/._lora_003_000.png,CORRUPT_IMAGE,/kaggle/input/datasets/isthisdeception/ds0002-diff-official-test/raw/DS0002/test/I2I
DS0002,LoRA/LoRA/id_1434/._lora_004_000.png,CORRUPT_IMAGE,/kaggle/input/datasets/isthisdeception/ds0002-diff-official-test/raw/DS0002/test/I2I
DS0002,LoRA/LoRA/id_1434/._lora_005_000.png,CORRUPT_IMAGE,/kaggle/input/datasets/isthisdeception/ds0002-diff-official-test/raw/DS0002/test/I2I
DS0002,LoRA/LoRA/id_1434/._lora_006_000.png,CORRUPT_IMAGE,/kaggle/input/datasets/isthisdeception/ds0002-diff-official-test/raw/DS0002/test/I2I
DS0002,LoRA/LoRA/id_1434/._lora_007_000.png,CORRUPT_IMAGE,/kaggle/input/datasets/isthisdeception/ds0002-diff-official-test/raw/DS0002/test/I2I
DS0002,LoRA/LoRA/id_1434/._lora_008_000.png,CORRUPT_IMAGE,/kaggle/input/datasets/isthisdeception/ds0002-diff-official-test/raw/DS0002/test/I2I
DS0002,LoRA/LoRA/id_0538/._lora_001_000.png,CORRUPT_IMAGE,/kaggle/input/datasets/isthisdeception/ds0002-diff-official-test/raw/DS0002/test/I2I
DS0002,LoRA/LoRA/id_0538/._lora_002_000.png,CORRUPT_IMAGE,/kaggle/input/datasets/isthisdeception/ds0002-diff-official-test/raw/DS0002/test/I2I
DS0002,LoRA/LoRA/id_0538/._lora_003_000.png,CORRUPT_IMAGE,/kaggle/input/datasets/isthisdeception/ds0002-diff-official-test/raw/DS0002/test/I2I
DS0002,LoRA/LoRA/id_0538/._lora_004_000.png,CORRUPT_IMAGE,/kaggle/input/datasets/isthisdeception/ds0002-diff-official-test/raw/DS0002/test/I2I
DS0002,LoRA/LoRA/id_1309/._lora_001_000.png,CORRUPT_IMAGE,/kaggle/input/datasets/isthisdeception/ds0002-diff-official-test/raw/DS0002/test/I2I
DS0002,LoRA/LoRA/id_1309/._lora_002_000.png,CORRUPT_IMAGE,/kaggle/input/datasets/isthisdeception/ds0002-diff-official-test/raw/DS0002/test/I2I
DS0002,LoRA/LoRA/id_1309/._lora_003_000.png,CORRUPT_IMAGE,/kaggle/input/datasets/isthisdeception/ds0002-diff-official-test/raw/DS0002/test/I2I
DS0002,LoRA/LoRA/id_1309/._lora_004_000.png,CORRUPT_IMAGE,/kaggle/input/datasets/isthisdeception/ds0002-diff-official-test/raw/DS0002/test/I2I
DS0002,LoRA/LoRA/id_1309/._lora_005_000.png,CORRUPT_IMAGE,/kaggle/input/datasets/isthisdeception/ds0002-diff-official-test/raw/DS0002/test/I2I
DS0002,LoRA/LoRA/id_1309/._lora_006_000.png,CORRUPT_IMAGE,/kaggle/input/datasets/isthisdeception/ds0002-diff-official-test/raw/DS0002/test/I2I
DS0002,LoRA/LoRA/id_1309/._lora_007_000.png,CORRUPT_IMAGE,/kaggle/input/datasets/isthisdeception/ds0002-diff-official-test/raw/DS0002/test/I2I
DS0002,LoRA/LoRA/id_1309/._lora_008_000.png,CORRUPT_IMAGE,/kaggle/input/datasets/isthisdeception/ds0002-diff-official-test/raw/DS0002/test/I2I
DS0002,LoRA/LoRA/id_2752/._lora_001_000.png,CORRUPT_IMAGE,/kaggle/input/datasets/isthisdeception/ds0002-diff-official-test/raw/DS0002/test/I2I
DS0002,LoRA/LoRA/id_2752/._lora_002_000.png,CORRUPT_IMAGE,/kaggle/input/datasets/isthisdeception/ds0002-diff-official-test/raw/DS0002/test/I2I
DS0002,LoRA/LoRA/id_2752/._lora_003_000.png,CORRUPT_IMAGE,/kaggle/input/datasets/isthisdeception/ds0002-diff-official-test/raw/DS0002/test/I2I
DS0002,LoRA/LoRA/id_2752/._lora_005_000.png,CORRUPT_IMAGE,/kaggle/input/datasets/isthisdeception/ds0002-diff-official-test/raw/DS0002/test/I2I
DS0002,LoRA/LoRA/id_2752/._lora_006_000.png,CORRUPT_IMAGE,/kaggle/input/datasets/isthisdeception/ds0002-diff-official-test/raw/DS0002/test/I2I
DS0002,LoRA/LoRA/id_2752/._lora_007_000.png,CORRUPT_IMAGE,/kaggle/input/datasets/isthisdeception/ds0002-diff-official-test/raw/DS0002/test/I2I
DS0002,LoRA/LoRA/id_2752/._lora_008_000.png,CORRUPT_IMAGE,/kaggle/input/datasets/isthisdeception/ds0002-diff-official-test/raw/DS0002/test/I2I
DS0002,LoRA/LoRA/id_2752/._lora_009_000.png,CORRUPT_IMAGE,/kaggle/input/datasets/isthisdeception/ds0002-diff-official-test/raw/DS0002/test/I2I
DS0002,LoRA/LoRA/id_2752/._lora_010_000.png,CORRUPT_IMAGE,/kaggle/input/datasets/isthisdeception/ds0002-diff-official-test/raw/DS0002/test/I2I
DS0002,LoRA/LoRA/id_2752/._lora_011_000.png,CORRUPT_IMAGE,/kaggle/input/datasets/isthisdeception/ds0002-diff-official-test/raw/DS0002/test/I2I
DS0002,LoRA/LoRA/id_1492/._lora_001_000.png,CORRUPT_IMAGE,/kaggle/input/datasets/isthisdeception/ds0002-diff-official-test/raw/DS0002/test/I2I
DS0002,LoRA/LoRA/id_1492/._lora_002_000.png,CORRUPT_IMAGE,/kaggle/input/datasets/isthisdeception/ds0002-diff-official-test/raw/DS0002/test/I2I
DS0002,LoRA/LoRA/id_1492/._lora_003_000.png,CORRUPT_IMAGE,/kaggle/input/datasets/isthisdeception/ds0002-diff-official-test/raw/DS0002/test/I2I
DS0002,LoRA/LoRA/id_1492/._lora_004_000.png,CORRUPT_IMAGE,/kaggle/input/datasets/isthisdeception/ds0002-diff-official-test/raw/DS0002/test/I2I
DS0002,LoRA/LoRA/id_2352/._lora_001_000.png,CORRUPT_IMAGE,/kaggle/input/datasets/isthisdeception/ds0002-diff-official-test/raw/DS0002/test/I2I
DS0002,LoRA/LoRA/id_2352/._lora_002_000.png,CORRUPT_IMAGE,/kaggle/input/datasets/isthisdeception/ds0002-diff-official-test/raw/DS0002/test/I2I
DS0002,LoRA/LoRA/id_2352/._lora_003_000.png,CORRUPT_IMAGE,/kaggle/input/datasets/isthisdeception/ds0002-diff-official-test/raw/DS0002/test/I2I
DS0002,LoRA/LoRA/id_2352/._lora_004_000.png,CORRUPT_IMAGE,/kaggle/input/datasets/isthisdeception/ds0002-diff-official-test/raw/DS0002/test/I2I
DS0002,LoRA/LoRA/id_1577/._lora_001_000.png,CORRUPT_IMAGE,/kaggle/input/datasets/isthisdeception/ds0002-diff-official-test/raw/DS0002/test/I2I
DS0002,LoRA/LoRA/id_1577/._lora_002_000.png,CORRUPT_IMAGE,/kaggle/input/datasets/isthisdeception/ds0002-diff-official-test/raw/DS0002/test/I2I
DS0002,LoRA/LoRA/id_1577/._lora_003_000.png,CORRUPT_IMAGE,/kaggle/input/datasets/isthisdeception/ds0002-diff-official-test/raw/DS0002/test/I2I
DS0002,LoRA/LoRA/id_1577/._lora_004_000.png,CORRUPT_IMAGE,/kaggle/input/datasets/isthisdeception/ds0002-diff-official-test/raw/DS0002/test/I2I
DS0002,LoRA/LoRA/id_0232/._lora_001_000.png,CORRUPT_IMAGE,/kaggle/input/datasets/isthisdeception/ds0002-diff-official-test/raw/DS0002/test/I2I
DS0002,LoRA/LoRA/id_0232/._lora_002_000.png,CORRUPT_IMAGE,/kaggle/input/datasets/isthisdeception/ds0002-diff-official-test/raw/DS0002/test/I2I
DS0002,LoRA/LoRA/id_0232/._lora_003_000.png,CORRUPT_IMAGE,/kaggle/input/datasets/isthisdeception/ds0002-diff-official-test/raw/DS0002/test/I2I
DS0002,LoRA/LoRA/id_0232/._lora_004_000.png,CORRUPT_IMAGE,/kaggle/input/datasets/isthisdeception/ds0002-diff-official-test/raw/DS0002/test/I2I
DS0002,LoRA/LoRA/id_2366/._Alexandra_Paul_lora_001_000.png,CORRUPT_IMAGE,/kaggle/input/datasets/isthisdeception/ds0002-diff-official-test/raw/DS0002/test/I2I
DS0002,LoRA/LoRA/id_2366/._Alexandra_Paul_lora_002_000.png,CORRUPT_IMAGE,/kaggle/input/datasets/isthisdeception/ds0002-diff-official-test/raw/DS0002/test/I2I
DS0002,LoRA/LoRA/id_2366/._Alexandra_Paul_lora_003_000.png,CORRUPT_IMAGE,/kaggle/input/datasets/isthisdeception/ds0002-diff-official-test/raw/DS0002/test/I2I
DS0002,LoRA/LoRA/id_2366/._Alexandra_Paul_lora_004_000.png,CORRUPT_IMAGE,/kaggle/input/datasets/isthisdeception/ds0002-diff-official-test/raw/DS0002/test/I2I
DS0002,LoRA/LoRA/id_2366/._Alexandra_Paul_lora_005_000.png,CORRUPT_IMAGE,/kaggle/input/datasets/isthisdeception/ds0002-diff-official-test/raw/DS0002/test/I2I
DS0002,LoRA/LoRA/id_2366/._Alexandra_Paul_lora_006_000.png,CORRUPT_IMAGE,/kaggle/input/datasets/isthisdeception/ds0002-diff-official-test/raw/DS0002/test/I2I
DS0002,LoRA/LoRA/id_2366/._Alexandra_Paul_lora_007_000.png,CORRUPT_IMAGE,/kaggle/input/datasets/isthisdeception/ds0002-diff-official-test/raw/DS0002/test/I2I
DS0002,LoRA/LoRA/id_2366/._Alexandra_Paul_lora_008_000.png,CORRUPT_IMAGE,/kaggle/input/datasets/isthisdeception/ds0002-diff-official-test/raw/DS0002/test/I2I
DS0002,LoRA/LoRA/id_2366/._Alexandra_Paul_lora_009_000.png,CORRUPT_IMAGE,/kaggle/input/datasets/isthisdeception/ds0002-diff-official-test/raw/DS0002/test/I2I
DS0002,LoRA/LoRA/id_2366/._Alexandra_Paul_lora_010_000.png,CORRUPT_IMAGE,/kaggle/input/datasets/isthisdeception/ds0002-diff-official-test/raw/DS0002/test/I2I
DS0002,LoRA/LoRA/id_2366/._Alexandra_Paul_lora_011_000.png,CORRUPT_IMAGE,/kaggle/input/datasets/isthisdeception/ds0002-diff-official-test/raw/DS0002/test/I2I
DS0002,LoRA/LoRA/id_2366/._Alexandra_Paul_lora_012_000.png,CORRUPT_IMAGE,/kaggle/input/datasets/isthisdeception/ds0002-diff-official-test/raw/DS0002/test/I2I
DS0002,LoRA/LoRA/id_2366/._Alexandra_Paul_lora_013_000.png,CORRUPT_IMAGE,/kaggle/input/datasets/isthisdeception/ds0002-diff-official-test/raw/DS0002/test/I2I
DS0002,LoRA/LoRA/id_2366/._Alexandra_Paul_lora_014_000.png,CORRUPT_IMAGE,/kaggle/input/datasets/isthisdeception/ds0002-diff-official-test/raw/DS0002/test/I2I
DS0002,LoRA/LoRA/id_2366/._Alexandra_Paul_lora_015_000.png,CORRUPT_IMAGE,/kaggle/input/datasets/isthisdeception/ds0002-diff-official-test/raw/DS0002/test/I2I
DS0002,LoRA/LoRA/id_2366/._Alexandra_Paul_lora_016_000.png,CORRUPT_IMAGE,/kaggle/input/datasets/isthisdeception/ds0002-diff-official-test/raw/DS0002/test/I2I
DS0002,LoRA/LoRA/id_2366/._Alexandra_Paul_lora_017_000.png,CORRUPT_IMAGE,/kaggle/input/datasets/isthisdeception/ds0002-diff-official-test/raw/DS0002/test/I2I
DS0002,LoRA/LoRA/id_2366/._Alexandra_Paul_lora_018_000.png,CORRUPT_IMAGE,/kaggle/input/datasets/isthisdeception/ds0002-diff-official-test/raw/DS0002/test/I2I
DS0002,LoRA/LoRA/id_2366/._Alexandra_Paul_lora_019_000.png,CORRUPT_IMAGE,/kaggle/input/datasets/isthisdeception/ds0002-diff-official-test/raw/DS0002/test/I2I
DS0002,LoRA/LoRA/id_2366/._Alexandra_Paul_lora_020_000.png,CORRUPT_IMAGE,/kaggle/input/datasets/isthisdeception/ds0002-diff-official-test/raw/DS0002/test/I2I
DS0002,LoRA/LoRA/id_2366/._lora_001_000.png,CORRUPT_IMAGE,/kaggle/input/datasets/isthisdeception/ds0002-diff-official-test/raw/DS0002/test/I2I
DS0002,LoRA/LoRA/id_2366/._lora_002_000.png,CORRUPT_IMAGE,/kaggle/input/datasets/isthisdeception/ds0002-diff-official-test/raw/DS0002/test/I2I
DS0002,LoRA/LoRA/id_2366/._lora_003_000.png,CORRUPT_IMAGE,/kaggle/input/datasets/isthisdeception/ds0002-diff-official-test/raw/DS0002/test/I2I
DS0002,LoRA/LoRA/id_2366/._lora_004_000.png,CORRUPT_IMAGE,/kaggle/input/datasets/isthisdeception/ds0002-diff-official-test/raw/DS0002/test/I2I
DS0002,LoRA/LoRA/id_2366/._lora_005_000.png,CORRUPT_IMAGE,/kaggle/input/datasets/isthisdeception/ds0002-diff-official-test/raw/DS0002/test/I2I
DS0002,LoRA/LoRA/id_2366/._lora_006_000.png,CORRUPT_IMAGE,/kaggle/input/datasets/isthisdeception/ds0002-diff-official-test/raw/DS0002/test/I2I
DS0002,LoRA/LoRA/id_2366/._lora_007_000.png,CORRUPT_IMAGE,/kaggle/input/datasets/isthisdeception/ds0002-diff-official-test/raw/DS0002/test/I2I
DS0002,LoRA/LoRA/id_2366/._lora_008_000.png,CORRUPT_IMAGE,/kaggle/input/datasets/isthisdeception/ds0002-diff-official-test/raw/DS0002/test/I2I
DS0002,LoRA/LoRA/id_2366/._lora_009_000.png,CORRUPT_IMAGE,/kaggle/input/datasets/isthisdeception/ds0002-diff-official-test/raw/DS0002/test/I2I
DS0002,LoRA/LoRA/id_2366/._lora_010_000.png,CORRUPT_IMAGE,/kaggle/input/datasets/isthisdeception/ds0002-diff-official-test/raw/DS0002/test/I2I
DS0002,LoRA/LoRA/id_2366/._lora_011_000.png,CORRUPT_IMAGE,/kaggle/input/datasets/isthisdeception/ds0002-diff-official-test/raw/DS0002/test/I2I
DS0002,LoRA/LoRA/id_2366/._lora_012_000.png,CORRUPT_IMAGE,/kaggle/input/datasets/isthisdeception/ds0002-diff-official-test/raw/DS0002/test/I2I
DS0002,LoRA/LoRA/id_2366/._lora_013_000.png,CORRUPT_IMAGE,/kaggle/input/datasets/isthisdeception/ds0002-diff-official-test/raw/DS0002/test/I2I
DS0002,LoRA/LoRA/id_2366/._lora_014_000.png,CORRUPT_IMAGE,/kaggle/input/datasets/isthisdeception/ds0002-diff-official-test/raw/DS0002/test/I2I
DS0002,LoRA/LoRA/id_2366/._lora_015_000.png,CORRUPT_IMAGE,/kaggle/input/datasets/isthisdeception/ds0002-diff-official-test/raw/DS0002/test/I2I
DS0002,LoRA/LoRA/id_2366/._lora_016_000.png,CORRUPT_IMAGE,/kaggle/input/datasets/isthisdeception/ds0002-diff-official-test/raw/DS0002/test/I2I
DS0002,LoRA/LoRA/id_2366/._lora_017_000.png,CORRUPT_IMAGE,/kaggle/input/datasets/isthisdeception/ds0002-diff-official-test/raw/DS0002/test/I2I
DS0002,LoRA/LoRA/id_2366/._lora_018_000.png,CORRUPT_IMAGE,/kaggle/input/datasets/isthisdeception/ds0002-diff-official-test/raw/DS0002/test/I2I
DS0002,LoRA/LoRA/id_2366/._lora_019_000.png,CORRUPT_IMAGE,/kaggle/input/datasets/isthisdeception/ds0002-diff-official-test/raw/DS0002/test/I2I
DS0002,LoRA/LoRA/id_2366/._lora_020_000.png,CORRUPT_IMAGE,/kaggle/input/datasets/isthisdeception/ds0002-diff-official-test/raw/DS0002/test/I2I
DS0002,LoRA/LoRA/id_1344/._lora_001_000.png,CORRUPT_IMAGE,/kaggle/input/datasets/isthisdeception/ds0002-diff-official-test/raw/DS0002/test/I2I
DS0002,LoRA/LoRA/id_1344/._lora_002_000.png,CORRUPT_IMAGE,/kaggle/input/datasets/isthisdeception/ds0002-diff-official-test/raw/DS0002/test/I2I
DS0002,LoRA/LoRA/id_1344/._lora_004_000.png,CORRUPT_IMAGE,/kaggle/input/datasets/isthisdeception/ds0002-diff-official-test/raw/DS0002/test/I2I
DS0002,LoRA/LoRA/id_1887/._lora_001_000.png,CORRUPT_IMAGE,/kaggle/input/datasets/isthisdeception/ds0002-diff-official-test/raw/DS0002/test/I2I
DS0002,LoRA/LoRA/id_1887/._lora_002_000.png,CORRUPT_IMAGE,/kaggle/input/datasets/isthisdeception/ds0002-diff-official-test/raw/DS0002/test/I2I
DS0002,LoRA/LoRA/id_1887/._lora_003_000.png,CORRUPT_IMAGE,/kaggle/input/datasets/isthisdeception/ds0002-diff-official-test/raw/DS0002/test/I2I
DS0002,LoRA/LoRA/id_1887/._lora_004_000.png,CORRUPT_IMAGE,/kaggle/input/datasets/isthisdeception/ds0002-diff-official-test/raw/DS0002/test/I2I
DS0002,LoRA/LoRA/id_1887/._lora_005_000.png,CORRUPT_IMAGE,/kaggle/input/datasets/isthisdeception/ds0002-diff-official-test/raw/DS0002/test/I2I
DS0002,LoRA/LoRA/id_1887/._lora_006_000.png,CORRUPT_IMAGE,/kaggle/input/datasets/isthisdeception/ds0002-diff-official-test/raw/DS0002/test/I2I
DS0002,LoRA/LoRA/id_1887/._lora_007_000.png,CORRUPT_IMAGE,/kaggle/input/datasets/isthisdeception/ds0002-diff-official-test/raw/DS0002/test/I2I
DS0002,LoRA/LoRA/id_1887/._lora_008_000.png,CORRUPT_IMAGE,/kaggle/input/datasets/isthisdeception/ds0002-diff-official-test/raw/DS0002/test/I2I
DS0002,LoRA/LoRA/id_1887/._lora_009_000.png,CORRUPT_IMAGE,/kaggle/input/datasets/isthisdeception/ds0002-diff-official-test/raw/DS0002/test/I2I
DS0002,LoRA/LoRA/id_1887/._lora_010_000.png,CORRUPT_IMAGE,/kaggle/input/datasets/isthisdeception/ds0002-diff-official-test/raw/DS0002/test/I2I
DS0002,LoRA/LoRA/id_1887/._lora_011_000.png,CORRUPT_IMAGE,/kaggle/input/datasets/isthisdeception/ds0002-diff-official-test/raw/DS0002/test/I2I
DS0002,LoRA/LoRA/id_1887/._lora_012_000.png,CORRUPT_IMAGE,/kaggle/input/datasets/isthisdeception/ds0002-diff-official-test/raw/DS0002/test/I2I
DS0002,LoRA/LoRA/id_1887/._lora_013_000.png,CORRUPT_IMAGE,/kaggle/input/datasets/isthisdeception/ds0002-diff-official-test/raw/DS0002/test/I2I
DS0002,LoRA/LoRA/id_1887/._lora_014_000.png,CORRUPT_IMAGE,/kaggle/input/datasets/isthisdeception/ds0002-diff-official-test/raw/DS0002/test/I2I
DS0002,LoRA/LoRA/id_1887/._lora_015_000.png,CORRUPT_IMAGE,/kaggle/input/datasets/isthisdeception/ds0002-diff-official-test/raw/DS0002/test/I2I
DS0002,LoRA/LoRA/id_1887/._lora_016_000.png,CORRUPT_IMAGE,/kaggle/input/datasets/isthisdeception/ds0002-diff-official-test/raw/DS0002/test/I2I
DS0002,LoRA/LoRA/id_1887/._lora_017_000.png,CORRUPT_IMAGE,/kaggle/input/datasets/isthisdeception/ds0002-diff-official-test/raw/DS0002/test/I2I
DS0002,LoRA/LoRA/id_1887/._lora_018_000.png,CORRUPT_IMAGE,/kaggle/input/datasets/isthisdeception/ds0002-diff-official-test/raw/DS0002/test/I2I
DS0002,LoRA/LoRA/id_1887/._lora_019_000.png,CORRUPT_IMAGE,/kaggle/input/datasets/isthisdeception/ds0002-diff-official-test/raw/DS0002/test/I2I
DS0002,LoRA/LoRA/id_1887/._lora_020_000.png,CORRUPT_IMAGE,/kaggle/input/datasets/isthisdeception/ds0002-diff-official-test/raw/DS0002/test/I2I
DS0002,LoRA/LoRA/id_1887/._lora_021_000.png,CORRUPT_IMAGE,/kaggle/input/datasets/isthisdeception/ds0002-diff-official-test/raw/DS0002/test/I2I
DS0002,LoRA/LoRA/id_1887/._lora_022_000.png,CORRUPT_IMAGE,/kaggle/input/datasets/isthisdeception/ds0002-diff-official-test/raw/DS0002/test/I2I
DS0002,LoRA/LoRA/id_1887/._lora_023_000.png,CORRUPT_IMAGE,/kaggle/input/datasets/isthisdeception/ds0002-diff-official-test/raw/DS0002/test/I2I
DS0002,LoRA/LoRA/id_1887/._lora_024_000.png,CORRUPT_IMAGE,/kaggle/input/datasets/isthisdeception/ds0002-diff-official-test/raw/DS0002/test/I2I
DS0002,LoRA/LoRA/id_1887/._lora_025_000.png,CORRUPT_IMAGE,/kaggle/input/datasets/isthisdeception/ds0002-diff-official-test/raw/DS0002/test/I2I
DS0002,LoRA/LoRA/id_1887/._lora_026_000.png,CORRUPT_IMAGE,/kaggle/input/datasets/isthisdeception/ds0002-diff-official-test/raw/DS0002/test/I2I
DS0002,LoRA/LoRA/id_1887/._lora_027_000.png,CORRUPT_IMAGE,/kaggle/input/datasets/isthisdeception/ds0002-diff-official-test/raw/DS0002/test/I2I
DS0002,LoRA/LoRA/id_1887/._lora_028_000.png,CORRUPT_IMAGE,/kaggle/input/datasets/isthisdeception/ds0002-diff-official-test/raw/DS0002/test/I2I
DS0002,LoRA/LoRA/id_2310/._lora_001_000.png,CORRUPT_IMAGE,/kaggle/input/datasets/isthisdeception/ds0002-diff-official-test/raw/DS0002/test/I2I
DS0002,LoRA/LoRA/id_2310/._lora_002_000.png,CORRUPT_IMAGE,/kaggle/input/datasets/isthisdeception/ds0002-diff-official-test/raw/DS0002/test/I2I
DS0002,LoRA/LoRA/id_2310/._lora_003_000.png,CORRUPT_IMAGE,/kaggle/input/datasets/isthisdeception/ds0002-diff-official-test/raw/DS0002/test/I2I
DS0002,LoRA/LoRA/id_2310/._lora_004_000.png,CORRUPT_IMAGE,/kaggle/input/datasets/isthisdeception/ds0002-diff-official-test/raw/DS0002/test/I2I
DS0002,LoRA/LoRA/id_2310/._lora_005_000.png,CORRUPT_IMAGE,/kaggle/input/datasets/isthisdeception/ds0002-diff-official-test/raw/DS0002/test/I2I
DS0002,LoRA/LoRA/id_2310/._lora_006_000.png,CORRUPT_IMAGE,/kaggle/input/datasets/isthisdeception/ds0002-diff-official-test/raw/DS0002/test/I2I
DS0002,LoRA/LoRA/id_2310/._lora_007_000.png,CORRUPT_IMAGE,/kaggle/input/datasets/isthisdeception/ds0002-diff-official-test/raw/DS0002/test/I2I
DS0002,LoRA/LoRA/id_2310/._lora_009_000.png,CORRUPT_IMAGE,/kaggle/input/datasets/isthisdeception/ds0002-diff-official-test/raw/DS0002/test/I2I
DS0002,LoRA/LoRA/id_2310/._lora_010_000.png,CORRUPT_IMAGE,/kaggle/input/datasets/isthisdeception/ds0002-diff-official-test/raw/DS0002/test/I2I
DS0002,LoRA/LoRA/id_2310/._lora_011_000.png,CORRUPT_IMAGE,/kaggle/input/datasets/isthisdeception/ds0002-diff-official-test/raw/DS0002/test/I2I
DS0002,LoRA/LoRA/id_2310/._lora_012_000.png,CORRUPT_IMAGE,/kaggle/input/datasets/isthisdeception/ds0002-diff-official-test/raw/DS0002/test/I2I
DS0002,LoRA/LoRA/id_2310/._lora_013_000.png,CORRUPT_IMAGE,/kaggle/input/datasets/isthisdeception/ds0002-diff-official-test/raw/DS0002/test/I2I
DS0002,LoRA/LoRA/id_2310/._lora_014_000.png,CORRUPT_IMAGE,/kaggle/input/datasets/isthisdeception/ds0002-diff-official-test/raw/DS0002/test/I2I
DS0002,LoRA/LoRA/id_2310/._lora_015_000.png,CORRUPT_IMAGE,/kaggle/input/datasets/isthisdeception/ds0002-diff-official-test/raw/DS0002/test/I2I
DS0002,LoRA/LoRA/id_2310/._lora_016_000.png,CORRUPT_IMAGE,/kaggle/input/datasets/isthisdeception/ds0002-diff-official-test/raw/DS0002/test/I2I
DS0002,LoRA/LoRA/id_2310/._lora_017_000.png,CORRUPT_IMAGE,/kaggle/input/datasets/isthisdeception/ds0002-diff-official-test/raw/DS0002/test/I2I
DS0002,LoRA/LoRA/id_2310/._lora_018_000.png,CORRUPT_IMAGE,/kaggle/input/datasets/isthisdeception/ds0002-diff-official-test/raw/DS0002/test/I2I
DS0002,LoRA/LoRA/id_2310/._lora_019_000.png,CORRUPT_IMAGE,/kaggle/input/datasets/isthisdeception/ds0002-diff-official-test/raw/DS0002/test/I2I
DS0002,LoRA/LoRA/id_2310/._lora_020_000.png,CORRUPT_IMAGE,/kaggle/input/datasets/isthisdeception/ds0002-diff-official-test/raw/DS0002/test/I2I
DS0002,LoRA/LoRA/id_2310/._lora_021_000.png,CORRUPT_IMAGE,/kaggle/input/datasets/isthisdeception/ds0002-diff-official-test/raw/DS0002/test/I2I
DS0002,LoRA/LoRA/id_2310/._lora_022_000.png,CORRUPT_IMAGE,/kaggle/input/datasets/isthisdeception/ds0002-diff-official-test/raw/DS0002/test/I2I
DS0002,LoRA/LoRA/id_2310/._lora_023_000.png,CORRUPT_IMAGE,/kaggle/input/datasets/isthisdeception/ds0002-diff-official-test/raw/DS0002/test/I2I
DS0002,LoRA/LoRA/id_2310/._lora_024_000.png,CORRUPT_IMAGE,/kaggle/input/datasets/isthisdeception/ds0002-diff-official-test/raw/DS0002/test/I2I
DS0002,LoRA/LoRA/id_2508/._lora_001_000.png,CORRUPT_IMAGE,/kaggle/input/datasets/isthisdeception/ds0002-diff-official-test/raw/DS0002/test/I2I
DS0002,LoRA/LoRA/id_2508/._lora_002_000.png,CORRUPT_IMAGE,/kaggle/input/datasets/isthisdeception/ds0002-diff-official-test/raw/DS0002/test/I2I
DS0002,LoRA/LoRA/id_2508/._lora_003_000.png,CORRUPT_IMAGE,/kaggle/input/datasets/isthisdeception/ds0002-diff-official-test/raw/DS0002/test/I2I
DS0002,LoRA/LoRA/id_2508/._lora_004_000.png,CORRUPT_IMAGE,/kaggle/input/datasets/isthisdeception/ds0002-diff-official-test/raw/DS0002/test/I2I
DS0002,LoRA/LoRA/id_1295/._André_Kuipers_lora_001_000.png,CORRUPT_IMAGE,/kaggle/input/datasets/isthisdeception/ds0002-diff-official-test/raw/DS0002/test/I2I
DS0002,LoRA/LoRA/id_1295/._André_Kuipers_lora_002_000.png,CORRUPT_IMAGE,/kaggle/input/datasets/isthisdeception/ds0002-diff-official-test/raw/DS0002/test/I2I
DS0002,LoRA/LoRA/id_1295/._André_Kuipers_lora_004_000.png,CORRUPT_IMAGE,/kaggle/input/datasets/isthisdeception/ds0002-diff-official-test/raw/DS0002/test/I2I
DS0002,LoRA/LoRA/id_1295/._lora_001_000.png,CORRUPT_IMAGE,/kaggle/input/datasets/isthisdeception/ds0002-diff-official-test/raw/DS0002/test/I2I
DS0002,LoRA/LoRA/id_1295/._lora_002_000.png,CORRUPT_IMAGE,/kaggle/input/datasets/isthisdeception/ds0002-diff-official-test/raw/DS0002/test/I2I
DS0002,LoRA/LoRA/id_1295/._lora_003_000.png,CORRUPT_IMAGE,/kaggle/input/datasets/isthisdeception/ds0002-diff-official-test/raw/DS0002/test/I2I
DS0002,LoRA/LoRA/id_1295/._lora_004_000.png,CORRUPT_IMAGE,/kaggle/input/datasets/isthisdeception/ds0002-diff-official-test/raw/DS0002/test/I2I
DS0002,LoRA/LoRA/id_1058/._lora_001_000.png,CORRUPT_IMAGE,/kaggle/input/datasets/isthisdeception/ds0002-diff-official-test/raw/DS0002/test/I2I
DS0002,LoRA/LoRA/id_1058/._lora_002_000.png,CORRUPT_IMAGE,/kaggle/input/datasets/isthisdeception/ds0002-diff-official-test/raw/DS0002/test/I2I
DS0002,LoRA/LoRA/id_1058/._lora_003_000.png,CORRUPT_IMAGE,/kaggle/input/datasets/isthisdeception/ds0002-diff-official-test/raw/DS0002/test/I2I
DS0002,LoRA/LoRA/id_1058/._lora_004_000.png,CORRUPT_IMAGE,/kaggle/input/datasets/isthisdeception/ds0002-diff-official-test/raw/DS0002/test/I2I
DS0002,LoRA/LoRA/id_1058/._lora_005_000.png,CORRUPT_IMAGE,/kaggle/input/datasets/isthisdeception/ds0002-diff-official-test/raw/DS0002/test/I2I
DS0002,LoRA/LoRA/id_1058/._lora_006_000.png,CORRUPT_IMAGE,/kaggle/input/datasets/isthisdeception/ds0002-diff-official-test/raw/DS0002/test/I2I
DS0002,LoRA/LoRA/id_1058/._lora_007_000.png,CORRUPT_IMAGE,/kaggle/input/datasets/isthisdeception/ds0002-diff-official-test/raw/DS0002/test/I2I
DS0002,LoRA/LoRA/id_1058/._lora_008_000.png,CORRUPT_IMAGE,/kaggle/input/datasets/isthisdeception/ds0002-diff-official-test/raw/DS0002/test/I2I
DS0002,LoRA/LoRA/id_1058/._lora_009_000.png,CORRUPT_IMAGE,/kaggle/input/datasets/isthisdeception/ds0002-diff-official-test/raw/DS0002/test/I2I
DS0002,LoRA/LoRA/id_1058/._lora_010_000.png,CORRUPT_IMAGE,/kaggle/input/datasets/isthisdeception/ds0002-diff-official-test/raw/DS0002/test/I2I
DS0002,LoRA/LoRA/id_1058/._lora_011_000.png,CORRUPT_IMAGE,/kaggle/input/datasets/isthisdeception/ds0002-diff-official-test/raw/DS0002/test/I2I
DS0002,LoRA/LoRA/id_1058/._lora_012_000.png,CORRUPT_IMAGE,/kaggle/input/datasets/isthisdeception/ds0002-diff-official-test/raw/DS0002/test/I2I
DS0002,LoRA/LoRA/id_1372/._lora_001_000.png,CORRUPT_IMAGE,/kaggle/input/datasets/isthisdeception/ds0002-diff-official-test/raw/DS0002/test/I2I
DS0002,LoRA/LoRA/id_1372/._lora_002_000.png,CORRUPT_IMAGE,/kaggle/input/datasets/isthisdeception/ds0002-diff-official-test/raw/DS0002/test/I2I
DS0002,LoRA/LoRA/id_1372/._lora_003_000.png,CORRUPT_IMAGE,/kaggle/input/datasets/isthisdeception/ds0002-diff-official-test/raw/DS0002/test/I2I
DS0002,LoRA/LoRA/id_1372/._lora_004_000.png,CORRUPT_IMAGE,/kaggle/input/datasets/isthisdeception/ds0002-diff-official-test/raw/DS0002/test/I2I
DS0002,LoRA/LoRA/id_2651/._lora_001_000.png,CORRUPT_IMAGE,/kaggle/input/datasets/isthisdeception/ds0002-diff-official-test/raw/DS0002/test/I2I
DS0002,LoRA/LoRA/id_2651/._lora_002_000.png,CORRUPT_IMAGE,/kaggle/input/datasets/isthisdeception/ds0002-diff-official-test/raw/DS0002/test/I2I
DS0002,LoRA/LoRA/id_2651/._lora_003_000.png,CORRUPT_IMAGE,/kaggle/input/datasets/isthisdeception/ds0002-diff-official-test/raw/DS0002/test/I2I
DS0002,LoRA/LoRA/id_2651/._lora_004_000.png,CORRUPT_IMAGE,/kaggle/input/datasets/isthisdeception/ds0002-diff-official-test/raw/DS0002/test/I2I
DS0002,LoRA/LoRA/id_2651/._lora_005_000.png,CORRUPT_IMAGE,/kaggle/input/datasets/isthisdeception/ds0002-diff-official-test/raw/DS0002/test/I2I
DS0002,LoRA/LoRA/id_2651/._lora_006_000.png,CORRUPT_IMAGE,/kaggle/input/datasets/isthisdeception/ds0002-diff-official-test/raw/DS0002/test/I2I
DS0002,LoRA/LoRA/id_2651/._lora_007_000.png,CORRUPT_IMAGE,/kaggle/input/datasets/isthisdeception/ds0002-diff-official-test/raw/DS0002/test/I2I
DS0002,LoRA/LoRA/id_2651/._lora_008_000.png,CORRUPT_IMAGE,/kaggle/input/datasets/isthisdeception/ds0002-diff-official-test/raw/DS0002/test/I2I
DS0002,LoRA/LoRA/id_2651/._lora_009_000.png,CORRUPT_IMAGE,/kaggle/input/datasets/isthisdeception/ds0002-diff-official-test/raw/DS0002/test/I2I
DS0002,LoRA/LoRA/id_2651/._lora_010_000.png,CORRUPT_IMAGE,/kaggle/input/datasets/isthisdeception/ds0002-diff-official-test/raw/DS0002/test/I2I
DS0002,LoRA/LoRA/id_2651/._lora_011_000.png,CORRUPT_IMAGE,/kaggle/input/datasets/isthisdeception/ds0002-diff-official-test/raw/DS0002/test/I2I
DS0002,LoRA/LoRA/id_2651/._lora_012_000.png,CORRUPT_IMAGE,/kaggle/input/datasets/isthisdeception/ds0002-diff-official-test/raw/DS0002/test/I2I
DS0002,LoRA/LoRA/id_2651/._lora_013_000.png,CORRUPT_IMAGE,/kaggle/input/datasets/isthisdeception/ds0002-diff-official-test/raw/DS0002/test/I2I
DS0002,LoRA/LoRA/id_2651/._lora_014_000.png,CORRUPT_IMAGE,/kaggle/input/datasets/isthisdeception/ds0002-diff-official-test/raw/DS0002/test/I2I
DS0002,LoRA/LoRA/id_2651/._lora_015_000.png,CORRUPT_IMAGE,/kaggle/input/datasets/isthisdeception/ds0002-diff-official-test/raw/DS0002/test/I2I
DS0002,LoRA/LoRA/id_2651/._lora_016_000.png,CORRUPT_IMAGE,/kaggle/input/datasets/isthisdeception/ds0002-diff-official-test/raw/DS0002/test/I2I
DS0002,LoRA/LoRA/id_2651/._lora_017_000.png,CORRUPT_IMAGE,/kaggle/input/datasets/isthisdeception/ds0002-diff-official-test/raw/DS0002/test/I2I
DS0002,LoRA/LoRA/id_2651/._lora_018_000.png,CORRUPT_IMAGE,/kaggle/input/datasets/isthisdeception/ds0002-diff-official-test/raw/DS0002/test/I2I
DS0002,LoRA/LoRA/id_2651/._lora_019_000.png,CORRUPT_IMAGE,/kaggle/input/datasets/isthisdeception/ds0002-diff-official-test/raw/DS0002/test/I2I
DS0002,LoRA/LoRA/id_2651/._lora_020_000.png,CORRUPT_IMAGE,/kaggle/input/datasets/isthisdeception/ds0002-diff-official-test/raw/DS0002/test/I2I
DS0002,LoRA/LoRA/id_2651/._lora_021_000.png,CORRUPT_IMAGE,/kaggle/input/datasets/isthisdeception/ds0002-diff-official-test/raw/DS0002/test/I2I
DS0002,LoRA/LoRA/id_2651/._lora_022_000.png,CORRUPT_IMAGE,/kaggle/input/datasets/isthisdeception/ds0002-diff-official-test/raw/DS0002/test/I2I
DS0002,LoRA/LoRA/id_2651/._lora_023_000.png,CORRUPT_IMAGE,/kaggle/input/datasets/isthisdeception/ds0002-diff-official-test/raw/DS0002/test/I2I
DS0002,LoRA/LoRA/id_2651/._lora_024_000.png,CORRUPT_IMAGE,/kaggle/input/datasets/isthisdeception/ds0002-diff-official-test/raw/DS0002/test/I2I
DS0002,LoRA/LoRA/id_2422/._lora_001_000.png,CORRUPT_IMAGE,/kaggle/input/datasets/isthisdeception/ds0002-diff-official-test/raw/DS0002/test/I2I
DS0002,LoRA/LoRA/id_2422/._lora_002_000.png,CORRUPT_IMAGE,/kaggle/input/datasets/isthisdeception/ds0002-diff-official-test/raw/DS0002/test/I2I
DS0002,LoRA/LoRA/id_2422/._lora_003_000.png,CORRUPT_IMAGE,/kaggle/input/datasets/isthisdeception/ds0002-diff-official-test/raw/DS0002/test/I2I
DS0002,LoRA/LoRA/id_2422/._lora_004_000.png,CORRUPT_IMAGE,/kaggle/input/datasets/isthisdeception/ds0002-diff-official-test/raw/DS0002/test/I2I
DS0002,LoRA/LoRA/id_2422/._lora_005_000.png,CORRUPT_IMAGE,/kaggle/input/datasets/isthisdeception/ds0002-diff-official-test/raw/DS0002/test/I2I
DS0002,LoRA/LoRA/id_2422/._lora_006_000.png,CORRUPT_IMAGE,/kaggle/input/datasets/isthisdeception/ds0002-diff-official-test/raw/DS0002/test/I2I
DS0002,LoRA/LoRA/id_2422/._lora_007_000.png,CORRUPT_IMAGE,/kaggle/input/datasets/isthisdeception/ds0002-diff-official-test/raw/DS0002/test/I2I
DS0002,LoRA/LoRA/id_2422/._lora_008_000.png,CORRUPT_IMAGE,/kaggle/input/datasets/isthisdeception/ds0002-diff-official-test/raw/DS0002/test/I2I
DS0002,LoRA/LoRA/id_1294/._Andy_Allo_lora_001_000.png,CORRUPT_IMAGE,/kaggle/input/datasets/isthisdeception/ds0002-diff-official-test/raw/DS0002/test/I2I
DS0002,LoRA/LoRA/id_1294/._Andy_Allo_lora_002_000.png,CORRUPT_IMAGE,/kaggle/input/datasets/isthisdeception/ds0002-diff-official-test/raw/DS0002/test/I2I
DS0002,LoRA/LoRA/id_1294/._Andy_Allo_lora_003_000.png,CORRUPT_IMAGE,/kaggle/input/datasets/isthisdeception/ds0002-diff-official-test/raw/DS0002/test/I2I
DS0002,LoRA/LoRA/id_1294/._Andy_Allo_lora_005_000.png,CORRUPT_IMAGE,/kaggle/input/datasets/isthisdeception/ds0002-diff-official-test/raw/DS0002/test/I2I
DS0002,LoRA/LoRA/id_1294/._Andy_Allo_lora_006_000.png,CORRUPT_IMAGE,/kaggle/input/datasets/isthisdeception/ds0002-diff-official-test/raw/DS0002/test/I2I
DS0002,LoRA/LoRA/id_1294/._Andy_Allo_lora_007_000.png,CORRUPT_IMAGE,/kaggle/input/datasets/isthisdeception/ds0002-diff-official-test/raw/DS0002/test/I2I
DS0002,LoRA/LoRA/id_1294/._Andy_Allo_lora_008_000.png,CORRUPT_IMAGE,/kaggle/input/datasets/isthisdeception/ds0002-diff-official-test/raw/DS0002/test/I2I
DS0002,LoRA/LoRA/id_1294/._Andy_Allo_lora_009_000.png,CORRUPT_IMAGE,/kaggle/input/datasets/isthisdeception/ds0002-diff-official-test/raw/DS0002/test/I2I
DS0002,LoRA/LoRA/id_1294/._Andy_Allo_lora_010_000.png,CORRUPT_IMAGE,/kaggle/input/datasets/isthisdeception/ds0002-diff-official-test/raw/DS0002/test/I2I
DS0002,LoRA/LoRA/id_1294/._Andy_Allo_lora_011_000.png,CORRUPT_IMAGE,/kaggle/input/datasets/isthisdeception/ds0002-diff-official-test/raw/DS0002/test/I2I
DS0002,LoRA/LoRA/id_1294/._Andy_Allo_lora_012_000.png,CORRUPT_IMAGE,/kaggle/input/datasets/isthisdeception/ds0002-diff-official-test/raw/DS0002/test/I2I
DS0002,LoRA/LoRA/id_1294/._Andy_Allo_lora_013_000.png,CORRUPT_IMAGE,/kaggle/input/datasets/isthisdeception/ds0002-diff-official-test/raw/DS0002/test/I2I
DS0002,LoRA/LoRA/id_1294/._Andy_Allo_lora_014_000.png,CORRUPT_IMAGE,/kaggle/input/datasets/isthisdeception/ds0002-diff-official-test/raw/DS0002/test/I2I
DS0002,LoRA/LoRA/id_1294/._Andy_Allo_lora_015_000.png,CORRUPT_IMAGE,/kaggle/input/datasets/isthisdeception/ds0002-diff-official-test/raw/DS0002/test/I2I
DS0002,LoRA/LoRA/id_1294/._Andy_Allo_lora_016_000.png,CORRUPT_IMAGE,/kaggle/input/datasets/isthisdeception/ds0002-diff-official-test/raw/DS0002/test/I2I
DS0002,LoRA/LoRA/id_1294/._Andy_Allo_lora_017_000.png,CORRUPT_IMAGE,/kaggle/input/datasets/isthisdeception/ds0002-diff-official-test/raw/DS0002/test/I2I
DS0002,LoRA/LoRA/id_1294/._Andy_Allo_lora_018_000.png,CORRUPT_IMAGE,/kaggle/input/datasets/isthisdeception/ds0002-diff-official-test/raw/DS0002/test/I2I
DS0002,LoRA/LoRA/id_1294/._Andy_Allo_lora_019_000.png,CORRUPT_IMAGE,/kaggle/input/datasets/isthisdeception/ds0002-diff-official-test/raw/DS0002/test/I2I
DS0002,LoRA/LoRA/id_1294/._Andy_Allo_lora_020_000.png,CORRUPT_IMAGE,/kaggle/input/datasets/isthisdeception/ds0002-diff-official-test/raw/DS0002/test/I2I
DS0002,LoRA/LoRA/id_1294/._Andy_Allo_lora_021_000.png,CORRUPT_IMAGE,/kaggle/input/datasets/isthisdeception/ds0002-diff-official-test/raw/DS0002/test/I2I
DS0002,LoRA/LoRA/id_1294/._Andy_Allo_lora_022_000.png,CORRUPT_IMAGE,/kaggle/input/datasets/isthisdeception/ds0002-diff-official-test/raw/DS0002/test/I2I
DS0002,LoRA/LoRA/id_1294/._Andy_Allo_lora_023_000.png,CORRUPT_IMAGE,/kaggle/input/datasets/isthisdeception/ds0002-diff-official-test/raw/DS0002/test/I2I
DS0002,LoRA/LoRA/id_1294/._Andy_Allo_lora_024_000.png,CORRUPT_IMAGE,/kaggle/input/datasets/isthisdeception/ds0002-diff-official-test/raw/DS0002/test/I2I
DS0002,LoRA/LoRA/id_1294/._lora_001_000.png,CORRUPT_IMAGE,/kaggle/input/datasets/isthisdeception/ds0002-diff-official-test/raw/DS0002/test/I2I
DS0002,LoRA/LoRA/id_1294/._lora_002_000.png,CORRUPT_IMAGE,/kaggle/input/datasets/isthisdeception/ds0002-diff-official-test/raw/DS0002/test/I2I
DS0002,LoRA/LoRA/id_1294/._lora_003_000.png,CORRUPT_IMAGE,/kaggle/input/datasets/isthisdeception/ds0002-diff-official-test/raw/DS0002/test/I2I
DS0002,LoRA/LoRA/id_1294/._lora_004_000.png,CORRUPT_IMAGE,/kaggle/input/datasets/isthisdeception/ds0002-diff-official-test/raw/DS0002/test/I2I
DS0002,LoRA/LoRA/id_1294/._lora_005_000.png,CORRUPT_IMAGE,/kaggle/input/datasets/isthisdeception/ds0002-diff-official-test/raw/DS0002/test/I2I
DS0002,LoRA/LoRA/id_1294/._lora_006_000.png,CORRUPT_IMAGE,/kaggle/input/datasets/isthisdeception/ds0002-diff-official-test/raw/DS0002/test/I2I
DS0002,LoRA/LoRA/id_1294/._lora_007_000.png,CORRUPT_IMAGE,/kaggle/input/datasets/isthisdeception/ds0002-diff-official-test/raw/DS0002/test/I2I
DS0002,LoRA/LoRA/id_1294/._lora_008_000.png,CORRUPT_IMAGE,/kaggle/input/datasets/isthisdeception/ds0002-diff-official-test/raw/DS0002/test/I2I
DS0002,LoRA/LoRA/id_1294/._lora_009_000.png,CORRUPT_IMAGE,/kaggle/input/datasets/isthisdeception/ds0002-diff-official-test/raw/DS0002/test/I2I
DS0002,LoRA/LoRA/id_1294/._lora_010_000.png,CORRUPT_IMAGE,/kaggle/input/datasets/isthisdeception/ds0002-diff-official-test/raw/DS0002/test/I2I
DS0002,LoRA/LoRA/id_1294/._lora_011_000.png,CORRUPT_IMAGE,/kaggle/input/datasets/isthisdeception/ds0002-diff-official-test/raw/DS0002/test/I2I
DS0002,LoRA/LoRA/id_1294/._lora_012_000.png,CORRUPT_IMAGE,/kaggle/input/datasets/isthisdeception/ds0002-diff-official-test/raw/DS0002/test/I2I
DS0002,LoRA/LoRA/id_1294/._lora_013_000.png,CORRUPT_IMAGE,/kaggle/input/datasets/isthisdeception/ds0002-diff-official-test/raw/DS0002/test/I2I
DS0002,LoRA/LoRA/id_1294/._lora_014_000.png,CORRUPT_IMAGE,/kaggle/input/datasets/isthisdeception/ds0002-diff-official-test/raw/DS0002/test/I2I
DS0002,LoRA/LoRA/id_1294/._lora_015_000.png,CORRUPT_IMAGE,/kaggle/input/datasets/isthisdeception/ds0002-diff-official-test/raw/DS0002/test/I2I
DS0002,LoRA/LoRA/id_1294/._lora_016_000.png,CORRUPT_IMAGE,/kaggle/input/datasets/isthisdeception/ds0002-diff-official-test/raw/DS0002/test/I2I
DS0002,LoRA/LoRA/id_1294/._lora_017_000.png,CORRUPT_IMAGE,/kaggle/input/datasets/isthisdeception/ds0002-diff-official-test/raw/DS0002/test/I2I
DS0002,LoRA/LoRA/id_1294/._lora_018_000.png,CORRUPT_IMAGE,/kaggle/input/datasets/isthisdeception/ds0002-diff-official-test/raw/DS0002/test/I2I
DS0002,LoRA/LoRA/id_1294/._lora_019_000.png,CORRUPT_IMAGE,/kaggle/input/datasets/isthisdeception/ds0002-diff-official-test/raw/DS0002/test/I2I
DS0002,LoRA/LoRA/id_1294/._lora_020_000.png,CORRUPT_IMAGE,/kaggle/input/datasets/isthisdeception/ds0002-diff-official-test/raw/DS0002/test/I2I
DS0002,LoRA/LoRA/id_1294/._lora_021_000.png,CORRUPT_IMAGE,/kaggle/input/datasets/isthisdeception/ds0002-diff-official-test/raw/DS0002/test/I2I
DS0002,LoRA/LoRA/id_1294/._lora_022_000.png,CORRUPT_IMAGE,/kaggle/input/datasets/isthisdeception/ds0002-diff-official-test/raw/DS0002/test/I2I
DS0002,LoRA/LoRA/id_1294/._lora_023_000.png,CORRUPT_IMAGE,/kaggle/input/datasets/isthisdeception/ds0002-diff-official-test/raw/DS0002/test/I2I
DS0002,LoRA/LoRA/id_1294/._lora_024_000.png,CORRUPT_IMAGE,/kaggle/input/datasets/isthisdeception/ds0002-diff-official-test/raw/DS0002/test/I2I
DS0002,LoRA/LoRA/id_2482/._Angelica_Celaya_lora_001_000.png,CORRUPT_IMAGE,/kaggle/input/datasets/isthisdeception/ds0002-diff-official-test/raw/DS0002/test/I2I
DS0002,LoRA/LoRA/id_2482/._Angelica_Celaya_lora_002_000.png,CORRUPT_IMAGE,/kaggle/input/datasets/isthisdeception/ds0002-diff-official-test/raw/DS0002/test/I2I
DS0002,LoRA/LoRA/id_2482/._Angelica_Celaya_lora_003_000.png,CORRUPT_IMAGE,/kaggle/input/datasets/isthisdeception/ds0002-diff-official-test/raw/DS0002/test/I2I
DS0002,LoRA/LoRA/id_2482/._Angelica_Celaya_lora_004_000.png,CORRUPT_IMAGE,/kaggle/input/datasets/isthisdeception/ds0002-diff-official-test/raw/DS0002/test/I2I
DS0002,LoRA/LoRA/id_2482/._Angelica_Celaya_lora_005_000.png,CORRUPT_IMAGE,/kaggle/input/datasets/isthisdeception/ds0002-diff-official-test/raw/DS0002/test/I2I
DS0002,LoRA/LoRA/id_2482/._Angelica_Celaya_lora_006_000.png,CORRUPT_IMAGE,/kaggle/input/datasets/isthisdeception/ds0002-diff-official-test/raw/DS0002/test/I2I
DS0002,LoRA/LoRA/id_2482/._Angelica_Celaya_lora_007_000.png,CORRUPT_IMAGE,/kaggle/input/datasets/isthisdeception/ds0002-diff-official-test/raw/DS0002/test/I2I
DS0002,LoRA/LoRA/id_2482/._Angelica_Celaya_lora_008_000.png,CORRUPT_IMAGE,/kaggle/input/datasets/isthisdeception/ds0002-diff-official-test/raw/DS0002/test/I2I
DS0002,LoRA/LoRA/id_2482/._lora_001_000.png,CORRUPT_IMAGE,/kaggle/input/datasets/isthisdeception/ds0002-diff-official-test/raw/DS0002/test/I2I
DS0002,LoRA/LoRA/id_2482/._lora_002_000.png,CORRUPT_IMAGE,/kaggle/input/datasets/isthisdeception/ds0002-diff-official-test/raw/DS0002/test/I2I
DS0002,LoRA/LoRA/id_2482/._lora_003_000.png,CORRUPT_IMAGE,/kaggle/input/datasets/isthisdeception/ds0002-diff-official-test/raw/DS0002/test/I2I
DS0002,LoRA/LoRA/id_2482/._lora_004_000.png,CORRUPT_IMAGE,/kaggle/input/datasets/isthisdeception/ds0002-diff-official-test/raw/DS0002/test/I2I
DS0002,LoRA/LoRA/id_2482/._lora_005_000.png,CORRUPT_IMAGE,/kaggle/input/datasets/isthisdeception/ds0002-diff-official-test/raw/DS0002/test/I2I
DS0002,LoRA/LoRA/id_2482/._lora_006_000.png,CORRUPT_IMAGE,/kaggle/input/datasets/isthisdeception/ds0002-diff-official-test/raw/DS0002/test/I2I
DS0002,LoRA/LoRA/id_2482/._lora_007_000.png,CORRUPT_IMAGE,/kaggle/input/datasets/isthisdeception/ds0002-diff-official-test/raw/DS0002/test/I2I
DS0002,LoRA/LoRA/id_2482/._lora_008_000.png,CORRUPT_IMAGE,/kaggle/input/datasets/isthisdeception/ds0002-diff-official-test/raw/DS0002/test/I2I
DS0002,LoRA/LoRA/id_1994/._lora_001_000.png,CORRUPT_IMAGE,/kaggle/input/datasets/isthisdeception/ds0002-diff-official-test/raw/DS0002/test/I2I
DS0002,LoRA/LoRA/id_1994/._lora_002_000.png,CORRUPT_IMAGE,/kaggle/input/datasets/isthisdeception/ds0002-diff-official-test/raw/DS0002/test/I2I
DS0002,LoRA/LoRA/id_1994/._lora_003_000.png,CORRUPT_IMAGE,/kaggle/input/datasets/isthisdeception/ds0002-diff-official-test/raw/DS0002/test/I2I
DS0002,LoRA/LoRA/id_1994/._lora_004_000.png,CORRUPT_IMAGE,/kaggle/input/datasets/isthisdeception/ds0002-diff-official-test/raw/DS0002/test/I2I
DS0002,LoRA/LoRA/id_1994/._lora_005_000.png,CORRUPT_IMAGE,/kaggle/input/datasets/isthisdeception/ds0002-diff-official-test/raw/DS0002/test/I2I
DS0002,LoRA/LoRA/id_1994/._lora_006_000.png,CORRUPT_IMAGE,/kaggle/input/datasets/isthisdeception/ds0002-diff-official-test/raw/DS0002/test/I2I
DS0002,LoRA/LoRA/id_1994/._lora_007_000.png,CORRUPT_IMAGE,/kaggle/input/datasets/isthisdeception/ds0002-diff-official-test/raw/DS0002/test/I2I
DS0002,LoRA/LoRA/id_1994/._lora_008_000.png,CORRUPT_IMAGE,/kaggle/input/datasets/isthisdeception/ds0002-diff-official-test/raw/DS0002/test/I2I
DS0002,LoRA/LoRA/id_2160/._Abhay_Deol_lora_001_000.png,CORRUPT_IMAGE,/kaggle/input/datasets/isthisdeception/ds0002-diff-official-test/raw/DS0002/test/I2I
DS0002,LoRA/LoRA/id_2160/._Abhay_Deol_lora_002_000.png,CORRUPT_IMAGE,/kaggle/input/datasets/isthisdeception/ds0002-diff-official-test/raw/DS0002/test/I2I
DS0002,LoRA/LoRA/id_2160/._Abhay_Deol_lora_003_000.png,CORRUPT_IMAGE,/kaggle/input/datasets/isthisdeception/ds0002-diff-official-test/raw/DS0002/test/I2I
DS0002,LoRA/LoRA/id_2160/._Abhay_Deol_lora_004_000.png,CORRUPT_IMAGE,/kaggle/input/datasets/isthisdeception/ds0002-diff-official-test/raw/DS0002/test/I2I
DS0002,LoRA/LoRA/id_2160/._Abhay_Deol_lora_005_000.png,CORRUPT_IMAGE,/kaggle/input/datasets/isthisdeception/ds0002-diff-official-test/raw/DS0002/test/I2I
DS0002,LoRA/LoRA/id_2160/._Abhay_Deol_lora_006_000.png,CORRUPT_IMAGE,/kaggle/input/datasets/isthisdeception/ds0002-diff-official-test/raw/DS0002/test/I2I
DS0002,LoRA/LoRA/id_2160/._Abhay_Deol_lora_007_000.png,CORRUPT_IMAGE,/kaggle/input/datasets/isthisdeception/ds0002-diff-official-test/raw/DS0002/test/I2I
DS0002,LoRA/LoRA/id_2160/._Abhay_Deol_lora_008_000.png,CORRUPT_IMAGE,/kaggle/input/datasets/isthisdeception/ds0002-diff-official-test/raw/DS0002/test/I2I
DS0002,LoRA/LoRA/id_2160/._Abhay_Deol_lora_009_000.png,CORRUPT_IMAGE,/kaggle/input/datasets/isthisdeception/ds0002-diff-official-test/raw/DS0002/test/I2I
DS0002,LoRA/LoRA/id_2160/._Abhay_Deol_lora_010_000.png,CORRUPT_IMAGE,/kaggle/input/datasets/isthisdeception/ds0002-diff-official-test/raw/DS0002/test/I2I
DS0002,LoRA/LoRA/id_2160/._Abhay_Deol_lora_011_000.png,CORRUPT_IMAGE,/kaggle/input/datasets/isthisdeception/ds0002-diff-official-test/raw/DS0002/test/I2I
DS0002,LoRA/LoRA/id_2160/._Abhay_Deol_lora_012_000.png,CORRUPT_IMAGE,/kaggle/input/datasets/isthisdeception/ds0002-diff-official-test/raw/DS0002/test/I2I
DS0002,LoRA/LoRA/id_2160/._lora_001_000.png,CORRUPT_IMAGE,/kaggle/input/datasets/isthisdeception/ds0002-diff-official-test/raw/DS0002/test/I2I
DS0002,LoRA/LoRA/id_2160/._lora_002_000.png,CORRUPT_IMAGE,/kaggle/input/datasets/isthisdeception/ds0002-diff-official-test/raw/DS0002/test/I2I
DS0002,LoRA/LoRA/id_2160/._lora_003_000.png,CORRUPT_IMAGE,/kaggle/input/datasets/isthisdeception/ds0002-diff-official-test/raw/DS0002/test/I2I
DS0002,LoRA/LoRA/id_2160/._lora_004_000.png,CORRUPT_IMAGE,/kaggle/input/datasets/isthisdeception/ds0002-diff-official-test/raw/DS0002/test/I2I
DS0002,LoRA/LoRA/id_2160/._lora_005_000.png,CORRUPT_IMAGE,/kaggle/input/datasets/isthisdeception/ds0002-diff-official-test/raw/DS0002/test/I2I
DS0002,LoRA/LoRA/id_2160/._lora_006_000.png,CORRUPT_IMAGE,/kaggle/input/datasets/isthisdeception/ds0002-diff-official-test/raw/DS0002/test/I2I
DS0002,LoRA/LoRA/id_2160/._lora_007_000.png,CORRUPT_IMAGE,/kaggle/input/datasets/isthisdeception/ds0002-diff-official-test/raw/DS0002/test/I2I
DS0002,LoRA/LoRA/id_2160/._lora_008_000.png,CORRUPT_IMAGE,/kaggle/input/datasets/isthisdeception/ds0002-diff-official-test/raw/DS0002/test/I2I
DS0002,LoRA/LoRA/id_2160/._lora_009_000.png,CORRUPT_IMAGE,/kaggle/input/datasets/isthisdeception/ds0002-diff-official-test/raw/DS0002/test/I2I
DS0002,LoRA/LoRA/id_2160/._lora_010_000.png,CORRUPT_IMAGE,/kaggle/input/datasets/isthisdeception/ds0002-diff-official-test/raw/DS0002/test/I2I
DS0002,LoRA/LoRA/id_2160/._lora_011_000.png,CORRUPT_IMAGE,/kaggle/input/datasets/isthisdeception/ds0002-diff-official-test/raw/DS0002/test/I2I
DS0002,LoRA/LoRA/id_2160/._lora_012_000.png,CORRUPT_IMAGE,/kaggle/input/datasets/isthisdeception/ds0002-diff-official-test/raw/DS0002/test/I2I
DS0002,LoRA/LoRA/id_1621/._Bárbara_Mori_lora_001_000.png,CORRUPT_IMAGE,/kaggle/input/datasets/isthisdeception/ds0002-diff-official-test/raw/DS0002/test/I2I
DS0002,LoRA/LoRA/id_1621/._Bárbara_Mori_lora_002_000.png,CORRUPT_IMAGE,/kaggle/input/datasets/isthisdeception/ds0002-diff-official-test/raw/DS0002/test/I2I
DS0002,LoRA/LoRA/id_1621/._Bárbara_Mori_lora_003_000.png,CORRUPT_IMAGE,/kaggle/input/datasets/isthisdeception/ds0002-diff-official-test/raw/DS0002/test/I2I
DS0002,LoRA/LoRA/id_1621/._Bárbara_Mori_lora_004_000.png,CORRUPT_IMAGE,/kaggle/input/datasets/isthisdeception/ds0002-diff-official-test/raw/DS0002/test/I2I
DS0002,LoRA/LoRA/id_1621/._Bárbara_Mori_lora_005_000.png,CORRUPT_IMAGE,/kaggle/input/datasets/isthisdeception/ds0002-diff-official-test/raw/DS0002/test/I2I
DS0002,LoRA/LoRA/id_1621/._Bárbara_Mori_lora_006_000.png,CORRUPT_IMAGE,/kaggle/input/datasets/isthisdeception/ds0002-diff-official-test/raw/DS0002/test/I2I
DS0002,LoRA/LoRA/id_1621/._Bárbara_Mori_lora_007_000.png,CORRUPT_IMAGE,/kaggle/input/datasets/isthisdeception/ds0002-diff-official-test/raw/DS0002/test/I2I
DS0002,LoRA/LoRA/id_1621/._Bárbara_Mori_lora_008_000.png,CORRUPT_IMAGE,/kaggle/input/datasets/isthisdeception/ds0002-diff-official-test/raw/DS0002/test/I2I
DS0002,LoRA/LoRA/id_1621/._lora_001_000.png,CORRUPT_IMAGE,/kaggle/input/datasets/isthisdeception/ds0002-diff-official-test/raw/DS0002/test/I2I
DS0002,LoRA/LoRA/id_1621/._lora_002_000.png,CORRUPT_IMAGE,/kaggle/input/datasets/isthisdeception/ds0002-diff-official-test/raw/DS0002/test/I2I
DS0002,LoRA/LoRA/id_1621/._lora_003_000.png,CORRUPT_IMAGE,/kaggle/input/datasets/isthisdeception/ds0002-diff-official-test/raw/DS0002/test/I2I
DS0002,LoRA/LoRA/id_1621/._lora_004_000.png,CORRUPT_IMAGE,/kaggle/input/datasets/isthisdeception/ds0002-diff-official-test/raw/DS0002/test/I2I
DS0002,LoRA/LoRA/id_1621/._lora_005_000.png,CORRUPT_IMAGE,/kaggle/input/datasets/isthisdeception/ds0002-diff-official-test/raw/DS0002/test/I2I
DS0002,LoRA/LoRA/id_1621/._lora_006_000.png,CORRUPT_IMAGE,/kaggle/input/datasets/isthisdeception/ds0002-diff-official-test/raw/DS0002/test/I2I
DS0002,LoRA/LoRA/id_1621/._lora_007_000.png,CORRUPT_IMAGE,/kaggle/input/datasets/isthisdeception/ds0002-diff-official-test/raw/DS0002/test/I2I
DS0002,LoRA/LoRA/id_1621/._lora_008_000.png,CORRUPT_IMAGE,/kaggle/input/datasets/isthisdeception/ds0002-diff-official-test/raw/DS0002/test/I2I
DS0002,LoRA/LoRA/id_1408/._lora_001_000.png,CORRUPT_IMAGE,/kaggle/input/datasets/isthisdeception/ds0002-diff-official-test/raw/DS0002/test/I2I
DS0002,LoRA/LoRA/id_1408/._lora_002_000.png,CORRUPT_IMAGE,/kaggle/input/datasets/isthisdeception/ds0002-diff-official-test/raw/DS0002/test/I2I
DS0002,LoRA/LoRA/id_1408/._lora_003_000.png,CORRUPT_IMAGE,/kaggle/input/datasets/isthisdeception/ds0002-diff-official-test/raw/DS0002/test/I2I
DS0002,LoRA/LoRA/id_1408/._lora_004_000.png,CORRUPT_IMAGE,/kaggle/input/datasets/isthisdeception/ds0002-diff-official-test/raw/DS0002/test/I2I
DS0002,LoRA/LoRA/id_1408/._lora_005_000.png,CORRUPT_IMAGE,/kaggle/input/datasets/isthisdeception/ds0002-diff-official-test/raw/DS0002/test/I2I
DS0002,LoRA/LoRA/id_1408/._lora_006_000.png,CORRUPT_IMAGE,/kaggle/input/datasets/isthisdeception/ds0002-diff-official-test/raw/DS0002/test/I2I
DS0002,LoRA/LoRA/id_1408/._lora_007_000.png,CORRUPT_IMAGE,/kaggle/input/datasets/isthisdeception/ds0002-diff-official-test/raw/DS0002/test/I2I
DS0002,LoRA/LoRA/id_1408/._lora_008_000.png,CORRUPT_IMAGE,/kaggle/input/datasets/isthisdeception/ds0002-diff-official-test/raw/DS0002/test/I2I
DS0002,LoRA/LoRA/id_1408/._lora_009_000.png,CORRUPT_IMAGE,/kaggle/input/datasets/isthisdeception/ds0002-diff-official-test/raw/DS0002/test/I2I
DS0002,LoRA/LoRA/id_1408/._lora_010_000.png,CORRUPT_IMAGE,/kaggle/input/datasets/isthisdeception/ds0002-diff-official-test/raw/DS0002/test/I2I
DS0002,LoRA/LoRA/id_1408/._lora_011_000.png,CORRUPT_IMAGE,/kaggle/input/datasets/isthisdeception/ds0002-diff-official-test/raw/DS0002/test/I2I
DS0002,LoRA/LoRA/id_1408/._lora_012_000.png,CORRUPT_IMAGE,/kaggle/input/datasets/isthisdeception/ds0002-diff-official-test/raw/DS0002/test/I2I
DS0002,LoRA/LoRA/id_1310/._lora_002_000.png,CORRUPT_IMAGE,/kaggle/input/datasets/isthisdeception/ds0002-diff-official-test/raw/DS0002/test/I2I
DS0002,LoRA/LoRA/id_1310/._lora_004_000.png,CORRUPT_IMAGE,/kaggle/input/datasets/isthisdeception/ds0002-diff-official-test/raw/DS0002/test/I2I
DS0002,LoRA/LoRA/id_1918/._lora_001_000.png,CORRUPT_IMAGE,/kaggle/input/datasets/isthisdeception/ds0002-diff-official-test/raw/DS0002/test/I2I
DS0002,LoRA/LoRA/id_1918/._lora_003_000.png,CORRUPT_IMAGE,/kaggle/input/datasets/isthisdeception/ds0002-diff-official-test/raw/DS0002/test/I2I
DS0002,LoRA/LoRA/id_1918/._lora_004_000.png,CORRUPT_IMAGE,/kaggle/input/datasets/isthisdeception/ds0002-diff-official-test/raw/DS0002/test/I2I
DS0002,LoRA/LoRA/id_0948/._lora_001_000.png,CORRUPT_IMAGE,/kaggle/input/datasets/isthisdeception/ds0002-diff-official-test/raw/DS0002/test/I2I
DS0002,LoRA/LoRA/id_0948/._lora_002_000.png,CORRUPT_IMAGE,/kaggle/input/datasets/isthisdeception/ds0002-diff-official-test/raw/DS0002/test/I2I
DS0002,LoRA/LoRA/id_0948/._lora_003_000.png,CORRUPT_IMAGE,/kaggle/input/datasets/isthisdeception/ds0002-diff-official-test/raw/DS0002/test/I2I
DS0002,LoRA/LoRA/id_0948/._lora_004_000.png,CORRUPT_IMAGE,/kaggle/input/datasets/isthisdeception/ds0002-diff-official-test/raw/DS0002/test/I2I
DS0002,LoRA/LoRA/id_0948/._lora_005_000.png,CORRUPT_IMAGE,/kaggle/input/datasets/isthisdeception/ds0002-diff-official-test/raw/DS0002/test/I2I
DS0002,LoRA/LoRA/id_0948/._lora_006_000.png,CORRUPT_IMAGE,/kaggle/input/datasets/isthisdeception/ds0002-diff-official-test/raw/DS0002/test/I2I
DS0002,LoRA/LoRA/id_0948/._lora_007_000.png,CORRUPT_IMAGE,/kaggle/input/datasets/isthisdeception/ds0002-diff-official-test/raw/DS0002/test/I2I
DS0002,LoRA/LoRA/id_0948/._lora_008_000.png,CORRUPT_IMAGE,/kaggle/input/datasets/isthisdeception/ds0002-diff-official-test/raw/DS0002/test/I2I
DS0002,LoRA/LoRA/id_0948/._lora_009_000.png,CORRUPT_IMAGE,/kaggle/input/datasets/isthisdeception/ds0002-diff-official-test/raw/DS0002/test/I2I
DS0002,LoRA/LoRA/id_0948/._lora_010_000.png,CORRUPT_IMAGE,/kaggle/input/datasets/isthisdeception/ds0002-diff-official-test/raw/DS0002/test/I2I
DS0002,LoRA/LoRA/id_0948/._lora_011_000.png,CORRUPT_IMAGE,/kaggle/input/datasets/isthisdeception/ds0002-diff-official-test/raw/DS0002/test/I2I
DS0002,LoRA/LoRA/id_0948/._lora_012_000.png,CORRUPT_IMAGE,/kaggle/input/datasets/isthisdeception/ds0002-diff-official-test/raw/DS0002/test/I2I
DS0002,LoRA/LoRA/id_0948/._lora_013_000.png,CORRUPT_IMAGE,/kaggle/input/datasets/isthisdeception/ds0002-diff-official-test/raw/DS0002/test/I2I
DS0002,LoRA/LoRA/id_0948/._lora_014_000.png,CORRUPT_IMAGE,/kaggle/input/datasets/isthisdeception/ds0002-diff-official-test/raw/DS0002/test/I2I
DS0002,LoRA/LoRA/id_0948/._lora_015_000.png,CORRUPT_IMAGE,/kaggle/input/datasets/isthisdeception/ds0002-diff-official-test/raw/DS0002/test/I2I
DS0002,LoRA/LoRA/id_0948/._lora_016_000.png,CORRUPT_IMAGE,/kaggle/input/datasets/isthisdeception/ds0002-diff-official-test/raw/DS0002/test/I2I
DS0002,LoRA/LoRA/id_0948/._lora_017_000.png,CORRUPT_IMAGE,/kaggle/input/datasets/isthisdeception/ds0002-diff-official-test/raw/DS0002/test/I2I
DS0002,LoRA/LoRA/id_0948/._lora_018_000.png,CORRUPT_IMAGE,/kaggle/input/datasets/isthisdeception/ds0002-diff-official-test/raw/DS0002/test/I2I
DS0002,LoRA/LoRA/id_0948/._lora_019_000.png,CORRUPT_IMAGE,/kaggle/input/datasets/isthisdeception/ds0002-diff-official-test/raw/DS0002/test/I2I
DS0002,LoRA/LoRA/id_0948/._lora_020_000.png,CORRUPT_IMAGE,/kaggle/input/datasets/isthisdeception/ds0002-diff-official-test/raw/DS0002/test/I2I
DS0002,LoRA/LoRA/id_0948/._lora_021_000.png,CORRUPT_IMAGE,/kaggle/input/datasets/isthisdeception/ds0002-diff-official-test/raw/DS0002/test/I2I
DS0002,LoRA/LoRA/id_0948/._lora_022_000.png,CORRUPT_IMAGE,/kaggle/input/datasets/isthisdeception/ds0002-diff-official-test/raw/DS0002/test/I2I
DS0002,LoRA/LoRA/id_0948/._lora_023_000.png,CORRUPT_IMAGE,/kaggle/input/datasets/isthisdeception/ds0002-diff-official-test/raw/DS0002/test/I2I
DS0002,LoRA/LoRA/id_0948/._lora_024_000.png,CORRUPT_IMAGE,/kaggle/input/datasets/isthisdeception/ds0002-diff-official-test/raw/DS0002/test/I2I
DS0002,LoRA/LoRA/id_0948/._lora_025_000.png,CORRUPT_IMAGE,/kaggle/input/datasets/isthisdeception/ds0002-diff-official-test/raw/DS0002/test/I2I
DS0002,LoRA/LoRA/id_0948/._lora_026_000.png,CORRUPT_IMAGE,/kaggle/input/datasets/isthisdeception/ds0002-diff-official-test/raw/DS0002/test/I2I
DS0002,LoRA/LoRA/id_0948/._lora_027_000.png,CORRUPT_IMAGE,/kaggle/input/datasets/isthisdeception/ds0002-diff-official-test/raw/DS0002/test/I2I
DS0002,LoRA/LoRA/id_0948/._lora_028_000.png,CORRUPT_IMAGE,/kaggle/input/datasets/isthisdeception/ds0002-diff-official-test/raw/DS0002/test/I2I
DS0002,LoRA/LoRA/id_0948/._lora_029_000.png,CORRUPT_IMAGE,/kaggle/input/datasets/isthisdeception/ds0002-diff-official-test/raw/DS0002/test/I2I
DS0002,LoRA/LoRA/id_0948/._lora_030_000.png,CORRUPT_IMAGE,/kaggle/input/datasets/isthisdeception/ds0002-diff-official-test/raw/DS0002/test/I2I
DS0002,LoRA/LoRA/id_0948/._lora_031_000.png,CORRUPT_IMAGE,/kaggle/input/datasets/isthisdeception/ds0002-diff-official-test/raw/DS0002/test/I2I
DS0002,LoRA/LoRA/id_0948/._lora_032_000.png,CORRUPT_IMAGE,/kaggle/input/datasets/isthisdeception/ds0002-diff-official-test/raw/DS0002/test/I2I
DS0002,LoRA/LoRA/id_0948/._lora_033_000.png,CORRUPT_IMAGE,/kaggle/input/datasets/isthisdeception/ds0002-diff-official-test/raw/DS0002/test/I2I
DS0002,LoRA/LoRA/id_0948/._lora_034_000.png,CORRUPT_IMAGE,/kaggle/input/datasets/isthisdeception/ds0002-diff-official-test/raw/DS0002/test/I2I
DS0002,LoRA/LoRA/id_0948/._lora_035_000.png,CORRUPT_IMAGE,/kaggle/input/datasets/isthisdeception/ds0002-diff-official-test/raw/DS0002/test/I2I
DS0002,LoRA/LoRA/id_0948/._lora_036_000.png,CORRUPT_IMAGE,/kaggle/input/datasets/isthisdeception/ds0002-diff-official-test/raw/DS0002/test/I2I
DS0002,LoRA/LoRA/id_0948/._lora_037_000.png,CORRUPT_IMAGE,/kaggle/input/datasets/isthisdeception/ds0002-diff-official-test/raw/DS0002/test/I2I
DS0002,LoRA/LoRA/id_0948/._lora_038_000.png,CORRUPT_IMAGE,/kaggle/input/datasets/isthisdeception/ds0002-diff-official-test/raw/DS0002/test/I2I
DS0002,LoRA/LoRA/id_0948/._lora_039_000.png,CORRUPT_IMAGE,/kaggle/input/datasets/isthisdeception/ds0002-diff-official-test/raw/DS0002/test/I2I
DS0002,LoRA/LoRA/id_0948/._lora_040_000.png,CORRUPT_IMAGE,/kaggle/input/datasets/isthisdeception/ds0002-diff-official-test/raw/DS0002/test/I2I
DS0002,LoRA/LoRA/id_0948/._lora_041_000.png,CORRUPT_IMAGE,/kaggle/input/datasets/isthisdeception/ds0002-diff-official-test/raw/DS0002/test/I2I
DS0002,LoRA/LoRA/id_0948/._lora_042_000.png,CORRUPT_IMAGE,/kaggle/input/datasets/isthisdeception/ds0002-diff-official-test/raw/DS0002/test/I2I
DS0002,LoRA/LoRA/id_0948/._lora_043_000.png,CORRUPT_IMAGE,/kaggle/input/datasets/isthisdeception/ds0002-diff-official-test/raw/DS0002/test/I2I
DS0002,LoRA/LoRA/id_0948/._lora_044_000.png,CORRUPT_IMAGE,/kaggle/input/datasets/isthisdeception/ds0002-diff-official-test/raw/DS0002/test/I2I
DS0002,LoRA/LoRA/id_0948/._lora_045_000.png,CORRUPT_IMAGE,/kaggle/input/datasets/isthisdeception/ds0002-diff-official-test/raw/DS0002/test/I2I
DS0002,LoRA/LoRA/id_0948/._lora_046_000.png,CORRUPT_IMAGE,/kaggle/input/datasets/isthisdeception/ds0002-diff-official-test/raw/DS0002/test/I2I
DS0002,LoRA/LoRA/id_0948/._lora_047_000.png,CORRUPT_IMAGE,/kaggle/input/datasets/isthisdeception/ds0002-diff-official-test/raw/DS0002/test/I2I
DS0002,LoRA/LoRA/id_0948/._lora_048_000.png,CORRUPT_IMAGE,/kaggle/input/datasets/isthisdeception/ds0002-diff-official-test/raw/DS0002/test/I2I
DS0002,LoRA/LoRA/id_0948/._lora_049_000.png,CORRUPT_IMAGE,/kaggle/input/datasets/isthisdeception/ds0002-diff-official-test/raw/DS0002/test/I2I
DS0002,LoRA/LoRA/id_0948/._lora_050_000.png,CORRUPT_IMAGE,/kaggle/input/datasets/isthisdeception/ds0002-diff-official-test/raw/DS0002/test/I2I
DS0002,LoRA/LoRA/id_0948/._lora_051_000.png,CORRUPT_IMAGE,/kaggle/input/datasets/isthisdeception/ds0002-diff-official-test/raw/DS0002/test/I2I
DS0002,LoRA/LoRA/id_0948/._lora_052_000.png,CORRUPT_IMAGE,/kaggle/input/datasets/isthisdeception/ds0002-diff-official-test/raw/DS0002/test/I2I
DS0002,LoRA/LoRA/id_0948/._lora_053_000.png,CORRUPT_IMAGE,/kaggle/input/datasets/isthisdeception/ds0002-diff-official-test/raw/DS0002/test/I2I
DS0002,LoRA/LoRA/id_0948/._lora_054_000.png,CORRUPT_IMAGE,/kaggle/input/datasets/isthisdeception/ds0002-diff-official-test/raw/DS0002/test/I2I
DS0002,LoRA/LoRA/id_0948/._lora_055_000.png,CORRUPT_IMAGE,/kaggle/input/datasets/isthisdeception/ds0002-diff-official-test/raw/DS0002/test/I2I
DS0002,LoRA/LoRA/id_0948/._lora_056_000.png,CORRUPT_IMAGE,/kaggle/input/datasets/isthisdeception/ds0002-diff-official-test/raw/DS0002/test/I2I
DS0002,LoRA/LoRA/id_0948/._lora_057_000.png,CORRUPT_IMAGE,/kaggle/input/datasets/isthisdeception/ds0002-diff-official-test/raw/DS0002/test/I2I
DS0002,LoRA/LoRA/id_0948/._lora_058_000.png,CORRUPT_IMAGE,/kaggle/input/datasets/isthisdeception/ds0002-diff-official-test/raw/DS0002/test/I2I
DS0002,LoRA/LoRA/id_0948/._lora_059_000.png,CORRUPT_IMAGE,/kaggle/input/datasets/isthisdeception/ds0002-diff-official-test/raw/DS0002/test/I2I
DS0002,LoRA/LoRA/id_0948/._lora_060_000.png,CORRUPT_IMAGE,/kaggle/input/datasets/isthisdeception/ds0002-diff-official-test/raw/DS0002/test/I2I
DS0002,LoRA/LoRA/id_1556/._lora_001_000.png,CORRUPT_IMAGE,/kaggle/input/datasets/isthisdeception/ds0002-diff-official-test/raw/DS0002/test/I2I
DS0002,LoRA/LoRA/id_1556/._lora_002_000.png,CORRUPT_IMAGE,/kaggle/input/datasets/isthisdeception/ds0002-diff-official-test/raw/DS0002/test/I2I
DS0002,LoRA/LoRA/id_1556/._lora_003_000.png,CORRUPT_IMAGE,/kaggle/input/datasets/isthisdeception/ds0002-diff-official-test/raw/DS0002/test/I2I
DS0002,LoRA/LoRA/id_1556/._lora_004_000.png,CORRUPT_IMAGE,/kaggle/input/datasets/isthisdeception/ds0002-diff-official-test/raw/DS0002/test/I2I
DS0002,LoRA/LoRA/id_0272/._Angelica_Panganiban_lora_001_000.png,CORRUPT_IMAGE,/kaggle/input/datasets/isthisdeception/ds0002-diff-official-test/raw/DS0002/test/I2I
DS0002,LoRA/LoRA/id_0272/._Angelica_Panganiban_lora_002_000.png,CORRUPT_IMAGE,/kaggle/input/datasets/isthisdeception/ds0002-diff-official-test/raw/DS0002/test/I2I
DS0002,LoRA/LoRA/id_0272/._Angelica_Panganiban_lora_003_000.png,CORRUPT_IMAGE,/kaggle/input/datasets/isthisdeception/ds0002-diff-official-test/raw/DS0002/test/I2I
DS0002,LoRA/LoRA/id_0272/._Angelica_Panganiban_lora_004_000.png,CORRUPT_IMAGE,/kaggle/input/datasets/isthisdeception/ds0002-diff-official-test/raw/DS0002/test/I2I
DS0002,LoRA/LoRA/id_0272/._lora_001_000.png,CORRUPT_IMAGE,/kaggle/input/datasets/isthisdeception/ds0002-diff-official-test/raw/DS0002/test/I2I
DS0002,LoRA/LoRA/id_0272/._lora_003_000.png,CORRUPT_IMAGE,/kaggle/input/datasets/isthisdeception/ds0002-diff-official-test/raw/DS0002/test/I2I
DS0002,LoRA/LoRA/id_0272/._lora_004_000.png,CORRUPT_IMAGE,/kaggle/input/datasets/isthisdeception/ds0002-diff-official-test/raw/DS0002/test/I2I
DS0002,LoRA/LoRA/id_0434/._Amy_Acker_lora_001_000.png,CORRUPT_IMAGE,/kaggle/input/datasets/isthisdeception/ds0002-diff-official-test/raw/DS0002/test/I2I
DS0002,LoRA/LoRA/id_0434/._Amy_Acker_lora_002_000.png,CORRUPT_IMAGE,/kaggle/input/datasets/isthisdeception/ds0002-diff-official-test/raw/DS0002/test/I2I
DS0002,LoRA/LoRA/id_0434/._Amy_Acker_lora_003_000.png,CORRUPT_IMAGE,/kaggle/input/datasets/isthisdeception/ds0002-diff-official-test/raw/DS0002/test/I2I
DS0002,LoRA/LoRA/id_0434/._Amy_Acker_lora_004_000.png,CORRUPT_IMAGE,/kaggle/input/datasets/isthisdeception/ds0002-diff-official-test/raw/DS0002/test/I2I
DS0002,LoRA/LoRA/id_0434/._Amy_Acker_lora_005_000.png,CORRUPT_IMAGE,/kaggle/input/datasets/isthisdeception/ds0002-diff-official-test/raw/DS0002/test/I2I
DS0002,LoRA/LoRA/id_0434/._Amy_Acker_lora_006_000.png,CORRUPT_IMAGE,/kaggle/input/datasets/isthisdeception/ds0002-diff-official-test/raw/DS0002/test/I2I
DS0002,LoRA/LoRA/id_0434/._Amy_Acker_lora_007_000.png,CORRUPT_IMAGE,/kaggle/input/datasets/isthisdeception/ds0002-diff-official-test/raw/DS0002/test/I2I
DS0002,LoRA/LoRA/id_0434/._Amy_Acker_lora_008_000.png,CORRUPT_IMAGE,/kaggle/input/datasets/isthisdeception/ds0002-diff-official-test/raw/DS0002/test/I2I
DS0002,LoRA/LoRA/id_0434/._Amy_Acker_lora_009_000.png,CORRUPT_IMAGE,/kaggle/input/datasets/isthisdeception/ds0002-diff-official-test/raw/DS0002/test/I2I
DS0002,LoRA/LoRA/id_0434/._Amy_Acker_lora_010_000.png,CORRUPT_IMAGE,/kaggle/input/datasets/isthisdeception/ds0002-diff-official-test/raw/DS0002/test/I2I
DS0002,LoRA/LoRA/id_0434/._Amy_Acker_lora_011_000.png,CORRUPT_IMAGE,/kaggle/input/datasets/isthisdeception/ds0002-diff-official-test/raw/DS0002/test/I2I
DS0002,LoRA/LoRA/id_0434/._Amy_Acker_lora_012_000.png,CORRUPT_IMAGE,/kaggle/input/datasets/isthisdeception/ds0002-diff-official-test/raw/DS0002/test/I2I
DS0002,LoRA/LoRA/id_0434/._lora_001_000.png,CORRUPT_IMAGE,/kaggle/input/datasets/isthisdeception/ds0002-diff-official-test/raw/DS0002/test/I2I
DS0002,LoRA/LoRA/id_0434/._lora_002_000.png,CORRUPT_IMAGE,/kaggle/input/datasets/isthisdeception/ds0002-diff-official-test/raw/DS0002/test/I2I
DS0002,LoRA/LoRA/id_0434/._lora_003_000.png,CORRUPT_IMAGE,/kaggle/input/datasets/isthisdeception/ds0002-diff-official-test/raw/DS0002/test/I2I
DS0002,LoRA/LoRA/id_0434/._lora_004_000.png,CORRUPT_IMAGE,/kaggle/input/datasets/isthisdeception/ds0002-diff-official-test/raw/DS0002/test/I2I
DS0002,LoRA/LoRA/id_0434/._lora_005_000.png,CORRUPT_IMAGE,/kaggle/input/datasets/isthisdeception/ds0002-diff-official-test/raw/DS0002/test/I2I
DS0002,LoRA/LoRA/id_0434/._lora_006_000.png,CORRUPT_IMAGE,/kaggle/input/datasets/isthisdeception/ds0002-diff-official-test/raw/DS0002/test/I2I
DS0002,LoRA/LoRA/id_0434/._lora_007_000.png,CORRUPT_IMAGE,/kaggle/input/datasets/isthisdeception/ds0002-diff-official-test/raw/DS0002/test/I2I
DS0002,LoRA/LoRA/id_0434/._lora_008_000.png,CORRUPT_IMAGE,/kaggle/input/datasets/isthisdeception/ds0002-diff-official-test/raw/DS0002/test/I2I
DS0002,LoRA/LoRA/id_0434/._lora_009_000.png,CORRUPT_IMAGE,/kaggle/input/datasets/isthisdeception/ds0002-diff-official-test/raw/DS0002/test/I2I
DS0002,LoRA/LoRA/id_0434/._lora_010_000.png,CORRUPT_IMAGE,/kaggle/input/datasets/isthisdeception/ds0002-diff-official-test/raw/DS0002/test/I2I
DS0002,LoRA/LoRA/id_0434/._lora_012_000.png,CORRUPT_IMAGE,/kaggle/input/datasets/isthisdeception/ds0002-diff-official-test/raw/DS0002/test/I2I
DS0002,LoRA/LoRA/id_1646/._lora_001_000.png,CORRUPT_IMAGE,/kaggle/input/datasets/isthisdeception/ds0002-diff-official-test/raw/DS0002/test/I2I
DS0002,LoRA/LoRA/id_1646/._lora_002_000.png,CORRUPT_IMAGE,/kaggle/input/datasets/isthisdeception/ds0002-diff-official-test/raw/DS0002/test/I2I
DS0002,LoRA/LoRA/id_1646/._lora_003_000.png,CORRUPT_IMAGE,/kaggle/input/datasets/isthisdeception/ds0002-diff-official-test/raw/DS0002/test/I2I
DS0002,LoRA/LoRA/id_1646/._lora_004_000.png,CORRUPT_IMAGE,/kaggle/input/datasets/isthisdeception/ds0002-diff-official-test/raw/DS0002/test/I2I
DS0002,LoRA/LoRA/id_1974/._lora_002_000.png,CORRUPT_IMAGE,/kaggle/input/datasets/isthisdeception/ds0002-diff-official-test/raw/DS0002/test/I2I
DS0002,LoRA/LoRA/id_1974/._lora_003_000.png,CORRUPT_IMAGE,/kaggle/input/datasets/isthisdeception/ds0002-diff-official-test/raw/DS0002/test/I2I
DS0002,LoRA/LoRA/id_1974/._lora_004_000.png,CORRUPT_IMAGE,/kaggle/input/datasets/isthisdeception/ds0002-diff-official-test/raw/DS0002/test/I2I
DS0002,LoRA/LoRA/id_1974/._lora_005_000.png,CORRUPT_IMAGE,/kaggle/input/datasets/isthisdeception/ds0002-diff-official-test/raw/DS0002/test/I2I
DS0002,LoRA/LoRA/id_1974/._lora_006_000.png,CORRUPT_IMAGE,/kaggle/input/datasets/isthisdeception/ds0002-diff-official-test/raw/DS0002/test/I2I
DS0002,LoRA/LoRA/id_1974/._lora_007_000.png,CORRUPT_IMAGE,/kaggle/input/datasets/isthisdeception/ds0002-diff-official-test/raw/DS0002/test/I2I
DS0002,LoRA/LoRA/id_1974/._lora_009_000.png,CORRUPT_IMAGE,/kaggle/input/datasets/isthisdeception/ds0002-diff-official-test/raw/DS0002/test/I2I
DS0002,LoRA/LoRA/id_1974/._lora_010_000.png,CORRUPT_IMAGE,/kaggle/input/datasets/isthisdeception/ds0002-diff-official-test/raw/DS0002/test/I2I
DS0002,LoRA/LoRA/id_2426/._lora_001_000.png,CORRUPT_IMAGE,/kaggle/input/datasets/isthisdeception/ds0002-diff-official-test/raw/DS0002/test/I2I
DS0002,LoRA/LoRA/id_2426/._lora_002_000.png,CORRUPT_IMAGE,/kaggle/input/datasets/isthisdeception/ds0002-diff-official-test/raw/DS0002/test/I2I
DS0002,LoRA/LoRA/id_2426/._lora_003_000.png,CORRUPT_IMAGE,/kaggle/input/datasets/isthisdeception/ds0002-diff-official-test/raw/DS0002/test/I2I
DS0002,LoRA/LoRA/id_2426/._lora_004_000.png,CORRUPT_IMAGE,/kaggle/input/datasets/isthisdeception/ds0002-diff-official-test/raw/DS0002/test/I2I
DS0002,LoRA/LoRA/id_2426/._lora_005_000.png,CORRUPT_IMAGE,/kaggle/input/datasets/isthisdeception/ds0002-diff-official-test/raw/DS0002/test/I2I
DS0002,LoRA/LoRA/id_2426/._lora_006_000.png,CORRUPT_IMAGE,/kaggle/input/datasets/isthisdeception/ds0002-diff-official-test/raw/DS0002/test/I2I
DS0002,LoRA/LoRA/id_2426/._lora_007_000.png,CORRUPT_IMAGE,/kaggle/input/datasets/isthisdeception/ds0002-diff-official-test/raw/DS0002/test/I2I
DS0002,LoRA/LoRA/id_2426/._lora_008_000.png,CORRUPT_IMAGE,/kaggle/input/datasets/isthisdeception/ds0002-diff-official-test/raw/DS0002/test/I2I
DS0002,LoRA/LoRA/id_2426/._lora_009_000.png,CORRUPT_IMAGE,/kaggle/input/datasets/isthisdeception/ds0002-diff-official-test/raw/DS0002/test/I2I
DS0002,LoRA/LoRA/id_2426/._lora_010_000.png,CORRUPT_IMAGE,/kaggle/input/datasets/isthisdeception/ds0002-diff-official-test/raw/DS0002/test/I2I
DS0002,LoRA/LoRA/id_2426/._lora_011_000.png,CORRUPT_IMAGE,/kaggle/input/datasets/isthisdeception/ds0002-diff-official-test/raw/DS0002/test/I2I
DS0002,LoRA/LoRA/id_2426/._lora_012_000.png,CORRUPT_IMAGE,/kaggle/input/datasets/isthisdeception/ds0002-diff-official-test/raw/DS0002/test/I2I
DS0002,LoRA/LoRA/id_0620/._Alexandra_Socha_lora_001_000.png,CORRUPT_IMAGE,/kaggle/input/datasets/isthisdeception/ds0002-diff-official-test/raw/DS0002/test/I2I
DS0002,LoRA/LoRA/id_0620/._Alexandra_Socha_lora_002_000.png,CORRUPT_IMAGE,/kaggle/input/datasets/isthisdeception/ds0002-diff-official-test/raw/DS0002/test/I2I
DS0002,LoRA/LoRA/id_0620/._Alexandra_Socha_lora_003_000.png,CORRUPT_IMAGE,/kaggle/input/datasets/isthisdeception/ds0002-diff-official-test/raw/DS0002/test/I2I
DS0002,LoRA/LoRA/id_0620/._Alexandra_Socha_lora_004_000.png,CORRUPT_IMAGE,/kaggle/input/datasets/isthisdeception/ds0002-diff-official-test/raw/DS0002/test/I2I
DS0002,LoRA/LoRA/id_0620/._Alexandra_Socha_lora_005_000.png,CORRUPT_IMAGE,/kaggle/input/datasets/isthisdeception/ds0002-diff-official-test/raw/DS0002/test/I2I
DS0002,LoRA/LoRA/id_0620/._Alexandra_Socha_lora_006_000.png,CORRUPT_IMAGE,/kaggle/input/datasets/isthisdeception/ds0002-diff-official-test/raw/DS0002/test/I2I
DS0002,LoRA/LoRA/id_0620/._Alexandra_Socha_lora_007_000.png,CORRUPT_IMAGE,/kaggle/input/datasets/isthisdeception/ds0002-diff-official-test/raw/DS0002/test/I2I
DS0002,LoRA/LoRA/id_0620/._Alexandra_Socha_lora_008_000.png,CORRUPT_IMAGE,/kaggle/input/datasets/isthisdeception/ds0002-diff-official-test/raw/DS0002/test/I2I
DS0002,LoRA/LoRA/id_0620/._Alexandra_Socha_lora_009_000.png,CORRUPT_IMAGE,/kaggle/input/datasets/isthisdeception/ds0002-diff-official-test/raw/DS0002/test/I2I
DS0002,LoRA/LoRA/id_0620/._Alexandra_Socha_lora_010_000.png,CORRUPT_IMAGE,/kaggle/input/datasets/isthisdeception/ds0002-diff-official-test/raw/DS0002/test/I2I
DS0002,LoRA/LoRA/id_0620/._Alexandra_Socha_lora_011_000.png,CORRUPT_IMAGE,/kaggle/input/datasets/isthisdeception/ds0002-diff-official-test/raw/DS0002/test/I2I
DS0002,LoRA/LoRA/id_0620/._Alexandra_Socha_lora_012_000.png,CORRUPT_IMAGE,/kaggle/input/datasets/isthisdeception/ds0002-diff-official-test/raw/DS0002/test/I2I
DS0002,LoRA/LoRA/id_0620/._lora_001_000.png,CORRUPT_IMAGE,/kaggle/input/datasets/isthisdeception/ds0002-diff-official-test/raw/DS0002/test/I2I
DS0002,LoRA/LoRA/id_0620/._lora_002_000.png,CORRUPT_IMAGE,/kaggle/input/datasets/isthisdeception/ds0002-diff-official-test/raw/DS0002/test/I2I
DS0002,LoRA/LoRA/id_0620/._lora_003_000.png,CORRUPT_IMAGE,/kaggle/input/datasets/isthisdeception/ds0002-diff-official-test/raw/DS0002/test/I2I
DS0002,LoRA/LoRA/id_0620/._lora_004_000.png,CORRUPT_IMAGE,/kaggle/input/datasets/isthisdeception/ds0002-diff-official-test/raw/DS0002/test/I2I
DS0002,LoRA/LoRA/id_0620/._lora_005_000.png,CORRUPT_IMAGE,/kaggle/input/datasets/isthisdeception/ds0002-diff-official-test/raw/DS0002/test/I2I
DS0002,LoRA/LoRA/id_0620/._lora_006_000.png,CORRUPT_IMAGE,/kaggle/input/datasets/isthisdeception/ds0002-diff-official-test/raw/DS0002/test/I2I
DS0002,LoRA/LoRA/id_0620/._lora_007_000.png,CORRUPT_IMAGE,/kaggle/input/datasets/isthisdeception/ds0002-diff-official-test/raw/DS0002/test/I2I
DS0002,LoRA/LoRA/id_0620/._lora_008_000.png,CORRUPT_IMAGE,/kaggle/input/datasets/isthisdeception/ds0002-diff-official-test/raw/DS0002/test/I2I
DS0002,LoRA/LoRA/id_0620/._lora_009_000.png,CORRUPT_IMAGE,/kaggle/input/datasets/isthisdeception/ds0002-diff-official-test/raw/DS0002/test/I2I
DS0002,LoRA/LoRA/id_0620/._lora_010_000.png,CORRUPT_IMAGE,/kaggle/input/datasets/isthisdeception/ds0002-diff-official-test/raw/DS0002/test/I2I
DS0002,LoRA/LoRA/id_0620/._lora_011_000.png,CORRUPT_IMAGE,/kaggle/input/datasets/isthisdeception/ds0002-diff-official-test/raw/DS0002/test/I2I
DS0002,LoRA/LoRA/id_0620/._lora_012_000.png,CORRUPT_IMAGE,/kaggle/input/datasets/isthisdeception/ds0002-diff-official-test/raw/DS0002/test/I2I
DS0002,LoRA/LoRA/id_2088/._Alexis_Valdés_lora_001_000.png,CORRUPT_IMAGE,/kaggle/input/datasets/isthisdeception/ds0002-diff-official-test/raw/DS0002/test/I2I
DS0002,LoRA/LoRA/id_2088/._Alexis_Valdés_lora_003_000.png,CORRUPT_IMAGE,/kaggle/input/datasets/isthisdeception/ds0002-diff-official-test/raw/DS0002/test/I2I
DS0002,LoRA/LoRA/id_2088/._Alexis_Valdés_lora_004_000.png,CORRUPT_IMAGE,/kaggle/input/datasets/isthisdeception/ds0002-diff-official-test/raw/DS0002/test/I2I
DS0002,LoRA/LoRA/id_2088/._lora_001_000.png,CORRUPT_IMAGE,/kaggle/input/datasets/isthisdeception/ds0002-diff-official-test/raw/DS0002/test/I2I
DS0002,LoRA/LoRA/id_2088/._lora_003_000.png,CORRUPT_IMAGE,/kaggle/input/datasets/isthisdeception/ds0002-diff-official-test/raw/DS0002/test/I2I
DS0002,LoRA/LoRA/id_2088/._lora_004_000.png,CORRUPT_IMAGE,/kaggle/input/datasets/isthisdeception/ds0002-diff-official-test/raw/DS0002/test/I2I
DS0002,LoRA/LoRA/id_1776/._lora_001_000.png,CORRUPT_IMAGE,/kaggle/input/datasets/isthisdeception/ds0002-diff-official-test/raw/DS0002/test/I2I
DS0002,LoRA/LoRA/id_1776/._lora_003_000.png,CORRUPT_IMAGE,/kaggle/input/datasets/isthisdeception/ds0002-diff-official-test/raw/DS0002/test/I2I
DS0002,LoRA/LoRA/id_1776/._lora_005_000.png,CORRUPT_IMAGE,/kaggle/input/datasets/isthisdeception/ds0002-diff-official-test/raw/DS0002/test/I2I
DS0002,LoRA/LoRA/id_1776/._lora_006_000.png,CORRUPT_IMAGE,/kaggle/input/datasets/isthisdeception/ds0002-diff-official-test/raw/DS0002/test/I2I
DS0002,LoRA/LoRA/id_1776/._lora_007_000.png,CORRUPT_IMAGE,/kaggle/input/datasets/isthisdeception/ds0002-diff-official-test/raw/DS0002/test/I2I
DS0002,LoRA/LoRA/id_1776/._lora_009_000.png,CORRUPT_IMAGE,/kaggle/input/datasets/isthisdeception/ds0002-diff-official-test/raw/DS0002/test/I2I
DS0002,LoRA/LoRA/id_1776/._lora_010_000.png,CORRUPT_IMAGE,/kaggle/input/datasets/isthisdeception/ds0002-diff-official-test/raw/DS0002/test/I2I
DS0002,LoRA/LoRA/id_1776/._lora_011_000.png,CORRUPT_IMAGE,/kaggle/input/datasets/isthisdeception/ds0002-diff-official-test/raw/DS0002/test/I2I
DS0002,LoRA/LoRA/id_1776/._lora_012_000.png,CORRUPT_IMAGE,/kaggle/input/datasets/isthisdeception/ds0002-diff-official-test/raw/DS0002/test/I2I
DS0002,LoRA/LoRA/id_1776/._lora_013_000.png,CORRUPT_IMAGE,/kaggle/input/datasets/isthisdeception/ds0002-diff-official-test/raw/DS0002/test/I2I
DS0002,LoRA/LoRA/id_1776/._lora_014_000.png,CORRUPT_IMAGE,/kaggle/input/datasets/isthisdeception/ds0002-diff-official-test/raw/DS0002/test/I2I
DS0002,LoRA/LoRA/id_1776/._lora_015_000.png,CORRUPT_IMAGE,/kaggle/input/datasets/isthisdeception/ds0002-diff-official-test/raw/DS0002/test/I2I
DS0002,LoRA/LoRA/id_1776/._lora_016_000.png,CORRUPT_IMAGE,/kaggle/input/datasets/isthisdeception/ds0002-diff-official-test/raw/DS0002/test/I2I
DS0002,LoRA/LoRA/id_1776/._lora_017_000.png,CORRUPT_IMAGE,/kaggle/input/datasets/isthisdeception/ds0002-diff-official-test/raw/DS0002/test/I2I
DS0002,LoRA/LoRA/id_1776/._lora_019_000.png,CORRUPT_IMAGE,/kaggle/input/datasets/isthisdeception/ds0002-diff-official-test/raw/DS0002/test/I2I
DS0002,LoRA/LoRA/id_1776/._lora_020_000.png,CORRUPT_IMAGE,/kaggle/input/datasets/isthisdeception/ds0002-diff-official-test/raw/DS0002/test/I2I
DS0002,LoRA/LoRA/id_1394/._Carmen_Jordá_lora_001_000.png,CORRUPT_IMAGE,/kaggle/input/datasets/isthisdeception/ds0002-diff-official-test/raw/DS0002/test/I2I
DS0002,LoRA/LoRA/id_1394/._Carmen_Jordá_lora_002_000.png,CORRUPT_IMAGE,/kaggle/input/datasets/isthisdeception/ds0002-diff-official-test/raw/DS0002/test/I2I
DS0002,LoRA/LoRA/id_1394/._Carmen_Jordá_lora_003_000.png,CORRUPT_IMAGE,/kaggle/input/datasets/isthisdeception/ds0002-diff-official-test/raw/DS0002/test/I2I
DS0002,LoRA/LoRA/id_1394/._Carmen_Jordá_lora_004_000.png,CORRUPT_IMAGE,/kaggle/input/datasets/isthisdeception/ds0002-diff-official-test/raw/DS0002/test/I2I
DS0002,LoRA/LoRA/id_1394/._Carmen_Jordá_lora_005_000.png,CORRUPT_IMAGE,/kaggle/input/datasets/isthisdeception/ds0002-diff-official-test/raw/DS0002/test/I2I
DS0002,LoRA/LoRA/id_1394/._Carmen_Jordá_lora_006_000.png,CORRUPT_IMAGE,/kaggle/input/datasets/isthisdeception/ds0002-diff-official-test/raw/DS0002/test/I2I
DS0002,LoRA/LoRA/id_1394/._Carmen_Jordá_lora_007_000.png,CORRUPT_IMAGE,/kaggle/input/datasets/isthisdeception/ds0002-diff-official-test/raw/DS0002/test/I2I
DS0002,LoRA/LoRA/id_1394/._Carmen_Jordá_lora_008_000.png,CORRUPT_IMAGE,/kaggle/input/datasets/isthisdeception/ds0002-diff-official-test/raw/DS0002/test/I2I
DS0002,LoRA/LoRA/id_1394/._Carmen_Jordá_lora_009_000.png,CORRUPT_IMAGE,/kaggle/input/datasets/isthisdeception/ds0002-diff-official-test/raw/DS0002/test/I2I
DS0002,LoRA/LoRA/id_1394/._Carmen_Jordá_lora_010_000.png,CORRUPT_IMAGE,/kaggle/input/datasets/isthisdeception/ds0002-diff-official-test/raw/DS0002/test/I2I
DS0002,LoRA/LoRA/id_1394/._Carmen_Jordá_lora_011_000.png,CORRUPT_IMAGE,/kaggle/input/datasets/isthisdeception/ds0002-diff-official-test/raw/DS0002/test/I2I
DS0002,LoRA/LoRA/id_1394/._Carmen_Jordá_lora_012_000.png,CORRUPT_IMAGE,/kaggle/input/datasets/isthisdeception/ds0002-diff-official-test/raw/DS0002/test/I2I
DS0002,LoRA/LoRA/id_1394/._lora_001_000.png,CORRUPT_IMAGE,/kaggle/input/datasets/isthisdeception/ds0002-diff-official-test/raw/DS0002/test/I2I
DS0002,LoRA/LoRA/id_1394/._lora_002_000.png,CORRUPT_IMAGE,/kaggle/input/datasets/isthisdeception/ds0002-diff-official-test/raw/DS0002/test/I2I
DS0002,LoRA/LoRA/id_1394/._lora_003_000.png,CORRUPT_IMAGE,/kaggle/input/datasets/isthisdeception/ds0002-diff-official-test/raw/DS0002/test/I2I
DS0002,LoRA/LoRA/id_1394/._lora_004_000.png,CORRUPT_IMAGE,/kaggle/input/datasets/isthisdeception/ds0002-diff-official-test/raw/DS0002/test/I2I
DS0002,LoRA/LoRA/id_1394/._lora_005_000.png,CORRUPT_IMAGE,/kaggle/input/datasets/isthisdeception/ds0002-diff-official-test/raw/DS0002/test/I2I
DS0002,LoRA/LoRA/id_1394/._lora_006_000.png,CORRUPT_IMAGE,/kaggle/input/datasets/isthisdeception/ds0002-diff-official-test/raw/DS0002/test/I2I
DS0002,LoRA/LoRA/id_1394/._lora_007_000.png,CORRUPT_IMAGE,/kaggle/input/datasets/isthisdeception/ds0002-diff-official-test/raw/DS0002/test/I2I
DS0002,LoRA/LoRA/id_1394/._lora_008_000.png,CORRUPT_IMAGE,/kaggle/input/datasets/isthisdeception/ds0002-diff-official-test/raw/DS0002/test/I2I
DS0002,LoRA/LoRA/id_1394/._lora_009_000.png,CORRUPT_IMAGE,/kaggle/input/datasets/isthisdeception/ds0002-diff-official-test/raw/DS0002/test/I2I
DS0002,LoRA/LoRA/id_1394/._lora_010_000.png,CORRUPT_IMAGE,/kaggle/input/datasets/isthisdeception/ds0002-diff-official-test/raw/DS0002/test/I2I
DS0002,LoRA/LoRA/id_1394/._lora_011_000.png,CORRUPT_IMAGE,/kaggle/input/datasets/isthisdeception/ds0002-diff-official-test/raw/DS0002/test/I2I
DS0002,LoRA/LoRA/id_1394/._lora_012_000.png,CORRUPT_IMAGE,/kaggle/input/datasets/isthisdeception/ds0002-diff-official-test/raw/DS0002/test/I2I
DS0002,LoRA/LoRA/id_0706/._lora_001_000.png,CORRUPT_IMAGE,/kaggle/input/datasets/isthisdeception/ds0002-diff-official-test/raw/DS0002/test/I2I
DS0002,LoRA/LoRA/id_0706/._lora_002_000.png,CORRUPT_IMAGE,/kaggle/input/datasets/isthisdeception/ds0002-diff-official-test/raw/DS0002/test/I2I
DS0002,LoRA/LoRA/id_0706/._lora_003_000.png,CORRUPT_IMAGE,/kaggle/input/datasets/isthisdeception/ds0002-diff-official-test/raw/DS0002/test/I2I
DS0002,LoRA/LoRA/id_0706/._lora_004_000.png,CORRUPT_IMAGE,/kaggle/input/datasets/isthisdeception/ds0002-diff-official-test/raw/DS0002/test/I2I
DS0002,LoRA/LoRA/id_1818/._lora_001_000.png,CORRUPT_IMAGE,/kaggle/input/datasets/isthisdeception/ds0002-diff-official-test/raw/DS0002/test/I2I
DS0002,LoRA/LoRA/id_1818/._lora_002_000.png,CORRUPT_IMAGE,/kaggle/input/datasets/isthisdeception/ds0002-diff-official-test/raw/DS0002/test/I2I
DS0002,LoRA/LoRA/id_1818/._lora_004_000.png,CORRUPT_IMAGE,/kaggle/input/datasets/isthisdeception/ds0002-diff-official-test/raw/DS0002/test/I2I
DS0002,LoRA/LoRA/id_1818/._lora_005_000.png,CORRUPT_IMAGE,/kaggle/input/datasets/isthisdeception/ds0002-diff-official-test/raw/DS0002/test/I2I
DS0002,LoRA/LoRA/id_1818/._lora_006_000.png,CORRUPT_IMAGE,/kaggle/input/datasets/isthisdeception/ds0002-diff-official-test/raw/DS0002/test/I2I
DS0002,LoRA/LoRA/id_1818/._lora_007_000.png,CORRUPT_IMAGE,/kaggle/input/datasets/isthisdeception/ds0002-diff-official-test/raw/DS0002/test/I2I
DS0002,LoRA/LoRA/id_1818/._lora_008_000.png,CORRUPT_IMAGE,/kaggle/input/datasets/isthisdeception/ds0002-diff-official-test/raw/DS0002/test/I2I
DS0002,LoRA/LoRA/id_1818/._lora_009_000.png,CORRUPT_IMAGE,/kaggle/input/datasets/isthisdeception/ds0002-diff-official-test/raw/DS0002/test/I2I
DS0002,LoRA/LoRA/id_1818/._lora_010_000.png,CORRUPT_IMAGE,/kaggle/input/datasets/isthisdeception/ds0002-diff-official-test/raw/DS0002/test/I2I
DS0002,LoRA/LoRA/id_1818/._lora_011_000.png,CORRUPT_IMAGE,/kaggle/input/datasets/isthisdeception/ds0002-diff-official-test/raw/DS0002/test/I2I
DS0002,LoRA/LoRA/id_1818/._lora_012_000.png,CORRUPT_IMAGE,/kaggle/input/datasets/isthisdeception/ds0002-diff-official-test/raw/DS0002/test/I2I
DS0002,LoRA/LoRA/id_1818/._lora_013_000.png,CORRUPT_IMAGE,/kaggle/input/datasets/isthisdeception/ds0002-diff-official-test/raw/DS0002/test/I2I
DS0002,LoRA/LoRA/id_1818/._lora_014_000.png,CORRUPT_IMAGE,/kaggle/input/datasets/isthisdeception/ds0002-diff-official-test/raw/DS0002/test/I2I
DS0002,LoRA/LoRA/id_1818/._lora_015_000.png,CORRUPT_IMAGE,/kaggle/input/datasets/isthisdeception/ds0002-diff-official-test/raw/DS0002/test/I2I
DS0002,LoRA/LoRA/id_1818/._lora_016_000.png,CORRUPT_IMAGE,/kaggle/input/datasets/isthisdeception/ds0002-diff-official-test/raw/DS0002/test/I2I
DS0002,LoRA/LoRA/id_1818/._lora_017_000.png,CORRUPT_IMAGE,/kaggle/input/datasets/isthisdeception/ds0002-diff-official-test/raw/DS0002/test/I2I
DS0002,LoRA/LoRA/id_1818/._lora_018_000.png,CORRUPT_IMAGE,/kaggle/input/datasets/isthisdeception/ds0002-diff-official-test/raw/DS0002/test/I2I
DS0002,LoRA/LoRA/id_1818/._lora_019_000.png,CORRUPT_IMAGE,/kaggle/input/datasets/isthisdeception/ds0002-diff-official-test/raw/DS0002/test/I2I
DS0002,LoRA/LoRA/id_1818/._lora_020_000.png,CORRUPT_IMAGE,/kaggle/input/datasets/isthisdeception/ds0002-diff-official-test/raw/DS0002/test/I2I
DS0002,LoRA/LoRA/id_1818/._lora_021_000.png,CORRUPT_IMAGE,/kaggle/input/datasets/isthisdeception/ds0002-diff-official-test/raw/DS0002/test/I2I
DS0002,LoRA/LoRA/id_1818/._lora_022_000.png,CORRUPT_IMAGE,/kaggle/input/datasets/isthisdeception/ds0002-diff-official-test/raw/DS0002/test/I2I
DS0002,LoRA/LoRA/id_1818/._lora_023_000.png,CORRUPT_IMAGE,/kaggle/input/datasets/isthisdeception/ds0002-diff-official-test/raw/DS0002/test/I2I
DS0002,LoRA/LoRA/id_1818/._lora_024_000.png,CORRUPT_IMAGE,/kaggle/input/datasets/isthisdeception/ds0002-diff-official-test/raw/DS0002/test/I2I
DS0002,LoRA/LoRA/id_1818/._lora_025_000.png,CORRUPT_IMAGE,/kaggle/input/datasets/isthisdeception/ds0002-diff-official-test/raw/DS0002/test/I2I
DS0002,LoRA/LoRA/id_1818/._lora_026_000.png,CORRUPT_IMAGE,/kaggle/input/datasets/isthisdeception/ds0002-diff-official-test/raw/DS0002/test/I2I
DS0002,LoRA/LoRA/id_1818/._lora_027_000.png,CORRUPT_IMAGE,/kaggle/input/datasets/isthisdeception/ds0002-diff-official-test/raw/DS0002/test/I2I
DS0002,LoRA/LoRA/id_1818/._lora_028_000.png,CORRUPT_IMAGE,/kaggle/input/datasets/isthisdeception/ds0002-diff-official-test/raw/DS0002/test/I2I
DS0002,LoRA/LoRA/id_1818/._lora_029_000.png,CORRUPT_IMAGE,/kaggle/input/datasets/isthisdeception/ds0002-diff-official-test/raw/DS0002/test/I2I
DS0002,LoRA/LoRA/id_1818/._lora_031_000.png,CORRUPT_IMAGE,/kaggle/input/datasets/isthisdeception/ds0002-diff-official-test/raw/DS0002/test/I2I
DS0002,LoRA/LoRA/id_1818/._lora_032_000.png,CORRUPT_IMAGE,/kaggle/input/datasets/isthisdeception/ds0002-diff-official-test/raw/DS0002/test/I2I
DS0002,LoRA/LoRA/id_1818/._lora_033_000.png,CORRUPT_IMAGE,/kaggle/input/datasets/isthisdeception/ds0002-diff-official-test/raw/DS0002/test/I2I
DS0002,LoRA/LoRA/id_1818/._lora_034_000.png,CORRUPT_IMAGE,/kaggle/input/datasets/isthisdeception/ds0002-diff-official-test/raw/DS0002/test/I2I
DS0002,LoRA/LoRA/id_1818/._lora_035_000.png,CORRUPT_IMAGE,/kaggle/input/datasets/isthisdeception/ds0002-diff-official-test/raw/DS0002/test/I2I
DS0002,LoRA/LoRA/id_1818/._lora_036_000.png,CORRUPT_IMAGE,/kaggle/input/datasets/isthisdeception/ds0002-diff-official-test/raw/DS0002/test/I2I
DS0002,LoRA/LoRA/id_1818/._lora_037_000.png,CORRUPT_IMAGE,/kaggle/input/datasets/isthisdeception/ds0002-diff-official-test/raw/DS0002/test/I2I
DS0002,LoRA/LoRA/id_1818/._lora_038_000.png,CORRUPT_IMAGE,/kaggle/input/datasets/isthisdeception/ds0002-diff-official-test/raw/DS0002/test/I2I
DS0002,LoRA/LoRA/id_1818/._lora_039_000.png,CORRUPT_IMAGE,/kaggle/input/datasets/isthisdeception/ds0002-diff-official-test/raw/DS0002/test/I2I
DS0002,LoRA/LoRA/id_1818/._lora_040_000.png,CORRUPT_IMAGE,/kaggle/input/datasets/isthisdeception/ds0002-diff-official-test/raw/DS0002/test/I2I
DS0002,LoRA/LoRA/id_1684/._lora_001_000.png,CORRUPT_IMAGE,/kaggle/input/datasets/isthisdeception/ds0002-diff-official-test/raw/DS0002/test/I2I
DS0002,LoRA/LoRA/id_1684/._lora_002_000.png,CORRUPT_IMAGE,/kaggle/input/datasets/isthisdeception/ds0002-diff-official-test/raw/DS0002/test/I2I
DS0002,LoRA/LoRA/id_1684/._lora_003_000.png,CORRUPT_IMAGE,/kaggle/input/datasets/isthisdeception/ds0002-diff-official-test/raw/DS0002/test/I2I
DS0002,LoRA/LoRA/id_1684/._lora_005_000.png,CORRUPT_IMAGE,/kaggle/input/datasets/isthisdeception/ds0002-diff-official-test/raw/DS0002/test/I2I
DS0002,LoRA/LoRA/id_1684/._lora_006_000.png,CORRUPT_IMAGE,/kaggle/input/datasets/isthisdeception/ds0002-diff-official-test/raw/DS0002/test/I2I
DS0002,LoRA/LoRA/id_1684/._lora_007_000.png,CORRUPT_IMAGE,/kaggle/input/datasets/isthisdeception/ds0002-diff-official-test/raw/DS0002/test/I2I
DS0002,LoRA/LoRA/id_1684/._lora_008_000.png,CORRUPT_IMAGE,/kaggle/input/datasets/isthisdeception/ds0002-diff-official-test/raw/DS0002/test/I2I
DS0002,LoRA/LoRA/id_0324/._lora_002_000.png,CORRUPT_IMAGE,/kaggle/input/datasets/isthisdeception/ds0002-diff-official-test/raw/DS0002/test/I2I
DS0002,LoRA/LoRA/id_0324/._lora_003_000.png,CORRUPT_IMAGE,/kaggle/input/datasets/isthisdeception/ds0002-diff-official-test/raw/DS0002/test/I2I
DS0002,LoRA/LoRA/id_0324/._lora_004_000.png,CORRUPT_IMAGE,/kaggle/input/datasets/isthisdeception/ds0002-diff-official-test/raw/DS0002/test/I2I
DS0002,LoRA/LoRA/id_0324/._lora_005_000.png,CORRUPT_IMAGE,/kaggle/input/datasets/isthisdeception/ds0002-diff-official-test/raw/DS0002/test/I2I
DS0002,LoRA/LoRA/id_0324/._lora_008_000.png,CORRUPT_IMAGE,/kaggle/input/datasets/isthisdeception/ds0002-diff-official-test/raw/DS0002/test/I2I
DS0002,LoRA/LoRA/id_1764/._lora_001_000.png,CORRUPT_IMAGE,/kaggle/input/datasets/isthisdeception/ds0002-diff-official-test/raw/DS0002/test/I2I
DS0002,LoRA/LoRA/id_1764/._lora_002_000.png,CORRUPT_IMAGE,/kaggle/input/datasets/isthisdeception/ds0002-diff-official-test/raw/DS0002/test/I2I
DS0002,LoRA/LoRA/id_1764/._lora_003_000.png,CORRUPT_IMAGE,/kaggle/input/datasets/isthisdeception/ds0002-diff-official-test/raw/DS0002/test/I2I
DS0002,LoRA/LoRA/id_1764/._lora_004_000.png,CORRUPT_IMAGE,/kaggle/input/datasets/isthisdeception/ds0002-diff-official-test/raw/DS0002/test/I2I
DS0002,LoRA/LoRA/id_1764/._lora_005_000.png,CORRUPT_IMAGE,/kaggle/input/datasets/isthisdeception/ds0002-diff-official-test/raw/DS0002/test/I2I
DS0002,LoRA/LoRA/id_1764/._lora_006_000.png,CORRUPT_IMAGE,/kaggle/input/datasets/isthisdeception/ds0002-diff-official-test/raw/DS0002/test/I2I
DS0002,LoRA/LoRA/id_1764/._lora_007_000.png,CORRUPT_IMAGE,/kaggle/input/datasets/isthisdeception/ds0002-diff-official-test/raw/DS0002/test/I2I
DS0002,LoRA/LoRA/id_1764/._lora_008_000.png,CORRUPT_IMAGE,/kaggle/input/datasets/isthisdeception/ds0002-diff-official-test/raw/DS0002/test/I2I
DS0002,LoRA/LoRA/id_1764/._lora_009_000.png,CORRUPT_IMAGE,/kaggle/input/datasets/isthisdeception/ds0002-diff-official-test/raw/DS0002/test/I2I
DS0002,LoRA/LoRA/id_1764/._lora_010_000.png,CORRUPT_IMAGE,/kaggle/input/datasets/isthisdeception/ds0002-diff-official-test/raw/DS0002/test/I2I
DS0002,LoRA/LoRA/id_1764/._lora_011_000.png,CORRUPT_IMAGE,/kaggle/input/datasets/isthisdeception/ds0002-diff-official-test/raw/DS0002/test/I2I
DS0002,LoRA/LoRA/id_1764/._lora_012_000.png,CORRUPT_IMAGE,/kaggle/input/datasets/isthisdeception/ds0002-diff-official-test/raw/DS0002/test/I2I
DS0002,LoRA/LoRA/id_2691/._lora_001_000.png,CORRUPT_IMAGE,/kaggle/input/datasets/isthisdeception/ds0002-diff-official-test/raw/DS0002/test/I2I
DS0002,LoRA/LoRA/id_2691/._lora_002_000.png,CORRUPT_IMAGE,/kaggle/input/datasets/isthisdeception/ds0002-diff-official-test/raw/DS0002/test/I2I
DS0002,LoRA/LoRA/id_2691/._lora_003_000.png,CORRUPT_IMAGE,/kaggle/input/datasets/isthisdeception/ds0002-diff-official-test/raw/DS0002/test/I2I
DS0002,LoRA/LoRA/id_2691/._lora_004_000.png,CORRUPT_IMAGE,/kaggle/input/datasets/isthisdeception/ds0002-diff-official-test/raw/DS0002/test/I2I
DS0002,LoRA/LoRA/id_2691/._lora_005_000.png,CORRUPT_IMAGE,/kaggle/input/datasets/isthisdeception/ds0002-diff-official-test/raw/DS0002/test/I2I
DS0002,LoRA/LoRA/id_2691/._lora_006_000.png,CORRUPT_IMAGE,/kaggle/input/datasets/isthisdeception/ds0002-diff-official-test/raw/DS0002/test/I2I
DS0002,LoRA/LoRA/id_2691/._lora_007_000.png,CORRUPT_IMAGE,/kaggle/input/datasets/isthisdeception/ds0002-diff-official-test/raw/DS0002/test/I2I
DS0002,LoRA/LoRA/id_2691/._lora_008_000.png,CORRUPT_IMAGE,/kaggle/input/datasets/isthisdeception/ds0002-diff-official-test/raw/DS0002/test/I2I
DS0002,LoRA/LoRA/id_2691/._lora_009_000.png,CORRUPT_IMAGE,/kaggle/input/datasets/isthisdeception/ds0002-diff-official-test/raw/DS0002/test/I2I
DS0002,LoRA/LoRA/id_2691/._lora_010_000.png,CORRUPT_IMAGE,/kaggle/input/datasets/isthisdeception/ds0002-diff-official-test/raw/DS0002/test/I2I
DS0002,LoRA/LoRA/id_2691/._lora_011_000.png,CORRUPT_IMAGE,/kaggle/input/datasets/isthisdeception/ds0002-diff-official-test/raw/DS0002/test/I2I
DS0002,LoRA/LoRA/id_2691/._lora_012_000.png,CORRUPT_IMAGE,/kaggle/input/datasets/isthisdeception/ds0002-diff-official-test/raw/DS0002/test/I2I
DS0002,LoRA/LoRA/id_1098/._lora_001_000.png,CORRUPT_IMAGE,/kaggle/input/datasets/isthisdeception/ds0002-diff-official-test/raw/DS0002/test/I2I
DS0002,LoRA/LoRA/id_1098/._lora_002_000.png,CORRUPT_IMAGE,/kaggle/input/datasets/isthisdeception/ds0002-diff-official-test/raw/DS0002/test/I2I
DS0002,LoRA/LoRA/id_1098/._lora_003_000.png,CORRUPT_IMAGE,/kaggle/input/datasets/isthisdeception/ds0002-diff-official-test/raw/DS0002/test/I2I
DS0002,LoRA/LoRA/id_1098/._lora_004_000.png,CORRUPT_IMAGE,/kaggle/input/datasets/isthisdeception/ds0002-diff-official-test/raw/DS0002/test/I2I
DS0002,LoRA/LoRA/id_1098/._lora_005_000.png,CORRUPT_IMAGE,/kaggle/input/datasets/isthisdeception/ds0002-diff-official-test/raw/DS0002/test/I2I
DS0002,LoRA/LoRA/id_1098/._lora_006_000.png,CORRUPT_IMAGE,/kaggle/input/datasets/isthisdeception/ds0002-diff-official-test/raw/DS0002/test/I2I
DS0002,LoRA/LoRA/id_1098/._lora_007_000.png,CORRUPT_IMAGE,/kaggle/input/datasets/isthisdeception/ds0002-diff-official-test/raw/DS0002/test/I2I
DS0002,LoRA/LoRA/id_1098/._lora_008_000.png,CORRUPT_IMAGE,/kaggle/input/datasets/isthisdeception/ds0002-diff-official-test/raw/DS0002/test/I2I
DS0002,LoRA/LoRA/id_1098/._lora_009_000.png,CORRUPT_IMAGE,/kaggle/input/datasets/isthisdeception/ds0002-diff-official-test/raw/DS0002/test/I2I
DS0002,LoRA/LoRA/id_1098/._lora_010_000.png,CORRUPT_IMAGE,/kaggle/input/datasets/isthisdeception/ds0002-diff-official-test/raw/DS0002/test/I2I
DS0002,LoRA/LoRA/id_1098/._lora_011_000.png,CORRUPT_IMAGE,/kaggle/input/datasets/isthisdeception/ds0002-diff-official-test/raw/DS0002/test/I2I
DS0002,LoRA/LoRA/id_1098/._lora_012_000.png,CORRUPT_IMAGE,/kaggle/input/datasets/isthisdeception/ds0002-diff-official-test/raw/DS0002/test/I2I
DS0002,LoRA/LoRA/id_1098/._lora_013_000.png,CORRUPT_IMAGE,/kaggle/input/datasets/isthisdeception/ds0002-diff-official-test/raw/DS0002/test/I2I
DS0002,LoRA/LoRA/id_1098/._lora_014_000.png,CORRUPT_IMAGE,/kaggle/input/datasets/isthisdeception/ds0002-diff-official-test/raw/DS0002/test/I2I
DS0002,LoRA/LoRA/id_1098/._lora_015_000.png,CORRUPT_IMAGE,/kaggle/input/datasets/isthisdeception/ds0002-diff-official-test/raw/DS0002/test/I2I
DS0002,LoRA/LoRA/id_1098/._lora_016_000.png,CORRUPT_IMAGE,/kaggle/input/datasets/isthisdeception/ds0002-diff-official-test/raw/DS0002/test/I2I
DS0002,LoRA/LoRA/id_2824/._lora_001_000.png,CORRUPT_IMAGE,/kaggle/input/datasets/isthisdeception/ds0002-diff-official-test/raw/DS0002/test/I2I
DS0002,LoRA/LoRA/id_2824/._lora_002_000.png,CORRUPT_IMAGE,/kaggle/input/datasets/isthisdeception/ds0002-diff-official-test/raw/DS0002/test/I2I
DS0002,LoRA/LoRA/id_2824/._lora_003_000.png,CORRUPT_IMAGE,/kaggle/input/datasets/isthisdeception/ds0002-diff-official-test/raw/DS0002/test/I2I
DS0002,LoRA/LoRA/id_2824/._lora_004_000.png,CORRUPT_IMAGE,/kaggle/input/datasets/isthisdeception/ds0002-diff-official-test/raw/DS0002/test/I2I
DS0002,LoRA/LoRA/id_1724/._Antoaneta_Stefanova_lora_001_000.png,CORRUPT_IMAGE,/kaggle/input/datasets/isthisdeception/ds0002-diff-official-test/raw/DS0002/test/I2I
DS0002,LoRA/LoRA/id_1724/._Antoaneta_Stefanova_lora_002_000.png,CORRUPT_IMAGE,/kaggle/input/datasets/isthisdeception/ds0002-diff-official-test/raw/DS0002/test/I2I
DS0002,LoRA/LoRA/id_1724/._Antoaneta_Stefanova_lora_003_000.png,CORRUPT_IMAGE,/kaggle/input/datasets/isthisdeception/ds0002-diff-official-test/raw/DS0002/test/I2I
DS0002,LoRA/LoRA/id_1724/._Antoaneta_Stefanova_lora_004_000.png,CORRUPT_IMAGE,/kaggle/input/datasets/isthisdeception/ds0002-diff-official-test/raw/DS0002/test/I2I
DS0002,LoRA/LoRA/id_1724/._lora_001_000.png,CORRUPT_IMAGE,/kaggle/input/datasets/isthisdeception/ds0002-diff-official-test/raw/DS0002/test/I2I
DS0002,LoRA/LoRA/id_1724/._lora_002_000.png,CORRUPT_IMAGE,/kaggle/input/datasets/isthisdeception/ds0002-diff-official-test/raw/DS0002/test/I2I
DS0002,LoRA/LoRA/id_1724/._lora_003_000.png,CORRUPT_IMAGE,/kaggle/input/datasets/isthisdeception/ds0002-diff-official-test/raw/DS0002/test/I2I
DS0002,LoRA/LoRA/id_1724/._lora_004_000.png,CORRUPT_IMAGE,/kaggle/input/datasets/isthisdeception/ds0002-diff-official-test/raw/DS0002/test/I2I
DS0002,LoRA/LoRA/id_2480/._lora_003_000.png,CORRUPT_IMAGE,/kaggle/input/datasets/isthisdeception/ds0002-diff-official-test/raw/DS0002/test/I2I
DS0002,LoRA/LoRA/id_2480/._lora_004_000.png,CORRUPT_IMAGE,/kaggle/input/datasets/isthisdeception/ds0002-diff-official-test/raw/DS0002/test/I2I
DS0002,LoRA/LoRA/id_2480/._lora_005_000.png,CORRUPT_IMAGE,/kaggle/input/datasets/isthisdeception/ds0002-diff-official-test/raw/DS0002/test/I2I
DS0002,LoRA/LoRA/id_2480/._lora_006_000.png,CORRUPT_IMAGE,/kaggle/input/datasets/isthisdeception/ds0002-diff-official-test/raw/DS0002/test/I2I
DS0002,LoRA/LoRA/id_2480/._lora_007_000.png,CORRUPT_IMAGE,/kaggle/input/datasets/isthisdeception/ds0002-diff-official-test/raw/DS0002/test/I2I
DS0002,LoRA/LoRA/id_2480/._lora_008_000.png,CORRUPT_IMAGE,/kaggle/input/datasets/isthisdeception/ds0002-diff-official-test/raw/DS0002/test/I2I
DS0002,LoRA/LoRA/id_2480/._lora_009_000.png,CORRUPT_IMAGE,/kaggle/input/datasets/isthisdeception/ds0002-diff-official-test/raw/DS0002/test/I2I
DS0002,LoRA/LoRA/id_2480/._lora_010_000.png,CORRUPT_IMAGE,/kaggle/input/datasets/isthisdeception/ds0002-diff-official-test/raw/DS0002/test/I2I
DS0002,LoRA/LoRA/id_2480/._lora_011_000.png,CORRUPT_IMAGE,/kaggle/input/datasets/isthisdeception/ds0002-diff-official-test/raw/DS0002/test/I2I
DS0002,LoRA/LoRA/id_2480/._lora_012_000.png,CORRUPT_IMAGE,/kaggle/input/datasets/isthisdeception/ds0002-diff-official-test/raw/DS0002/test/I2I
DS0002,LoRA/LoRA/id_0564/._lora_001_000.png,CORRUPT_IMAGE,/kaggle/input/datasets/isthisdeception/ds0002-diff-official-test/raw/DS0002/test/I2I
DS0002,LoRA/LoRA/id_0564/._lora_002_000.png,CORRUPT_IMAGE,/kaggle/input/datasets/isthisdeception/ds0002-diff-official-test/raw/DS0002/test/I2I
DS0002,LoRA/LoRA/id_0564/._lora_003_000.png,CORRUPT_IMAGE,/kaggle/input/datasets/isthisdeception/ds0002-diff-official-test/raw/DS0002/test/I2I
DS0002,LoRA/LoRA/id_0564/._lora_004_000.png,CORRUPT_IMAGE,/kaggle/input/datasets/isthisdeception/ds0002-diff-official-test/raw/DS0002/test/I2I
DS0002,LoRA/LoRA/id_0564/._lora_005_000.png,CORRUPT_IMAGE,/kaggle/input/datasets/isthisdeception/ds0002-diff-official-test/raw/DS0002/test/I2I
DS0002,LoRA/LoRA/id_0564/._lora_006_000.png,CORRUPT_IMAGE,/kaggle/input/datasets/isthisdeception/ds0002-diff-official-test/raw/DS0002/test/I2I
DS0002,LoRA/LoRA/id_0564/._lora_008_000.png,CORRUPT_IMAGE,/kaggle/input/datasets/isthisdeception/ds0002-diff-official-test/raw/DS0002/test/I2I
DS0002,LoRA/LoRA/id_1472/._lora_001_000.png,CORRUPT_IMAGE,/kaggle/input/datasets/isthisdeception/ds0002-diff-official-test/raw/DS0002/test/I2I
DS0002,LoRA/LoRA/id_1472/._lora_002_000.png,CORRUPT_IMAGE,/kaggle/input/datasets/isthisdeception/ds0002-diff-official-test/raw/DS0002/test/I2I
DS0002,LoRA/LoRA/id_1472/._lora_003_000.png,CORRUPT_IMAGE,/kaggle/input/datasets/isthisdeception/ds0002-diff-official-test/raw/DS0002/test/I2I
DS0002,LoRA/LoRA/id_1472/._lora_004_000.png,CORRUPT_IMAGE,/kaggle/input/datasets/isthisdeception/ds0002-diff-official-test/raw/DS0002/test/I2I
DS0002,LoRA/LoRA/id_1940/._lora_001_000.png,CORRUPT_IMAGE,/kaggle/input/datasets/isthisdeception/ds0002-diff-official-test/raw/DS0002/test/I2I
DS0002,LoRA/LoRA/id_1940/._lora_002_000.png,CORRUPT_IMAGE,/kaggle/input/datasets/isthisdeception/ds0002-diff-official-test/raw/DS0002/test/I2I
DS0002,LoRA/LoRA/id_1940/._lora_003_000.png,CORRUPT_IMAGE,/kaggle/input/datasets/isthisdeception/ds0002-diff-official-test/raw/DS0002/test/I2I
DS0002,LoRA/LoRA/id_1940/._lora_004_000.png,CORRUPT_IMAGE,/kaggle/input/datasets/isthisdeception/ds0002-diff-official-test/raw/DS0002/test/I2I
DS0002,LoRA/LoRA/id_0988/._lora_001_000.png,CORRUPT_IMAGE,/kaggle/input/datasets/isthisdeception/ds0002-diff-official-test/raw/DS0002/test/I2I
DS0002,LoRA/LoRA/id_0988/._lora_002_000.png,CORRUPT_IMAGE,/kaggle/input/datasets/isthisdeception/ds0002-diff-official-test/raw/DS0002/test/I2I
DS0002,LoRA/LoRA/id_0988/._lora_003_000.png,CORRUPT_IMAGE,/kaggle/input/datasets/isthisdeception/ds0002-diff-official-test/raw/DS0002/test/I2I
DS0002,LoRA/LoRA/id_0988/._lora_006_000.png,CORRUPT_IMAGE,/kaggle/input/datasets/isthisdeception/ds0002-diff-official-test/raw/DS0002/test/I2I
DS0002,LoRA/LoRA/id_0988/._lora_007_000.png,CORRUPT_IMAGE,/kaggle/input/datasets/isthisdeception/ds0002-diff-official-test/raw/DS0002/test/I2I
DS0002,LoRA/LoRA/id_0988/._lora_008_000.png,CORRUPT_IMAGE,/kaggle/input/datasets/isthisdeception/ds0002-diff-official-test/raw/DS0002/test/I2I
DS0002,LoRA/LoRA/id_0988/._lora_009_000.png,CORRUPT_IMAGE,/kaggle/input/datasets/isthisdeception/ds0002-diff-official-test/raw/DS0002/test/I2I
DS0002,LoRA/LoRA/id_0988/._lora_010_000.png,CORRUPT_IMAGE,/kaggle/input/datasets/isthisdeception/ds0002-diff-official-test/raw/DS0002/test/I2I
DS0002,LoRA/LoRA/id_0988/._lora_011_000.png,CORRUPT_IMAGE,/kaggle/input/datasets/isthisdeception/ds0002-diff-official-test/raw/DS0002/test/I2I
DS0002,LoRA/LoRA/id_0988/._lora_012_000.png,CORRUPT_IMAGE,/kaggle/input/datasets/isthisdeception/ds0002-diff-official-test/raw/DS0002/test/I2I
DS0002,LoRA/LoRA/id_0988/._lora_013_000.png,CORRUPT_IMAGE,/kaggle/input/datasets/isthisdeception/ds0002-diff-official-test/raw/DS0002/test/I2I
DS0002,LoRA/LoRA/id_0988/._lora_014_000.png,CORRUPT_IMAGE,/kaggle/input/datasets/isthisdeception/ds0002-diff-official-test/raw/DS0002/test/I2I
DS0002,LoRA/LoRA/id_0988/._lora_015_000.png,CORRUPT_IMAGE,/kaggle/input/datasets/isthisdeception/ds0002-diff-official-test/raw/DS0002/test/I2I
DS0002,LoRA/LoRA/id_0988/._lora_016_000.png,CORRUPT_IMAGE,/kaggle/input/datasets/isthisdeception/ds0002-diff-official-test/raw/DS0002/test/I2I
DS0002,LoRA/LoRA/id_0988/._lora_017_000.png,CORRUPT_IMAGE,/kaggle/input/datasets/isthisdeception/ds0002-diff-official-test/raw/DS0002/test/I2I
DS0002,LoRA/LoRA/id_0988/._lora_018_000.png,CORRUPT_IMAGE,/kaggle/input/datasets/isthisdeception/ds0002-diff-official-test/raw/DS0002/test/I2I
DS0002,LoRA/LoRA/id_0988/._lora_019_000.png,CORRUPT_IMAGE,/kaggle/input/datasets/isthisdeception/ds0002-diff-official-test/raw/DS0002/test/I2I
DS0002,LoRA/LoRA/id_0988/._lora_021_000.png,CORRUPT_IMAGE,/kaggle/input/datasets/isthisdeception/ds0002-diff-official-test/raw/DS0002/test/I2I
DS0002,LoRA/LoRA/id_0988/._lora_022_000.png,CORRUPT_IMAGE,/kaggle/input/datasets/isthisdeception/ds0002-diff-official-test/raw/DS0002/test/I2I
DS0002,LoRA/LoRA/id_0988/._lora_023_000.png,CORRUPT_IMAGE,/kaggle/input/datasets/isthisdeception/ds0002-diff-official-test/raw/DS0002/test/I2I
DS0002,LoRA/LoRA/id_0988/._lora_024_000.png,CORRUPT_IMAGE,/kaggle/input/datasets/isthisdeception/ds0002-diff-official-test/raw/DS0002/test/I2I
DS0002,LoRA/LoRA/id_2258/._lora_001_000.png,CORRUPT_IMAGE,/kaggle/input/datasets/isthisdeception/ds0002-diff-official-test/raw/DS0002/test/I2I
DS0002,LoRA/LoRA/id_2258/._lora_002_000.png,CORRUPT_IMAGE,/kaggle/input/datasets/isthisdeception/ds0002-diff-official-test/raw/DS0002/test/I2I
DS0002,LoRA/LoRA/id_2258/._lora_003_000.png,CORRUPT_IMAGE,/kaggle/input/datasets/isthisdeception/ds0002-diff-official-test/raw/DS0002/test/I2I
DS0002,LoRA/LoRA/id_2258/._lora_004_000.png,CORRUPT_IMAGE,/kaggle/input/datasets/isthisdeception/ds0002-diff-official-test/raw/DS0002/test/I2I
DS0002,LoRA/LoRA/id_2258/._lora_005_000.png,CORRUPT_IMAGE,/kaggle/input/datasets/isthisdeception/ds0002-diff-official-test/raw/DS0002/test/I2I
DS0002,LoRA/LoRA/id_2258/._lora_006_000.png,CORRUPT_IMAGE,/kaggle/input/datasets/isthisdeception/ds0002-diff-official-test/raw/DS0002/test/I2I
DS0002,LoRA/LoRA/id_2258/._lora_007_000.png,CORRUPT_IMAGE,/kaggle/input/datasets/isthisdeception/ds0002-diff-official-test/raw/DS0002/test/I2I
DS0002,LoRA/LoRA/id_2258/._lora_008_000.png,CORRUPT_IMAGE,/kaggle/input/datasets/isthisdeception/ds0002-diff-official-test/raw/DS0002/test/I2I
DS0002,LoRA/LoRA/id_0626/._lora_001_000.png,CORRUPT_IMAGE,/kaggle/input/datasets/isthisdeception/ds0002-diff-official-test/raw/DS0002/test/I2I
DS0002,LoRA/LoRA/id_0626/._lora_002_000.png,CORRUPT_IMAGE,/kaggle/input/datasets/isthisdeception/ds0002-diff-official-test/raw/DS0002/test/I2I
DS0002,LoRA/LoRA/id_0626/._lora_003_000.png,CORRUPT_IMAGE,/kaggle/input/datasets/isthisdeception/ds0002-diff-official-test/raw/DS0002/test/I2I
DS0002,LoRA/LoRA/id_0626/._lora_004_000.png,CORRUPT_IMAGE,/kaggle/input/datasets/isthisdeception/ds0002-diff-official-test/raw/DS0002/test/I2I
DS0002,LoRA/LoRA/id_0626/._lora_005_000.png,CORRUPT_IMAGE,/kaggle/input/datasets/isthisdeception/ds0002-diff-official-test/raw/DS0002/test/I2I
DS0002,LoRA/LoRA/id_0626/._lora_006_000.png,CORRUPT_IMAGE,/kaggle/input/datasets/isthisdeception/ds0002-diff-official-test/raw/DS0002/test/I2I
DS0002,LoRA/LoRA/id_0626/._lora_007_000.png,CORRUPT_IMAGE,/kaggle/input/datasets/isthisdeception/ds0002-diff-official-test/raw/DS0002/test/I2I
DS0002,LoRA/LoRA/id_0626/._lora_008_000.png,CORRUPT_IMAGE,/kaggle/input/datasets/isthisdeception/ds0002-diff-official-test/raw/DS0002/test/I2I
DS0002,LoRA/LoRA/id_2043/._lora_001_000.png,CORRUPT_IMAGE,/kaggle/input/datasets/isthisdeception/ds0002-diff-official-test/raw/DS0002/test/I2I
DS0002,LoRA/LoRA/id_2043/._lora_002_000.png,CORRUPT_IMAGE,/kaggle/input/datasets/isthisdeception/ds0002-diff-official-test/raw/DS0002/test/I2I
DS0002,LoRA/LoRA/id_2043/._lora_003_000.png,CORRUPT_IMAGE,/kaggle/input/datasets/isthisdeception/ds0002-diff-official-test/raw/DS0002/test/I2I
DS0002,LoRA/LoRA/id_2043/._lora_004_000.png,CORRUPT_IMAGE,/kaggle/input/datasets/isthisdeception/ds0002-diff-official-test/raw/DS0002/test/I2I
DS0002,LoRA/LoRA/id_2043/._lora_005_000.png,CORRUPT_IMAGE,/kaggle/input/datasets/isthisdeception/ds0002-diff-official-test/raw/DS0002/test/I2I
DS0002,LoRA/LoRA/id_2043/._lora_006_000.png,CORRUPT_IMAGE,/kaggle/input/datasets/isthisdeception/ds0002-diff-official-test/raw/DS0002/test/I2I
DS0002,LoRA/LoRA/id_2043/._lora_007_000.png,CORRUPT_IMAGE,/kaggle/input/datasets/isthisdeception/ds0002-diff-official-test/raw/DS0002/test/I2I
DS0002,LoRA/LoRA/id_2043/._lora_008_000.png,CORRUPT_IMAGE,/kaggle/input/datasets/isthisdeception/ds0002-diff-official-test/raw/DS0002/test/I2I
DS0002,LoRA/LoRA/id_2043/._lora_009_000.png,CORRUPT_IMAGE,/kaggle/input/datasets/isthisdeception/ds0002-diff-official-test/raw/DS0002/test/I2I
DS0002,LoRA/LoRA/id_2043/._lora_010_000.png,CORRUPT_IMAGE,/kaggle/input/datasets/isthisdeception/ds0002-diff-official-test/raw/DS0002/test/I2I
DS0002,LoRA/LoRA/id_2043/._lora_011_000.png,CORRUPT_IMAGE,/kaggle/input/datasets/isthisdeception/ds0002-diff-official-test/raw/DS0002/test/I2I
DS0002,LoRA/LoRA/id_2043/._lora_012_000.png,CORRUPT_IMAGE,/kaggle/input/datasets/isthisdeception/ds0002-diff-official-test/raw/DS0002/test/I2I
DS0002,LoRA/LoRA/id_2043/._lora_013_000.png,CORRUPT_IMAGE,/kaggle/input/datasets/isthisdeception/ds0002-diff-official-test/raw/DS0002/test/I2I
DS0002,LoRA/LoRA/id_2043/._lora_014_000.png,CORRUPT_IMAGE,/kaggle/input/datasets/isthisdeception/ds0002-diff-official-test/raw/DS0002/test/I2I
DS0002,LoRA/LoRA/id_2043/._lora_015_000.png,CORRUPT_IMAGE,/kaggle/input/datasets/isthisdeception/ds0002-diff-official-test/raw/DS0002/test/I2I
DS0002,LoRA/LoRA/id_2043/._lora_016_000.png,CORRUPT_IMAGE,/kaggle/input/datasets/isthisdeception/ds0002-diff-official-test/raw/DS0002/test/I2I
DS0002,LoRA/LoRA/id_2043/._lora_017_000.png,CORRUPT_IMAGE,/kaggle/input/datasets/isthisdeception/ds0002-diff-official-test/raw/DS0002/test/I2I
DS0002,LoRA/LoRA/id_2043/._lora_018_000.png,CORRUPT_IMAGE,/kaggle/input/datasets/isthisdeception/ds0002-diff-official-test/raw/DS0002/test/I2I
DS0002,LoRA/LoRA/id_2043/._lora_019_000.png,CORRUPT_IMAGE,/kaggle/input/datasets/isthisdeception/ds0002-diff-official-test/raw/DS0002/test/I2I
DS0002,LoRA/LoRA/id_2043/._lora_020_000.png,CORRUPT_IMAGE,/kaggle/input/datasets/isthisdeception/ds0002-diff-official-test/raw/DS0002/test/I2I
DS0002,LoRA/LoRA/id_2043/._lora_021_000.png,CORRUPT_IMAGE,/kaggle/input/datasets/isthisdeception/ds0002-diff-official-test/raw/DS0002/test/I2I
DS0002,LoRA/LoRA/id_2043/._lora_022_000.png,CORRUPT_IMAGE,/kaggle/input/datasets/isthisdeception/ds0002-diff-official-test/raw/DS0002/test/I2I
DS0002,LoRA/LoRA/id_2043/._lora_023_000.png,CORRUPT_IMAGE,/kaggle/input/datasets/isthisdeception/ds0002-diff-official-test/raw/DS0002/test/I2I
DS0002,LoRA/LoRA/id_2043/._lora_024_000.png,CORRUPT_IMAGE,/kaggle/input/datasets/isthisdeception/ds0002-diff-official-test/raw/DS0002/test/I2I
DS0002,LoRA/LoRA/id_2776/._lora_001_000.png,CORRUPT_IMAGE,/kaggle/input/datasets/isthisdeception/ds0002-diff-official-test/raw/DS0002/test/I2I
DS0002,LoRA/LoRA/id_2776/._lora_002_000.png,CORRUPT_IMAGE,/kaggle/input/datasets/isthisdeception/ds0002-diff-official-test/raw/DS0002/test/I2I
DS0002,LoRA/LoRA/id_2776/._lora_003_000.png,CORRUPT_IMAGE,/kaggle/input/datasets/isthisdeception/ds0002-diff-official-test/raw/DS0002/test/I2I
DS0002,LoRA/LoRA/id_2776/._lora_004_000.png,CORRUPT_IMAGE,/kaggle/input/datasets/isthisdeception/ds0002-diff-official-test/raw/DS0002/test/I2I
DS0002,LoRA/LoRA/id_2776/._lora_006_000.png,CORRUPT_IMAGE,/kaggle/input/datasets/isthisdeception/ds0002-diff-official-test/raw/DS0002/test/I2I
DS0002,LoRA/LoRA/id_2776/._lora_007_000.png,CORRUPT_IMAGE,/kaggle/input/datasets/isthisdeception/ds0002-diff-official-test/raw/DS0002/test/I2I
DS0002,LoRA/LoRA/id_2776/._lora_008_000.png,CORRUPT_IMAGE,/kaggle/input/datasets/isthisdeception/ds0002-diff-official-test/raw/DS0002/test/I2I
DS0002,LoRA/LoRA/id_1212/._lora_001_000.png,CORRUPT_IMAGE,/kaggle/input/datasets/isthisdeception/ds0002-diff-official-test/raw/DS0002/test/I2I
DS0002,LoRA/LoRA/id_1212/._lora_002_000.png,CORRUPT_IMAGE,/kaggle/input/datasets/isthisdeception/ds0002-diff-official-test/raw/DS0002/test/I2I
DS0002,LoRA/LoRA/id_1212/._lora_003_000.png,CORRUPT_IMAGE,/kaggle/input/datasets/isthisdeception/ds0002-diff-official-test/raw/DS0002/test/I2I
DS0002,LoRA/LoRA/id_1212/._lora_004_000.png,CORRUPT_IMAGE,/kaggle/input/datasets/isthisdeception/ds0002-diff-official-test/raw/DS0002/test/I2I
DS0002,LoRA/LoRA/id_2502/._lora_001_000.png,CORRUPT_IMAGE,/kaggle/input/datasets/isthisdeception/ds0002-diff-official-test/raw/DS0002/test/I2I
DS0002,LoRA/LoRA/id_2502/._lora_002_000.png,CORRUPT_IMAGE,/kaggle/input/datasets/isthisdeception/ds0002-diff-official-test/raw/DS0002/test/I2I
DS0002,LoRA/LoRA/id_2502/._lora_003_000.png,CORRUPT_IMAGE,/kaggle/input/datasets/isthisdeception/ds0002-diff-official-test/raw/DS0002/test/I2I
DS0002,LoRA/LoRA/id_2502/._lora_004_000.png,CORRUPT_IMAGE,/kaggle/input/datasets/isthisdeception/ds0002-diff-official-test/raw/DS0002/test/I2I
DS0002,LoRA/LoRA/id_2502/._lora_005_000.png,CORRUPT_IMAGE,/kaggle/input/datasets/isthisdeception/ds0002-diff-official-test/raw/DS0002/test/I2I
DS0002,LoRA/LoRA/id_2502/._lora_006_000.png,CORRUPT_IMAGE,/kaggle/input/datasets/isthisdeception/ds0002-diff-official-test/raw/DS0002/test/I2I
DS0002,LoRA/LoRA/id_2502/._lora_007_000.png,CORRUPT_IMAGE,/kaggle/input/datasets/isthisdeception/ds0002-diff-official-test/raw/DS0002/test/I2I
DS0002,LoRA/LoRA/id_2502/._lora_008_000.png,CORRUPT_IMAGE,/kaggle/input/datasets/isthisdeception/ds0002-diff-official-test/raw/DS0002/test/I2I
DS0002,LoRA/LoRA/id_0354/._lora_001_000.png,CORRUPT_IMAGE,/kaggle/input/datasets/isthisdeception/ds0002-diff-official-test/raw/DS0002/test/I2I
DS0002,LoRA/LoRA/id_0354/._lora_002_000.png,CORRUPT_IMAGE,/kaggle/input/datasets/isthisdeception/ds0002-diff-official-test/raw/DS0002/test/I2I
DS0002,LoRA/LoRA/id_0354/._lora_003_000.png,CORRUPT_IMAGE,/kaggle/input/datasets/isthisdeception/ds0002-diff-official-test/raw/DS0002/test/I2I
DS0002,LoRA/LoRA/id_0354/._lora_005_000.png,CORRUPT_IMAGE,/kaggle/input/datasets/isthisdeception/ds0002-diff-official-test/raw/DS0002/test/I2I
DS0002,LoRA/LoRA/id_0354/._lora_006_000.png,CORRUPT_IMAGE,/kaggle/input/datasets/isthisdeception/ds0002-diff-official-test/raw/DS0002/test/I2I
DS0002,LoRA/LoRA/id_0354/._lora_007_000.png,CORRUPT_IMAGE,/kaggle/input/datasets/isthisdeception/ds0002-diff-official-test/raw/DS0002/test/I2I
DS0002,LoRA/LoRA/id_0354/._lora_008_000.png,CORRUPT_IMAGE,/kaggle/input/datasets/isthisdeception/ds0002-diff-official-test/raw/DS0002/test/I2I
DS0002,LoRA/LoRA/id_0354/._lora_010_000.png,CORRUPT_IMAGE,/kaggle/input/datasets/isthisdeception/ds0002-diff-official-test/raw/DS0002/test/I2I
DS0002,LoRA/LoRA/id_0354/._lora_012_000.png,CORRUPT_IMAGE,/kaggle/input/datasets/isthisdeception/ds0002-diff-official-test/raw/DS0002/test/I2I
DS0002,LoRA/LoRA/id_0354/._lora_013_000.png,CORRUPT_IMAGE,/kaggle/input/datasets/isthisdeception/ds0002-diff-official-test/raw/DS0002/test/I2I
DS0002,LoRA/LoRA/id_0354/._lora_015_000.png,CORRUPT_IMAGE,/kaggle/input/datasets/isthisdeception/ds0002-diff-official-test/raw/DS0002/test/I2I
DS0002,LoRA/LoRA/id_0354/._lora_016_000.png,CORRUPT_IMAGE,/kaggle/input/datasets/isthisdeception/ds0002-diff-official-test/raw/DS0002/test/I2I
DS0002,LoRA/LoRA/id_0354/._lora_017_000.png,CORRUPT_IMAGE,/kaggle/input/datasets/isthisdeception/ds0002-diff-official-test/raw/DS0002/test/I2I
DS0002,LoRA/LoRA/id_0354/._lora_018_000.png,CORRUPT_IMAGE,/kaggle/input/datasets/isthisdeception/ds0002-diff-official-test/raw/DS0002/test/I2I
DS0002,LoRA/LoRA/id_0354/._lora_019_000.png,CORRUPT_IMAGE,/kaggle/input/datasets/isthisdeception/ds0002-diff-official-test/raw/DS0002/test/I2I
DS0002,LoRA/LoRA/id_0354/._lora_020_000.png,CORRUPT_IMAGE,/kaggle/input/datasets/isthisdeception/ds0002-diff-official-test/raw/DS0002/test/I2I
DS0002,LoRA/LoRA/id_1707/._lora_001_000.png,CORRUPT_IMAGE,/kaggle/input/datasets/isthisdeception/ds0002-diff-official-test/raw/DS0002/test/I2I
DS0002,LoRA/LoRA/id_1707/._lora_002_000.png,CORRUPT_IMAGE,/kaggle/input/datasets/isthisdeception/ds0002-diff-official-test/raw/DS0002/test/I2I
DS0002,LoRA/LoRA/id_1707/._lora_003_000.png,CORRUPT_IMAGE,/kaggle/input/datasets/isthisdeception/ds0002-diff-official-test/raw/DS0002/test/I2I
DS0002,LoRA/LoRA/id_1707/._lora_004_000.png,CORRUPT_IMAGE,/kaggle/input/datasets/isthisdeception/ds0002-diff-official-test/raw/DS0002/test/I2I
DS0002,LoRA/LoRA/id_2541/._Camélia_Jordana_lora_001_000.png,CORRUPT_IMAGE,/kaggle/input/datasets/isthisdeception/ds0002-diff-official-test/raw/DS0002/test/I2I
DS0002,LoRA/LoRA/id_2541/._Camélia_Jordana_lora_002_000.png,CORRUPT_IMAGE,/kaggle/input/datasets/isthisdeception/ds0002-diff-official-test/raw/DS0002/test/I2I
DS0002,LoRA/LoRA/id_2541/._Camélia_Jordana_lora_003_000.png,CORRUPT_IMAGE,/kaggle/input/datasets/isthisdeception/ds0002-diff-official-test/raw/DS0002/test/I2I
DS0002,LoRA/LoRA/id_2541/._Camélia_Jordana_lora_004_000.png,CORRUPT_IMAGE,/kaggle/input/datasets/isthisdeception/ds0002-diff-official-test/raw/DS0002/test/I2I
DS0002,LoRA/LoRA/id_2541/._Camélia_Jordana_lora_005_000.png,CORRUPT_IMAGE,/kaggle/input/datasets/isthisdeception/ds0002-diff-official-test/raw/DS0002/test/I2I
DS0002,LoRA/LoRA/id_2541/._Camélia_Jordana_lora_006_000.png,CORRUPT_IMAGE,/kaggle/input/datasets/isthisdeception/ds0002-diff-official-test/raw/DS0002/test/I2I
DS0002,LoRA/LoRA/id_2541/._Camélia_Jordana_lora_007_000.png,CORRUPT_IMAGE,/kaggle/input/datasets/isthisdeception/ds0002-diff-official-test/raw/DS0002/test/I2I
DS0002,LoRA/LoRA/id_2541/._Camélia_Jordana_lora_008_000.png,CORRUPT_IMAGE,/kaggle/input/datasets/isthisdeception/ds0002-diff-official-test/raw/DS0002/test/I2I
DS0002,LoRA/LoRA/id_2541/._Camélia_Jordana_lora_009_000.png,CORRUPT_IMAGE,/kaggle/input/datasets/isthisdeception/ds0002-diff-official-test/raw/DS0002/test/I2I
DS0002,LoRA/LoRA/id_2541/._Camélia_Jordana_lora_010_000.png,CORRUPT_IMAGE,/kaggle/input/datasets/isthisdeception/ds0002-diff-official-test/raw/DS0002/test/I2I
DS0002,LoRA/LoRA/id_2541/._Camélia_Jordana_lora_011_000.png,CORRUPT_IMAGE,/kaggle/input/datasets/isthisdeception/ds0002-diff-official-test/raw/DS0002/test/I2I
DS0002,LoRA/LoRA/id_2541/._Camélia_Jordana_lora_012_000.png,CORRUPT_IMAGE,/kaggle/input/datasets/isthisdeception/ds0002-diff-official-test/raw/DS0002/test/I2I
DS0002,LoRA/LoRA/id_2541/._lora_001_000.png,CORRUPT_IMAGE,/kaggle/input/datasets/isthisdeception/ds0002-diff-official-test/raw/DS0002/test/I2I
DS0002,LoRA/LoRA/id_2541/._lora_002_000.png,CORRUPT_IMAGE,/kaggle/input/datasets/isthisdeception/ds0002-diff-official-test/raw/DS0002/test/I2I
DS0002,LoRA/LoRA/id_2541/._lora_003_000.png,CORRUPT_IMAGE,/kaggle/input/datasets/isthisdeception/ds0002-diff-official-test/raw/DS0002/test/I2I
DS0002,LoRA/LoRA/id_2541/._lora_004_000.png,CORRUPT_IMAGE,/kaggle/input/datasets/isthisdeception/ds0002-diff-official-test/raw/DS0002/test/I2I
DS0002,LoRA/LoRA/id_2541/._lora_005_000.png,CORRUPT_IMAGE,/kaggle/input/datasets/isthisdeception/ds0002-diff-official-test/raw/DS0002/test/I2I
DS0002,LoRA/LoRA/id_2541/._lora_006_000.png,CORRUPT_IMAGE,/kaggle/input/datasets/isthisdeception/ds0002-diff-official-test/raw/DS0002/test/I2I
DS0002,LoRA/LoRA/id_2541/._lora_007_000.png,CORRUPT_IMAGE,/kaggle/input/datasets/isthisdeception/ds0002-diff-official-test/raw/DS0002/test/I2I
DS0002,LoRA/LoRA/id_2541/._lora_008_000.png,CORRUPT_IMAGE,/kaggle/input/datasets/isthisdeception/ds0002-diff-official-test/raw/DS0002/test/I2I
DS0002,LoRA/LoRA/id_2541/._lora_009_000.png,CORRUPT_IMAGE,/kaggle/input/datasets/isthisdeception/ds0002-diff-official-test/raw/DS0002/test/I2I
DS0002,LoRA/LoRA/id_2541/._lora_010_000.png,CORRUPT_IMAGE,/kaggle/input/datasets/isthisdeception/ds0002-diff-official-test/raw/DS0002/test/I2I
DS0002,LoRA/LoRA/id_2541/._lora_011_000.png,CORRUPT_IMAGE,/kaggle/input/datasets/isthisdeception/ds0002-diff-official-test/raw/DS0002/test/I2I
DS0002,LoRA/LoRA/id_2541/._lora_012_000.png,CORRUPT_IMAGE,/kaggle/input/datasets/isthisdeception/ds0002-diff-official-test/raw/DS0002/test/I2I
DS0002,LoRA/LoRA/id_0978/._Angela_Sarafyan_lora_001_000.png,CORRUPT_IMAGE,/kaggle/input/datasets/isthisdeception/ds0002-diff-official-test/raw/DS0002/test/I2I
DS0002,LoRA/LoRA/id_0978/._Angela_Sarafyan_lora_002_000.png,CORRUPT_IMAGE,/kaggle/input/datasets/isthisdeception/ds0002-diff-official-test/raw/DS0002/test/I2I
DS0002,LoRA/LoRA/id_0978/._Angela_Sarafyan_lora_003_000.png,CORRUPT_IMAGE,/kaggle/input/datasets/isthisdeception/ds0002-diff-official-test/raw/DS0002/test/I2I
DS0002,LoRA/LoRA/id_0978/._Angela_Sarafyan_lora_004_000.png,CORRUPT_IMAGE,/kaggle/input/datasets/isthisdeception/ds0002-diff-official-test/raw/DS0002/test/I2I
DS0002,LoRA/LoRA/id_0978/._Angela_Sarafyan_lora_005_000.png,CORRUPT_IMAGE,/kaggle/input/datasets/isthisdeception/ds0002-diff-official-test/raw/DS0002/test/I2I
DS0002,LoRA/LoRA/id_0978/._Angela_Sarafyan_lora_006_000.png,CORRUPT_IMAGE,/kaggle/input/datasets/isthisdeception/ds0002-diff-official-test/raw/DS0002/test/I2I
DS0002,LoRA/LoRA/id_0978/._Angela_Sarafyan_lora_007_000.png,CORRUPT_IMAGE,/kaggle/input/datasets/isthisdeception/ds0002-diff-official-test/raw/DS0002/test/I2I
DS0002,LoRA/LoRA/id_0978/._Angela_Sarafyan_lora_008_000.png,CORRUPT_IMAGE,/kaggle/input/datasets/isthisdeception/ds0002-diff-official-test/raw/DS0002/test/I2I
DS0002,LoRA/LoRA/id_0978/._Angela_Sarafyan_lora_009_000.png,CORRUPT_IMAGE,/kaggle/input/datasets/isthisdeception/ds0002-diff-official-test/raw/DS0002/test/I2I
DS0002,LoRA/LoRA/id_0978/._Angela_Sarafyan_lora_010_000.png,CORRUPT_IMAGE,/kaggle/input/datasets/isthisdeception/ds0002-diff-official-test/raw/DS0002/test/I2I
DS0002,LoRA/LoRA/id_0978/._Angela_Sarafyan_lora_011_000.png,CORRUPT_IMAGE,/kaggle/input/datasets/isthisdeception/ds0002-diff-official-test/raw/DS0002/test/I2I
DS0002,LoRA/LoRA/id_0978/._Angela_Sarafyan_lora_012_000.png,CORRUPT_IMAGE,/kaggle/input/datasets/isthisdeception/ds0002-diff-official-test/raw/DS0002/test/I2I
DS0002,LoRA/LoRA/id_0978/._Angela_Sarafyan_lora_013_000.png,CORRUPT_IMAGE,/kaggle/input/datasets/isthisdeception/ds0002-diff-official-test/raw/DS0002/test/I2I
DS0002,LoRA/LoRA/id_0978/._Angela_Sarafyan_lora_014_000.png,CORRUPT_IMAGE,/kaggle/input/datasets/isthisdeception/ds0002-diff-official-test/raw/DS0002/test/I2I
DS0002,LoRA/LoRA/id_0978/._Angela_Sarafyan_lora_016_000.png,CORRUPT_IMAGE,/kaggle/input/datasets/isthisdeception/ds0002-diff-official-test/raw/DS0002/test/I2I
DS0002,LoRA/LoRA/id_0978/._Angela_Sarafyan_lora_017_000.png,CORRUPT_IMAGE,/kaggle/input/datasets/isthisdeception/ds0002-diff-official-test/raw/DS0002/test/I2I
DS0002,LoRA/LoRA/id_0978/._Angela_Sarafyan_lora_018_000.png,CORRUPT_IMAGE,/kaggle/input/datasets/isthisdeception/ds0002-diff-official-test/raw/DS0002/test/I2I
DS0002,LoRA/LoRA/id_0978/._Angela_Sarafyan_lora_019_000.png,CORRUPT_IMAGE,/kaggle/input/datasets/isthisdeception/ds0002-diff-official-test/raw/DS0002/test/I2I
DS0002,LoRA/LoRA/id_0978/._Angela_Sarafyan_lora_020_000.png,CORRUPT_IMAGE,/kaggle/input/datasets/isthisdeception/ds0002-diff-official-test/raw/DS0002/test/I2I
DS0002,LoRA/LoRA/id_0978/._lora_001_000.png,CORRUPT_IMAGE,/kaggle/input/datasets/isthisdeception/ds0002-diff-official-test/raw/DS0002/test/I2I
DS0002,LoRA/LoRA/id_0978/._lora_002_000.png,CORRUPT_IMAGE,/kaggle/input/datasets/isthisdeception/ds0002-diff-official-test/raw/DS0002/test/I2I
DS0002,LoRA/LoRA/id_0978/._lora_003_000.png,CORRUPT_IMAGE,/kaggle/input/datasets/isthisdeception/ds0002-diff-official-test/raw/DS0002/test/I2I
DS0002,LoRA/LoRA/id_0978/._lora_004_000.png,CORRUPT_IMAGE,/kaggle/input/datasets/isthisdeception/ds0002-diff-official-test/raw/DS0002/test/I2I
DS0002,LoRA/LoRA/id_0978/._lora_005_000.png,CORRUPT_IMAGE,/kaggle/input/datasets/isthisdeception/ds0002-diff-official-test/raw/DS0002/test/I2I
DS0002,LoRA/LoRA/id_0978/._lora_006_000.png,CORRUPT_IMAGE,/kaggle/input/datasets/isthisdeception/ds0002-diff-official-test/raw/DS0002/test/I2I
DS0002,LoRA/LoRA/id_0978/._lora_007_000.png,CORRUPT_IMAGE,/kaggle/input/datasets/isthisdeception/ds0002-diff-official-test/raw/DS0002/test/I2I
DS0002,LoRA/LoRA/id_0978/._lora_008_000.png,CORRUPT_IMAGE,/kaggle/input/datasets/isthisdeception/ds0002-diff-official-test/raw/DS0002/test/I2I
DS0002,LoRA/LoRA/id_0978/._lora_009_000.png,CORRUPT_IMAGE,/kaggle/input/datasets/isthisdeception/ds0002-diff-official-test/raw/DS0002/test/I2I
DS0002,LoRA/LoRA/id_0978/._lora_010_000.png,CORRUPT_IMAGE,/kaggle/input/datasets/isthisdeception/ds0002-diff-official-test/raw/DS0002/test/I2I
DS0002,LoRA/LoRA/id_0978/._lora_011_000.png,CORRUPT_IMAGE,/kaggle/input/datasets/isthisdeception/ds0002-diff-official-test/raw/DS0002/test/I2I
DS0002,LoRA/LoRA/id_0978/._lora_012_000.png,CORRUPT_IMAGE,/kaggle/input/datasets/isthisdeception/ds0002-diff-official-test/raw/DS0002/test/I2I
DS0002,LoRA/LoRA/id_0978/._lora_013_000.png,CORRUPT_IMAGE,/kaggle/input/datasets/isthisdeception/ds0002-diff-official-test/raw/DS0002/test/I2I
DS0002,LoRA/LoRA/id_0978/._lora_014_000.png,CORRUPT_IMAGE,/kaggle/input/datasets/isthisdeception/ds0002-diff-official-test/raw/DS0002/test/I2I
DS0002,LoRA/LoRA/id_0978/._lora_015_000.png,CORRUPT_IMAGE,/kaggle/input/datasets/isthisdeception/ds0002-diff-official-test/raw/DS0002/test/I2I
DS0002,LoRA/LoRA/id_0978/._lora_016_000.png,CORRUPT_IMAGE,/kaggle/input/datasets/isthisdeception/ds0002-diff-official-test/raw/DS0002/test/I2I
DS0002,LoRA/LoRA/id_0978/._lora_017_000.png,CORRUPT_IMAGE,/kaggle/input/datasets/isthisdeception/ds0002-diff-official-test/raw/DS0002/test/I2I
DS0002,LoRA/LoRA/id_0978/._lora_018_000.png,CORRUPT_IMAGE,/kaggle/input/datasets/isthisdeception/ds0002-diff-official-test/raw/DS0002/test/I2I
DS0002,LoRA/LoRA/id_0978/._lora_019_000.png,CORRUPT_IMAGE,/kaggle/input/datasets/isthisdeception/ds0002-diff-official-test/raw/DS0002/test/I2I
DS0002,LoRA/LoRA/id_0978/._lora_020_000.png,CORRUPT_IMAGE,/kaggle/input/datasets/isthisdeception/ds0002-diff-official-test/raw/DS0002/test/I2I
DS0002,LoRA/LoRA/id_1564/._lora_001_000.png,CORRUPT_IMAGE,/kaggle/input/datasets/isthisdeception/ds0002-diff-official-test/raw/DS0002/test/I2I
DS0002,LoRA/LoRA/id_1564/._lora_002_000.png,CORRUPT_IMAGE,/kaggle/input/datasets/isthisdeception/ds0002-diff-official-test/raw/DS0002/test/I2I
DS0002,LoRA/LoRA/id_1564/._lora_003_000.png,CORRUPT_IMAGE,/kaggle/input/datasets/isthisdeception/ds0002-diff-official-test/raw/DS0002/test/I2I
DS0002,LoRA/LoRA/id_1564/._lora_004_000.png,CORRUPT_IMAGE,/kaggle/input/datasets/isthisdeception/ds0002-diff-official-test/raw/DS0002/test/I2I
DS0002,LoRA/LoRA/id_1564/._lora_005_000.png,CORRUPT_IMAGE,/kaggle/input/datasets/isthisdeception/ds0002-diff-official-test/raw/DS0002/test/I2I
DS0002,LoRA/LoRA/id_1564/._lora_006_000.png,CORRUPT_IMAGE,/kaggle/input/datasets/isthisdeception/ds0002-diff-official-test/raw/DS0002/test/I2I
DS0002,LoRA/LoRA/id_1564/._lora_007_000.png,CORRUPT_IMAGE,/kaggle/input/datasets/isthisdeception/ds0002-diff-official-test/raw/DS0002/test/I2I
DS0002,LoRA/LoRA/id_1564/._lora_008_000.png,CORRUPT_IMAGE,/kaggle/input/datasets/isthisdeception/ds0002-diff-official-test/raw/DS0002/test/I2I
DS0002,LoRA/LoRA/id_1564/._lora_009_000.png,CORRUPT_IMAGE,/kaggle/input/datasets/isthisdeception/ds0002-diff-official-test/raw/DS0002/test/I2I
DS0002,LoRA/LoRA/id_1564/._lora_010_000.png,CORRUPT_IMAGE,/kaggle/input/datasets/isthisdeception/ds0002-diff-official-test/raw/DS0002/test/I2I
DS0002,LoRA/LoRA/id_1564/._lora_011_000.png,CORRUPT_IMAGE,/kaggle/input/datasets/isthisdeception/ds0002-diff-official-test/raw/DS0002/test/I2I
DS0002,LoRA/LoRA/id_1564/._lora_012_000.png,CORRUPT_IMAGE,/kaggle/input/datasets/isthisdeception/ds0002-diff-official-test/raw/DS0002/test/I2I
DS0002,LoRA/LoRA/id_1564/._lora_013_000.png,CORRUPT_IMAGE,/kaggle/input/datasets/isthisdeception/ds0002-diff-official-test/raw/DS0002/test/I2I
DS0002,LoRA/LoRA/id_1564/._lora_014_000.png,CORRUPT_IMAGE,/kaggle/input/datasets/isthisdeception/ds0002-diff-official-test/raw/DS0002/test/I2I
DS0002,LoRA/LoRA/id_1564/._lora_015_000.png,CORRUPT_IMAGE,/kaggle/input/datasets/isthisdeception/ds0002-diff-official-test/raw/DS0002/test/I2I
DS0002,LoRA/LoRA/id_1564/._lora_016_000.png,CORRUPT_IMAGE,/kaggle/input/datasets/isthisdeception/ds0002-diff-official-test/raw/DS0002/test/I2I
DS0002,LoRA/LoRA/id_1564/._lora_017_000.png,CORRUPT_IMAGE,/kaggle/input/datasets/isthisdeception/ds0002-diff-official-test/raw/DS0002/test/I2I
DS0002,LoRA/LoRA/id_1564/._lora_018_000.png,CORRUPT_IMAGE,/kaggle/input/datasets/isthisdeception/ds0002-diff-official-test/raw/DS0002/test/I2I
DS0002,LoRA/LoRA/id_1564/._lora_019_000.png,CORRUPT_IMAGE,/kaggle/input/datasets/isthisdeception/ds0002-diff-official-test/raw/DS0002/test/I2I
DS0002,LoRA/LoRA/id_1564/._lora_020_000.png,CORRUPT_IMAGE,/kaggle/input/datasets/isthisdeception/ds0002-diff-official-test/raw/DS0002/test/I2I
DS0002,LoRA/LoRA/id_1564/._lora_021_000.png,CORRUPT_IMAGE,/kaggle/input/datasets/isthisdeception/ds0002-diff-official-test/raw/DS0002/test/I2I
DS0002,LoRA/LoRA/id_1564/._lora_022_000.png,CORRUPT_IMAGE,/kaggle/input/datasets/isthisdeception/ds0002-diff-official-test/raw/DS0002/test/I2I
DS0002,LoRA/LoRA/id_1564/._lora_023_000.png,CORRUPT_IMAGE,/kaggle/input/datasets/isthisdeception/ds0002-diff-official-test/raw/DS0002/test/I2I
DS0002,LoRA/LoRA/id_1564/._lora_024_000.png,CORRUPT_IMAGE,/kaggle/input/datasets/isthisdeception/ds0002-diff-official-test/raw/DS0002/test/I2I
DS0002,LoRA/LoRA/id_1564/._lora_025_000.png,CORRUPT_IMAGE,/kaggle/input/datasets/isthisdeception/ds0002-diff-official-test/raw/DS0002/test/I2I
DS0002,LoRA/LoRA/id_1564/._lora_026_000.png,CORRUPT_IMAGE,/kaggle/input/datasets/isthisdeception/ds0002-diff-official-test/raw/DS0002/test/I2I
DS0002,LoRA/LoRA/id_1564/._lora_027_000.png,CORRUPT_IMAGE,/kaggle/input/datasets/isthisdeception/ds0002-diff-official-test/raw/DS0002/test/I2I
DS0002,LoRA/LoRA/id_1564/._lora_028_000.png,CORRUPT_IMAGE,/kaggle/input/datasets/isthisdeception/ds0002-diff-official-test/raw/DS0002/test/I2I
DS0002,LoRA/LoRA/id_1564/._lora_029_000.png,CORRUPT_IMAGE,/kaggle/input/datasets/isthisdeception/ds0002-diff-official-test/raw/DS0002/test/I2I
DS0002,LoRA/LoRA/id_1564/._lora_030_000.png,CORRUPT_IMAGE,/kaggle/input/datasets/isthisdeception/ds0002-diff-official-test/raw/DS0002/test/I2I
DS0002,LoRA/LoRA/id_1564/._lora_031_000.png,CORRUPT_IMAGE,/kaggle/input/datasets/isthisdeception/ds0002-diff-official-test/raw/DS0002/test/I2I
DS0002,LoRA/LoRA/id_1564/._lora_032_000.png,CORRUPT_IMAGE,/kaggle/input/datasets/isthisdeception/ds0002-diff-official-test/raw/DS0002/test/I2I
DS0002,LoRA/LoRA/id_1564/._lora_033_000.png,CORRUPT_IMAGE,/kaggle/input/datasets/isthisdeception/ds0002-diff-official-test/raw/DS0002/test/I2I
DS0002,LoRA/LoRA/id_1564/._lora_034_000.png,CORRUPT_IMAGE,/kaggle/input/datasets/isthisdeception/ds0002-diff-official-test/raw/DS0002/test/I2I
DS0002,LoRA/LoRA/id_1564/._lora_035_000.png,CORRUPT_IMAGE,/kaggle/input/datasets/isthisdeception/ds0002-diff-official-test/raw/DS0002/test/I2I
DS0002,LoRA/LoRA/id_1564/._lora_036_000.png,CORRUPT_IMAGE,/kaggle/input/datasets/isthisdeception/ds0002-diff-official-test/raw/DS0002/test/I2I
DS0002,LoRA/LoRA/id_1564/._lora_037_000.png,CORRUPT_IMAGE,/kaggle/input/datasets/isthisdeception/ds0002-diff-official-test/raw/DS0002/test/I2I
DS0002,LoRA/LoRA/id_1564/._lora_038_000.png,CORRUPT_IMAGE,/kaggle/input/datasets/isthisdeception/ds0002-diff-official-test/raw/DS0002/test/I2I
DS0002,LoRA/LoRA/id_1564/._lora_039_000.png,CORRUPT_IMAGE,/kaggle/input/datasets/isthisdeception/ds0002-diff-official-test/raw/DS0002/test/I2I
DS0002,LoRA/LoRA/id_1564/._lora_040_000.png,CORRUPT_IMAGE,/kaggle/input/datasets/isthisdeception/ds0002-diff-official-test/raw/DS0002/test/I2I
DS0002,LoRA/LoRA/id_2431/._lora_002_000.png,CORRUPT_IMAGE,/kaggle/input/datasets/isthisdeception/ds0002-diff-official-test/raw/DS0002/test/I2I
DS0002,LoRA/LoRA/id_2431/._lora_003_000.png,CORRUPT_IMAGE,/kaggle/input/datasets/isthisdeception/ds0002-diff-official-test/raw/DS0002/test/I2I
DS0002,LoRA/LoRA/id_2431/._lora_005_000.png,CORRUPT_IMAGE,/kaggle/input/datasets/isthisdeception/ds0002-diff-official-test/raw/DS0002/test/I2I
DS0002,LoRA/LoRA/id_2431/._lora_006_000.png,CORRUPT_IMAGE,/kaggle/input/datasets/isthisdeception/ds0002-diff-official-test/raw/DS0002/test/I2I
DS0002,LoRA/LoRA/id_2431/._lora_009_000.png,CORRUPT_IMAGE,/kaggle/input/datasets/isthisdeception/ds0002-diff-official-test/raw/DS0002/test/I2I
DS0002,LoRA/LoRA/id_2431/._lora_010_000.png,CORRUPT_IMAGE,/kaggle/input/datasets/isthisdeception/ds0002-diff-official-test/raw/DS0002/test/I2I
DS0002,LoRA/LoRA/id_2431/._lora_011_000.png,CORRUPT_IMAGE,/kaggle/input/datasets/isthisdeception/ds0002-diff-official-test/raw/DS0002/test/I2I
DS0002,LoRA/LoRA/id_2431/._lora_012_000.png,CORRUPT_IMAGE,/kaggle/input/datasets/isthisdeception/ds0002-diff-official-test/raw/DS0002/test/I2I
DS0002,LoRA/LoRA/id_2431/._lora_013_000.png,CORRUPT_IMAGE,/kaggle/input/datasets/isthisdeception/ds0002-diff-official-test/raw/DS0002/test/I2I
DS0002,LoRA/LoRA/id_2431/._lora_014_000.png,CORRUPT_IMAGE,/kaggle/input/datasets/isthisdeception/ds0002-diff-official-test/raw/DS0002/test/I2I
DS0002,LoRA/LoRA/id_2431/._lora_015_000.png,CORRUPT_IMAGE,/kaggle/input/datasets/isthisdeception/ds0002-diff-official-test/raw/DS0002/test/I2I
DS0002,LoRA/LoRA/id_2431/._lora_016_000.png,CORRUPT_IMAGE,/kaggle/input/datasets/isthisdeception/ds0002-diff-official-test/raw/DS0002/test/I2I
DS0002,LoRA/LoRA/id_1741/._lora_002_000.png,CORRUPT_IMAGE,/kaggle/input/datasets/isthisdeception/ds0002-diff-official-test/raw/DS0002/test/I2I
DS0002,LoRA/LoRA/id_1741/._lora_003_000.png,CORRUPT_IMAGE,/kaggle/input/datasets/isthisdeception/ds0002-diff-official-test/raw/DS0002/test/I2I
DS0002,LoRA/LoRA/id_1741/._lora_004_000.png,CORRUPT_IMAGE,/kaggle/input/datasets/isthisdeception/ds0002-diff-official-test/raw/DS0002/test/I2I
DS0002,LoRA/LoRA/id_2382/._lora_001_000.png,CORRUPT_IMAGE,/kaggle/input/datasets/isthisdeception/ds0002-diff-official-test/raw/DS0002/test/I2I
DS0002,LoRA/LoRA/id_2382/._lora_002_000.png,CORRUPT_IMAGE,/kaggle/input/datasets/isthisdeception/ds0002-diff-official-test/raw/DS0002/test/I2I
DS0002,LoRA/LoRA/id_2382/._lora_003_000.png,CORRUPT_IMAGE,/kaggle/input/datasets/isthisdeception/ds0002-diff-official-test/raw/DS0002/test/I2I
DS0002,LoRA/LoRA/id_2382/._lora_004_000.png,CORRUPT_IMAGE,/kaggle/input/datasets/isthisdeception/ds0002-diff-official-test/raw/DS0002/test/I2I
DS0002,LoRA/LoRA/id_2342/._lora_001_000.png,CORRUPT_IMAGE,/kaggle/input/datasets/isthisdeception/ds0002-diff-official-test/raw/DS0002/test/I2I
DS0002,LoRA/LoRA/id_2342/._lora_002_000.png,CORRUPT_IMAGE,/kaggle/input/datasets/isthisdeception/ds0002-diff-official-test/raw/DS0002/test/I2I
DS0002,LoRA/LoRA/id_2342/._lora_004_000.png,CORRUPT_IMAGE,/kaggle/input/datasets/isthisdeception/ds0002-diff-official-test/raw/DS0002/test/I2I
DS0002,LoRA/LoRA/id_2443/._lora_002_000.png,CORRUPT_IMAGE,/kaggle/input/datasets/isthisdeception/ds0002-diff-official-test/raw/DS0002/test/I2I
DS0002,LoRA/LoRA/id_2443/._lora_003_000.png,CORRUPT_IMAGE,/kaggle/input/datasets/isthisdeception/ds0002-diff-official-test/raw/DS0002/test/I2I
DS0002,LoRA/LoRA/id_2443/._lora_004_000.png,CORRUPT_IMAGE,/kaggle/input/datasets/isthisdeception/ds0002-diff-official-test/raw/DS0002/test/I2I
DS0002,LoRA/LoRA/id_2168/._lora_001_000.png,CORRUPT_IMAGE,/kaggle/input/datasets/isthisdeception/ds0002-diff-official-test/raw/DS0002/test/I2I
DS0002,LoRA/LoRA/id_2168/._lora_002_000.png,CORRUPT_IMAGE,/kaggle/input/datasets/isthisdeception/ds0002-diff-official-test/raw/DS0002/test/I2I
DS0002,LoRA/LoRA/id_2168/._lora_003_000.png,CORRUPT_IMAGE,/kaggle/input/datasets/isthisdeception/ds0002-diff-official-test/raw/DS0002/test/I2I
DS0002,LoRA/LoRA/id_2168/._lora_004_000.png,CORRUPT_IMAGE,/kaggle/input/datasets/isthisdeception/ds0002-diff-official-test/raw/DS0002/test/I2I
DS0002,LoRA/LoRA/id_2168/._lora_005_000.png,CORRUPT_IMAGE,/kaggle/input/datasets/isthisdeception/ds0002-diff-official-test/raw/DS0002/test/I2I
DS0002,LoRA/LoRA/id_2168/._lora_006_000.png,CORRUPT_IMAGE,/kaggle/input/datasets/isthisdeception/ds0002-diff-official-test/raw/DS0002/test/I2I
DS0002,LoRA/LoRA/id_2168/._lora_007_000.png,CORRUPT_IMAGE,/kaggle/input/datasets/isthisdeception/ds0002-diff-official-test/raw/DS0002/test/I2I
DS0002,LoRA/LoRA/id_2168/._lora_008_000.png,CORRUPT_IMAGE,/kaggle/input/datasets/isthisdeception/ds0002-diff-official-test/raw/DS0002/test/I2I
DS0002,LoRA/LoRA/id_2168/._lora_009_000.png,CORRUPT_IMAGE,/kaggle/input/datasets/isthisdeception/ds0002-diff-official-test/raw/DS0002/test/I2I
DS0002,LoRA/LoRA/id_2168/._lora_010_000.png,CORRUPT_IMAGE,/kaggle/input/datasets/isthisdeception/ds0002-diff-official-test/raw/DS0002/test/I2I
DS0002,LoRA/LoRA/id_2168/._lora_011_000.png,CORRUPT_IMAGE,/kaggle/input/datasets/isthisdeception/ds0002-diff-official-test/raw/DS0002/test/I2I
DS0002,LoRA/LoRA/id_2168/._lora_012_000.png,CORRUPT_IMAGE,/kaggle/input/datasets/isthisdeception/ds0002-diff-official-test/raw/DS0002/test/I2I
DS0002,LoRA/LoRA/id_1885/._lora_001_000.png,CORRUPT_IMAGE,/kaggle/input/datasets/isthisdeception/ds0002-diff-official-test/raw/DS0002/test/I2I
DS0002,LoRA/LoRA/id_1885/._lora_003_000.png,CORRUPT_IMAGE,/kaggle/input/datasets/isthisdeception/ds0002-diff-official-test/raw/DS0002/test/I2I
DS0002,LoRA/LoRA/id_1885/._lora_004_000.png,CORRUPT_IMAGE,/kaggle/input/datasets/isthisdeception/ds0002-diff-official-test/raw/DS0002/test/I2I
DS0002,LoRA/LoRA/id_1885/._lora_005_000.png,CORRUPT_IMAGE,/kaggle/input/datasets/isthisdeception/ds0002-diff-official-test/raw/DS0002/test/I2I
DS0002,LoRA/LoRA/id_1885/._lora_006_000.png,CORRUPT_IMAGE,/kaggle/input/datasets/isthisdeception/ds0002-diff-official-test/raw/DS0002/test/I2I
DS0002,LoRA/LoRA/id_1885/._lora_007_000.png,CORRUPT_IMAGE,/kaggle/input/datasets/isthisdeception/ds0002-diff-official-test/raw/DS0002/test/I2I
DS0002,LoRA/LoRA/id_1885/._lora_008_000.png,CORRUPT_IMAGE,/kaggle/input/datasets/isthisdeception/ds0002-diff-official-test/raw/DS0002/test/I2I
DS0002,LoRA/LoRA/id_1885/._lora_009_000.png,CORRUPT_IMAGE,/kaggle/input/datasets/isthisdeception/ds0002-diff-official-test/raw/DS0002/test/I2I
DS0002,LoRA/LoRA/id_1885/._lora_011_000.png,CORRUPT_IMAGE,/kaggle/input/datasets/isthisdeception/ds0002-diff-official-test/raw/DS0002/test/I2I
DS0002,LoRA/LoRA/id_1885/._lora_012_000.png,CORRUPT_IMAGE,/kaggle/input/datasets/isthisdeception/ds0002-diff-official-test/raw/DS0002/test/I2I
DS0002,LoRA/LoRA/id_1885/._lora_013_000.png,CORRUPT_IMAGE,/kaggle/input/datasets/isthisdeception/ds0002-diff-official-test/raw/DS0002/test/I2I
DS0002,LoRA/LoRA/id_1885/._lora_015_000.png,CORRUPT_IMAGE,/kaggle/input/datasets/isthisdeception/ds0002-diff-official-test/raw/DS0002/test/I2I
DS0002,LoRA/LoRA/id_1885/._lora_016_000.png,CORRUPT_IMAGE,/kaggle/input/datasets/isthisdeception/ds0002-diff-official-test/raw/DS0002/test/I2I
DS0002,LoRA/LoRA/id_2789/._lora_001_000.png,CORRUPT_IMAGE,/kaggle/input/datasets/isthisdeception/ds0002-diff-official-test/raw/DS0002/test/I2I
DS0002,LoRA/LoRA/id_2789/._lora_002_000.png,CORRUPT_IMAGE,/kaggle/input/datasets/isthisdeception/ds0002-diff-official-test/raw/DS0002/test/I2I
DS0002,LoRA/LoRA/id_2789/._lora_003_000.png,CORRUPT_IMAGE,/kaggle/input/datasets/isthisdeception/ds0002-diff-official-test/raw/DS0002/test/I2I
DS0002,LoRA/LoRA/id_2789/._lora_004_000.png,CORRUPT_IMAGE,/kaggle/input/datasets/isthisdeception/ds0002-diff-official-test/raw/DS0002/test/I2I
DS0002,LoRA/LoRA/id_0276/._lora_001_000.png,CORRUPT_IMAGE,/kaggle/input/datasets/isthisdeception/ds0002-diff-official-test/raw/DS0002/test/I2I
DS0002,LoRA/LoRA/id_0276/._lora_003_000.png,CORRUPT_IMAGE,/kaggle/input/datasets/isthisdeception/ds0002-diff-official-test/raw/DS0002/test/I2I
DS0002,LoRA/LoRA/id_0276/._lora_004_000.png,CORRUPT_IMAGE,/kaggle/input/datasets/isthisdeception/ds0002-diff-official-test/raw/DS0002/test/I2I
DS0002,LoRA/LoRA/id_1904/._lora_001_000.png,CORRUPT_IMAGE,/kaggle/input/datasets/isthisdeception/ds0002-diff-official-test/raw/DS0002/test/I2I
DS0002,LoRA/LoRA/id_1904/._lora_002_000.png,CORRUPT_IMAGE,/kaggle/input/datasets/isthisdeception/ds0002-diff-official-test/raw/DS0002/test/I2I
DS0002,LoRA/LoRA/id_1904/._lora_003_000.png,CORRUPT_IMAGE,/kaggle/input/datasets/isthisdeception/ds0002-diff-official-test/raw/DS0002/test/I2I
DS0002,LoRA/LoRA/id_1904/._lora_004_000.png,CORRUPT_IMAGE,/kaggle/input/datasets/isthisdeception/ds0002-diff-official-test/raw/DS0002/test/I2I
DS0002,LoRA/LoRA/id_2522/._Allari_Naresh_lora_001_000.png,CORRUPT_IMAGE,/kaggle/input/datasets/isthisdeception/ds0002-diff-official-test/raw/DS0002/test/I2I
DS0002,LoRA/LoRA/id_2522/._Allari_Naresh_lora_002_000.png,CORRUPT_IMAGE,/kaggle/input/datasets/isthisdeception/ds0002-diff-official-test/raw/DS0002/test/I2I
DS0002,LoRA/LoRA/id_2522/._Allari_Naresh_lora_003_000.png,CORRUPT_IMAGE,/kaggle/input/datasets/isthisdeception/ds0002-diff-official-test/raw/DS0002/test/I2I
DS0002,LoRA/LoRA/id_2522/._Allari_Naresh_lora_004_000.png,CORRUPT_IMAGE,/kaggle/input/datasets/isthisdeception/ds0002-diff-official-test/raw/DS0002/test/I2I
DS0002,LoRA/LoRA/id_2522/._lora_001_000.png,CORRUPT_IMAGE,/kaggle/input/datasets/isthisdeception/ds0002-diff-official-test/raw/DS0002/test/I2I
DS0002,LoRA/LoRA/id_2522/._lora_002_000.png,CORRUPT_IMAGE,/kaggle/input/datasets/isthisdeception/ds0002-diff-official-test/raw/DS0002/test/I2I
DS0002,LoRA/LoRA/id_2522/._lora_003_000.png,CORRUPT_IMAGE,/kaggle/input/datasets/isthisdeception/ds0002-diff-official-test/raw/DS0002/test/I2I
DS0002,LoRA/LoRA/id_2522/._lora_004_000.png,CORRUPT_IMAGE,/kaggle/input/datasets/isthisdeception/ds0002-diff-official-test/raw/DS0002/test/I2I
DS0002,LoRA/LoRA/id_2715/._lora_001_000.png,CORRUPT_IMAGE,/kaggle/input/datasets/isthisdeception/ds0002-diff-official-test/raw/DS0002/test/I2I
DS0002,LoRA/LoRA/id_2715/._lora_002_000.png,CORRUPT_IMAGE,/kaggle/input/datasets/isthisdeception/ds0002-diff-official-test/raw/DS0002/test/I2I
DS0002,LoRA/LoRA/id_2715/._lora_003_000.png,CORRUPT_IMAGE,/kaggle/input/datasets/isthisdeception/ds0002-diff-official-test/raw/DS0002/test/I2I
DS0002,LoRA/LoRA/id_2715/._lora_004_000.png,CORRUPT_IMAGE,/kaggle/input/datasets/isthisdeception/ds0002-diff-official-test/raw/DS0002/test/I2I
DS0002,LoRA/LoRA/id_1832/._lora_001_000.png,CORRUPT_IMAGE,/kaggle/input/datasets/isthisdeception/ds0002-diff-official-test/raw/DS0002/test/I2I
DS0002,LoRA/LoRA/id_1832/._lora_003_000.png,CORRUPT_IMAGE,/kaggle/input/datasets/isthisdeception/ds0002-diff-official-test/raw/DS0002/test/I2I
DS0002,LoRA/LoRA/id_1832/._lora_006_000.png,CORRUPT_IMAGE,/kaggle/input/datasets/isthisdeception/ds0002-diff-official-test/raw/DS0002/test/I2I
DS0002,LoRA/LoRA/id_1832/._lora_008_000.png,CORRUPT_IMAGE,/kaggle/input/datasets/isthisdeception/ds0002-diff-official-test/raw/DS0002/test/I2I
DS0002,LoRA/LoRA/id_1832/._lora_009_000.png,CORRUPT_IMAGE,/kaggle/input/datasets/isthisdeception/ds0002-diff-official-test/raw/DS0002/test/I2I
DS0002,LoRA/LoRA/id_1832/._lora_011_000.png,CORRUPT_IMAGE,/kaggle/input/datasets/isthisdeception/ds0002-diff-official-test/raw/DS0002/test/I2I
DS0002,LoRA/LoRA/id_1832/._lora_012_000.png,CORRUPT_IMAGE,/kaggle/input/datasets/isthisdeception/ds0002-diff-official-test/raw/DS0002/test/I2I
DS0002,LoRA/LoRA/id_1832/._lora_014_000.png,CORRUPT_IMAGE,/kaggle/input/datasets/isthisdeception/ds0002-diff-official-test/raw/DS0002/test/I2I
DS0002,LoRA/LoRA/id_1832/._lora_017_000.png,CORRUPT_IMAGE,/kaggle/input/datasets/isthisdeception/ds0002-diff-official-test/raw/DS0002/test/I2I
DS0002,LoRA/LoRA/id_1832/._lora_019_000.png,CORRUPT_IMAGE,/kaggle/input/datasets/isthisdeception/ds0002-diff-official-test/raw/DS0002/test/I2I
DS0002,LoRA/LoRA/id_1832/._lora_020_000.png,CORRUPT_IMAGE,/kaggle/input/datasets/isthisdeception/ds0002-diff-official-test/raw/DS0002/test/I2I
DS0002,LoRA/LoRA/id_0156/._lora_001_000.png,CORRUPT_IMAGE,/kaggle/input/datasets/isthisdeception/ds0002-diff-official-test/raw/DS0002/test/I2I
DS0002,LoRA/LoRA/id_0156/._lora_002_000.png,CORRUPT_IMAGE,/kaggle/input/datasets/isthisdeception/ds0002-diff-official-test/raw/DS0002/test/I2I
DS0002,LoRA/LoRA/id_0156/._lora_003_000.png,CORRUPT_IMAGE,/kaggle/input/datasets/isthisdeception/ds0002-diff-official-test/raw/DS0002/test/I2I
DS0002,LoRA/LoRA/id_0156/._lora_004_000.png,CORRUPT_IMAGE,/kaggle/input/datasets/isthisdeception/ds0002-diff-official-test/raw/DS0002/test/I2I
DS0002,LoRA/LoRA/id_2219/._Algirdas_Butkevičius_lora_001_000.png,CORRUPT_IMAGE,/kaggle/input/datasets/isthisdeception/ds0002-diff-official-test/raw/DS0002/test/I2I
DS0002,LoRA/LoRA/id_2219/._Algirdas_Butkevičius_lora_002_000.png,CORRUPT_IMAGE,/kaggle/input/datasets/isthisdeception/ds0002-diff-official-test/raw/DS0002/test/I2I
DS0002,LoRA/LoRA/id_2219/._Algirdas_Butkevičius_lora_003_000.png,CORRUPT_IMAGE,/kaggle/input/datasets/isthisdeception/ds0002-diff-official-test/raw/DS0002/test/I2I
DS0002,LoRA/LoRA/id_2219/._Algirdas_Butkevičius_lora_004_000.png,CORRUPT_IMAGE,/kaggle/input/datasets/isthisdeception/ds0002-diff-official-test/raw/DS0002/test/I2I
DS0002,LoRA/LoRA/id_2219/._lora_002_000.png,CORRUPT_IMAGE,/kaggle/input/datasets/isthisdeception/ds0002-diff-official-test/raw/DS0002/test/I2I
DS0002,LoRA/LoRA/id_2219/._lora_003_000.png,CORRUPT_IMAGE,/kaggle/input/datasets/isthisdeception/ds0002-diff-official-test/raw/DS0002/test/I2I
DS0002,LoRA/LoRA/id_2219/._lora_004_000.png,CORRUPT_IMAGE,/kaggle/input/datasets/isthisdeception/ds0002-diff-official-test/raw/DS0002/test/I2I
DS0002,LoRA/LoRA/id_1284/._lora_001_000.png,CORRUPT_IMAGE,/kaggle/input/datasets/isthisdeception/ds0002-diff-official-test/raw/DS0002/test/I2I
DS0002,LoRA/LoRA/id_1284/._lora_002_000.png,CORRUPT_IMAGE,/kaggle/input/datasets/isthisdeception/ds0002-diff-official-test/raw/DS0002/test/I2I
DS0002,LoRA/LoRA/id_1284/._lora_003_000.png,CORRUPT_IMAGE,/kaggle/input/datasets/isthisdeception/ds0002-diff-official-test/raw/DS0002/test/I2I
DS0002,LoRA/LoRA/id_1284/._lora_004_000.png,CORRUPT_IMAGE,/kaggle/input/datasets/isthisdeception/ds0002-diff-official-test/raw/DS0002/test/I2I
DS0002,LoRA/LoRA/id_1284/._lora_005_000.png,CORRUPT_IMAGE,/kaggle/input/datasets/isthisdeception/ds0002-diff-official-test/raw/DS0002/test/I2I
DS0002,LoRA/LoRA/id_1284/._lora_006_000.png,CORRUPT_IMAGE,/kaggle/input/datasets/isthisdeception/ds0002-diff-official-test/raw/DS0002/test/I2I
DS0002,LoRA/LoRA/id_1284/._lora_007_000.png,CORRUPT_IMAGE,/kaggle/input/datasets/isthisdeception/ds0002-diff-official-test/raw/DS0002/test/I2I
DS0002,LoRA/LoRA/id_1284/._lora_008_000.png,CORRUPT_IMAGE,/kaggle/input/datasets/isthisdeception/ds0002-diff-official-test/raw/DS0002/test/I2I
DS0002,LoRA/LoRA/id_1284/._lora_009_000.png,CORRUPT_IMAGE,/kaggle/input/datasets/isthisdeception/ds0002-diff-official-test/raw/DS0002/test/I2I
DS0002,LoRA/LoRA/id_1284/._lora_010_000.png,CORRUPT_IMAGE,/kaggle/input/datasets/isthisdeception/ds0002-diff-official-test/raw/DS0002/test/I2I
DS0002,LoRA/LoRA/id_1284/._lora_011_000.png,CORRUPT_IMAGE,/kaggle/input/datasets/isthisdeception/ds0002-diff-official-test/raw/DS0002/test/I2I
DS0002,LoRA/LoRA/id_1284/._lora_013_000.png,CORRUPT_IMAGE,/kaggle/input/datasets/isthisdeception/ds0002-diff-official-test/raw/DS0002/test/I2I
DS0002,LoRA/LoRA/id_1284/._lora_014_000.png,CORRUPT_IMAGE,/kaggle/input/datasets/isthisdeception/ds0002-diff-official-test/raw/DS0002/test/I2I
DS0002,LoRA/LoRA/id_1284/._lora_015_000.png,CORRUPT_IMAGE,/kaggle/input/datasets/isthisdeception/ds0002-diff-official-test/raw/DS0002/test/I2I
DS0002,LoRA/LoRA/id_1284/._lora_016_000.png,CORRUPT_IMAGE,/kaggle/input/datasets/isthisdeception/ds0002-diff-official-test/raw/DS0002/test/I2I
DS0002,LoRA/LoRA/id_0190/._lora_001_000.png,CORRUPT_IMAGE,/kaggle/input/datasets/isthisdeception/ds0002-diff-official-test/raw/DS0002/test/I2I
DS0002,LoRA/LoRA/id_0190/._lora_002_000.png,CORRUPT_IMAGE,/kaggle/input/datasets/isthisdeception/ds0002-diff-official-test/raw/DS0002/test/I2I
DS0002,LoRA/LoRA/id_0190/._lora_003_000.png,CORRUPT_IMAGE,/kaggle/input/datasets/isthisdeception/ds0002-diff-official-test/raw/DS0002/test/I2I
DS0002,LoRA/LoRA/id_0190/._lora_004_000.png,CORRUPT_IMAGE,/kaggle/input/datasets/isthisdeception/ds0002-diff-official-test/raw/DS0002/test/I2I
DS0002,LoRA/LoRA/id_0190/._lora_005_000.png,CORRUPT_IMAGE,/kaggle/input/datasets/isthisdeception/ds0002-diff-official-test/raw/DS0002/test/I2I
DS0002,LoRA/LoRA/id_0190/._lora_006_000.png,CORRUPT_IMAGE,/kaggle/input/datasets/isthisdeception/ds0002-diff-official-test/raw/DS0002/test/I2I
DS0002,LoRA/LoRA/id_0190/._lora_007_000.png,CORRUPT_IMAGE,/kaggle/input/datasets/isthisdeception/ds0002-diff-official-test/raw/DS0002/test/I2I
DS0002,LoRA/LoRA/id_0190/._lora_008_000.png,CORRUPT_IMAGE,/kaggle/input/datasets/isthisdeception/ds0002-diff-official-test/raw/DS0002/test/I2I
DS0002,LoRA/LoRA/id_2432/._lora_001_000.png,CORRUPT_IMAGE,/kaggle/input/datasets/isthisdeception/ds0002-diff-official-test/raw/DS0002/test/I2I
DS0002,LoRA/LoRA/id_2432/._lora_002_000.png,CORRUPT_IMAGE,/kaggle/input/datasets/isthisdeception/ds0002-diff-official-test/raw/DS0002/test/I2I
DS0002,LoRA/LoRA/id_2432/._lora_003_000.png,CORRUPT_IMAGE,/kaggle/input/datasets/isthisdeception/ds0002-diff-official-test/raw/DS0002/test/I2I
DS0002,LoRA/LoRA/id_2432/._lora_004_000.png,CORRUPT_IMAGE,/kaggle/input/datasets/isthisdeception/ds0002-diff-official-test/raw/DS0002/test/I2I
DS0002,LoRA/LoRA/id_2246/._Alela_Diane_lora_001_000.png,CORRUPT_IMAGE,/kaggle/input/datasets/isthisdeception/ds0002-diff-official-test/raw/DS0002/test/I2I
DS0002,LoRA/LoRA/id_2246/._Alela_Diane_lora_002_000.png,CORRUPT_IMAGE,/kaggle/input/datasets/isthisdeception/ds0002-diff-official-test/raw/DS0002/test/I2I
DS0002,LoRA/LoRA/id_2246/._Alela_Diane_lora_003_000.png,CORRUPT_IMAGE,/kaggle/input/datasets/isthisdeception/ds0002-diff-official-test/raw/DS0002/test/I2I
DS0002,LoRA/LoRA/id_2246/._Alela_Diane_lora_004_000.png,CORRUPT_IMAGE,/kaggle/input/datasets/isthisdeception/ds0002-diff-official-test/raw/DS0002/test/I2I
DS0002,LoRA/LoRA/id_2246/._Alela_Diane_lora_005_000.png,CORRUPT_IMAGE,/kaggle/input/datasets/isthisdeception/ds0002-diff-official-test/raw/DS0002/test/I2I
DS0002,LoRA/LoRA/id_2246/._Alela_Diane_lora_006_000.png,CORRUPT_IMAGE,/kaggle/input/datasets/isthisdeception/ds0002-diff-official-test/raw/DS0002/test/I2I
DS0002,LoRA/LoRA/id_2246/._Alela_Diane_lora_007_000.png,CORRUPT_IMAGE,/kaggle/input/datasets/isthisdeception/ds0002-diff-official-test/raw/DS0002/test/I2I
DS0002,LoRA/LoRA/id_2246/._Alela_Diane_lora_008_000.png,CORRUPT_IMAGE,/kaggle/input/datasets/isthisdeception/ds0002-diff-official-test/raw/DS0002/test/I2I
DS0002,LoRA/LoRA/id_2246/._Alela_Diane_lora_009_000.png,CORRUPT_IMAGE,/kaggle/input/datasets/isthisdeception/ds0002-diff-official-test/raw/DS0002/test/I2I
DS0002,LoRA/LoRA/id_2246/._Alela_Diane_lora_010_000.png,CORRUPT_IMAGE,/kaggle/input/datasets/isthisdeception/ds0002-diff-official-test/raw/DS0002/test/I2I
DS0002,LoRA/LoRA/id_2246/._Alela_Diane_lora_012_000.png,CORRUPT_IMAGE,/kaggle/input/datasets/isthisdeception/ds0002-diff-official-test/raw/DS0002/test/I2I
DS0002,LoRA/LoRA/id_2246/._lora_001_000.png,CORRUPT_IMAGE,/kaggle/input/datasets/isthisdeception/ds0002-diff-official-test/raw/DS0002/test/I2I
DS0002,LoRA/LoRA/id_2246/._lora_002_000.png,CORRUPT_IMAGE,/kaggle/input/datasets/isthisdeception/ds0002-diff-official-test/raw/DS0002/test/I2I
DS0002,LoRA/LoRA/id_2246/._lora_003_000.png,CORRUPT_IMAGE,/kaggle/input/datasets/isthisdeception/ds0002-diff-official-test/raw/DS0002/test/I2I
DS0002,LoRA/LoRA/id_2246/._lora_004_000.png,CORRUPT_IMAGE,/kaggle/input/datasets/isthisdeception/ds0002-diff-official-test/raw/DS0002/test/I2I
DS0002,LoRA/LoRA/id_2246/._lora_005_000.png,CORRUPT_IMAGE,/kaggle/input/datasets/isthisdeception/ds0002-diff-official-test/raw/DS0002/test/I2I
DS0002,LoRA/LoRA/id_2246/._lora_006_000.png,CORRUPT_IMAGE,/kaggle/input/datasets/isthisdeception/ds0002-diff-official-test/raw/DS0002/test/I2I
DS0002,LoRA/LoRA/id_2246/._lora_007_000.png,CORRUPT_IMAGE,/kaggle/input/datasets/isthisdeception/ds0002-diff-official-test/raw/DS0002/test/I2I
DS0002,LoRA/LoRA/id_2246/._lora_008_000.png,CORRUPT_IMAGE,/kaggle/input/datasets/isthisdeception/ds0002-diff-official-test/raw/DS0002/test/I2I
DS0002,LoRA/LoRA/id_2246/._lora_009_000.png,CORRUPT_IMAGE,/kaggle/input/datasets/isthisdeception/ds0002-diff-official-test/raw/DS0002/test/I2I
DS0002,LoRA/LoRA/id_2246/._lora_010_000.png,CORRUPT_IMAGE,/kaggle/input/datasets/isthisdeception/ds0002-diff-official-test/raw/DS0002/test/I2I
DS0002,LoRA/LoRA/id_2246/._lora_011_000.png,CORRUPT_IMAGE,/kaggle/input/datasets/isthisdeception/ds0002-diff-official-test/raw/DS0002/test/I2I
DS0002,LoRA/LoRA/id_2246/._lora_012_000.png,CORRUPT_IMAGE,/kaggle/input/datasets/isthisdeception/ds0002-diff-official-test/raw/DS0002/test/I2I
DS0002,LoRA/LoRA/id_1640/._lora_001_000.png,CORRUPT_IMAGE,/kaggle/input/datasets/isthisdeception/ds0002-diff-official-test/raw/DS0002/test/I2I
DS0002,LoRA/LoRA/id_1640/._lora_003_000.png,CORRUPT_IMAGE,/kaggle/input/datasets/isthisdeception/ds0002-diff-official-test/raw/DS0002/test/I2I
DS0002,LoRA/LoRA/id_1640/._lora_004_000.png,CORRUPT_IMAGE,/kaggle/input/datasets/isthisdeception/ds0002-diff-official-test/raw/DS0002/test/I2I
DS0002,LoRA/LoRA/id_2302/._lora_001_000.png,CORRUPT_IMAGE,/kaggle/input/datasets/isthisdeception/ds0002-diff-official-test/raw/DS0002/test/I2I
DS0002,LoRA/LoRA/id_2302/._lora_003_000.png,CORRUPT_IMAGE,/kaggle/input/datasets/isthisdeception/ds0002-diff-official-test/raw/DS0002/test/I2I
DS0002,LoRA/LoRA/id_2302/._lora_004_000.png,CORRUPT_IMAGE,/kaggle/input/datasets/isthisdeception/ds0002-diff-official-test/raw/DS0002/test/I2I
DS0002,LoRA/LoRA/id_2302/._lora_005_000.png,CORRUPT_IMAGE,/kaggle/input/datasets/isthisdeception/ds0002-diff-official-test/raw/DS0002/test/I2I
DS0002,LoRA/LoRA/id_2302/._lora_006_000.png,CORRUPT_IMAGE,/kaggle/input/datasets/isthisdeception/ds0002-diff-official-test/raw/DS0002/test/I2I
DS0002,LoRA/LoRA/id_2302/._lora_007_000.png,CORRUPT_IMAGE,/kaggle/input/datasets/isthisdeception/ds0002-diff-official-test/raw/DS0002/test/I2I
DS0002,LoRA/LoRA/id_2302/._lora_008_000.png,CORRUPT_IMAGE,/kaggle/input/datasets/isthisdeception/ds0002-diff-official-test/raw/DS0002/test/I2I
DS0002,LoRA/LoRA/id_2044/._lora_001_000.png,CORRUPT_IMAGE,/kaggle/input/datasets/isthisdeception/ds0002-diff-official-test/raw/DS0002/test/I2I
DS0002,LoRA/LoRA/id_2044/._lora_002_000.png,CORRUPT_IMAGE,/kaggle/input/datasets/isthisdeception/ds0002-diff-official-test/raw/DS0002/test/I2I
DS0002,LoRA/LoRA/id_2044/._lora_003_000.png,CORRUPT_IMAGE,/kaggle/input/datasets/isthisdeception/ds0002-diff-official-test/raw/DS0002/test/I2I
DS0002,LoRA/LoRA/id_2044/._lora_004_000.png,CORRUPT_IMAGE,/kaggle/input/datasets/isthisdeception/ds0002-diff-official-test/raw/DS0002/test/I2I
DS0002,LoRA/LoRA/id_2505/._lora_001_000.png,CORRUPT_IMAGE,/kaggle/input/datasets/isthisdeception/ds0002-diff-official-test/raw/DS0002/test/I2I
DS0002,LoRA/LoRA/id_2505/._lora_002_000.png,CORRUPT_IMAGE,/kaggle/input/datasets/isthisdeception/ds0002-diff-official-test/raw/DS0002/test/I2I
DS0002,LoRA/LoRA/id_2505/._lora_003_000.png,CORRUPT_IMAGE,/kaggle/input/datasets/isthisdeception/ds0002-diff-official-test/raw/DS0002/test/I2I
DS0002,LoRA/LoRA/id_2505/._lora_004_000.png,CORRUPT_IMAGE,/kaggle/input/datasets/isthisdeception/ds0002-diff-official-test/raw/DS0002/test/I2I
DS0002,LoRA/LoRA/id_2505/._lora_005_000.png,CORRUPT_IMAGE,/kaggle/input/datasets/isthisdeception/ds0002-diff-official-test/raw/DS0002/test/I2I
DS0002,LoRA/LoRA/id_2505/._lora_006_000.png,CORRUPT_IMAGE,/kaggle/input/datasets/isthisdeception/ds0002-diff-official-test/raw/DS0002/test/I2I
DS0002,LoRA/LoRA/id_2505/._lora_007_000.png,CORRUPT_IMAGE,/kaggle/input/datasets/isthisdeception/ds0002-diff-official-test/raw/DS0002/test/I2I
DS0002,LoRA/LoRA/id_2505/._lora_008_000.png,CORRUPT_IMAGE,/kaggle/input/datasets/isthisdeception/ds0002-diff-official-test/raw/DS0002/test/I2I
DS0002,LoRA/LoRA/id_2505/._lora_009_000.png,CORRUPT_IMAGE,/kaggle/input/datasets/isthisdeception/ds0002-diff-official-test/raw/DS0002/test/I2I
DS0002,LoRA/LoRA/id_2505/._lora_010_000.png,CORRUPT_IMAGE,/kaggle/input/datasets/isthisdeception/ds0002-diff-official-test/raw/DS0002/test/I2I
DS0002,LoRA/LoRA/id_2505/._lora_011_000.png,CORRUPT_IMAGE,/kaggle/input/datasets/isthisdeception/ds0002-diff-official-test/raw/DS0002/test/I2I
DS0002,LoRA/LoRA/id_2505/._lora_012_000.png,CORRUPT_IMAGE,/kaggle/input/datasets/isthisdeception/ds0002-diff-official-test/raw/DS0002/test/I2I
DS0002,LoRA/LoRA/id_2505/._lora_013_000.png,CORRUPT_IMAGE,/kaggle/input/datasets/isthisdeception/ds0002-diff-official-test/raw/DS0002/test/I2I
DS0002,LoRA/LoRA/id_2505/._lora_014_000.png,CORRUPT_IMAGE,/kaggle/input/datasets/isthisdeception/ds0002-diff-official-test/raw/DS0002/test/I2I
DS0002,LoRA/LoRA/id_2505/._lora_015_000.png,CORRUPT_IMAGE,/kaggle/input/datasets/isthisdeception/ds0002-diff-official-test/raw/DS0002/test/I2I
DS0002,LoRA/LoRA/id_2505/._lora_016_000.png,CORRUPT_IMAGE,/kaggle/input/datasets/isthisdeception/ds0002-diff-official-test/raw/DS0002/test/I2I
DS0002,LoRA/LoRA/id_2505/._lora_017_000.png,CORRUPT_IMAGE,/kaggle/input/datasets/isthisdeception/ds0002-diff-official-test/raw/DS0002/test/I2I
DS0002,LoRA/LoRA/id_2505/._lora_018_000.png,CORRUPT_IMAGE,/kaggle/input/datasets/isthisdeception/ds0002-diff-official-test/raw/DS0002/test/I2I
DS0002,LoRA/LoRA/id_2505/._lora_019_000.png,CORRUPT_IMAGE,/kaggle/input/datasets/isthisdeception/ds0002-diff-official-test/raw/DS0002/test/I2I
DS0002,LoRA/LoRA/id_2505/._lora_020_000.png,CORRUPT_IMAGE,/kaggle/input/datasets/isthisdeception/ds0002-diff-official-test/raw/DS0002/test/I2I
DS0002,LoRA/LoRA/id_2505/._lora_021_000.png,CORRUPT_IMAGE,/kaggle/input/datasets/isthisdeception/ds0002-diff-official-test/raw/DS0002/test/I2I
DS0002,LoRA/LoRA/id_2505/._lora_022_000.png,CORRUPT_IMAGE,/kaggle/input/datasets/isthisdeception/ds0002-diff-official-test/raw/DS0002/test/I2I
DS0002,LoRA/LoRA/id_2505/._lora_023_000.png,CORRUPT_IMAGE,/kaggle/input/datasets/isthisdeception/ds0002-diff-official-test/raw/DS0002/test/I2I
DS0002,LoRA/LoRA/id_2505/._lora_024_000.png,CORRUPT_IMAGE,/kaggle/input/datasets/isthisdeception/ds0002-diff-official-test/raw/DS0002/test/I2I
DS0002,LoRA/LoRA/id_0074/._An_Lemmens_lora_001_000.png,CORRUPT_IMAGE,/kaggle/input/datasets/isthisdeception/ds0002-diff-official-test/raw/DS0002/test/I2I
DS0002,LoRA/LoRA/id_0074/._An_Lemmens_lora_002_000.png,CORRUPT_IMAGE,/kaggle/input/datasets/isthisdeception/ds0002-diff-official-test/raw/DS0002/test/I2I
DS0002,LoRA/LoRA/id_0074/._An_Lemmens_lora_003_000.png,CORRUPT_IMAGE,/kaggle/input/datasets/isthisdeception/ds0002-diff-official-test/raw/DS0002/test/I2I
DS0002,LoRA/LoRA/id_0074/._An_Lemmens_lora_004_000.png,CORRUPT_IMAGE,/kaggle/input/datasets/isthisdeception/ds0002-diff-official-test/raw/DS0002/test/I2I
DS0002,LoRA/LoRA/id_0074/._lora_001_000.png,CORRUPT_IMAGE,/kaggle/input/datasets/isthisdeception/ds0002-diff-official-test/raw/DS0002/test/I2I
DS0002,LoRA/LoRA/id_0074/._lora_002_000.png,CORRUPT_IMAGE,/kaggle/input/datasets/isthisdeception/ds0002-diff-official-test/raw/DS0002/test/I2I
DS0002,LoRA/LoRA/id_0074/._lora_003_000.png,CORRUPT_IMAGE,/kaggle/input/datasets/isthisdeception/ds0002-diff-official-test/raw/DS0002/test/I2I
DS0002,LoRA/LoRA/id_0074/._lora_004_000.png,CORRUPT_IMAGE,/kaggle/input/datasets/isthisdeception/ds0002-diff-official-test/raw/DS0002/test/I2I
DS0002,LoRA/LoRA/id_1292/._lora_001_000.png,CORRUPT_IMAGE,/kaggle/input/datasets/isthisdeception/ds0002-diff-official-test/raw/DS0002/test/I2I
DS0002,LoRA/LoRA/id_1292/._lora_002_000.png,CORRUPT_IMAGE,/kaggle/input/datasets/isthisdeception/ds0002-diff-official-test/raw/DS0002/test/I2I
DS0002,LoRA/LoRA/id_1292/._lora_003_000.png,CORRUPT_IMAGE,/kaggle/input/datasets/isthisdeception/ds0002-diff-official-test/raw/DS0002/test/I2I
DS0002,LoRA/LoRA/id_1292/._lora_004_000.png,CORRUPT_IMAGE,/kaggle/input/datasets/isthisdeception/ds0002-diff-official-test/raw/DS0002/test/I2I
DS0002,LoRA/LoRA/id_2628/._lora_003_000.png,CORRUPT_IMAGE,/kaggle/input/datasets/isthisdeception/ds0002-diff-official-test/raw/DS0002/test/I2I
DS0002,LoRA/LoRA/id_2628/._lora_004_000.png,CORRUPT_IMAGE,/kaggle/input/datasets/isthisdeception/ds0002-diff-official-test/raw/DS0002/test/I2I
DS0002,LoRA/LoRA/id_2628/._lora_005_000.png,CORRUPT_IMAGE,/kaggle/input/datasets/isthisdeception/ds0002-diff-official-test/raw/DS0002/test/I2I
DS0002,LoRA/LoRA/id_2628/._lora_006_000.png,CORRUPT_IMAGE,/kaggle/input/datasets/isthisdeception/ds0002-diff-official-test/raw/DS0002/test/I2I
DS0002,LoRA/LoRA/id_2628/._lora_007_000.png,CORRUPT_IMAGE,/kaggle/input/datasets/isthisdeception/ds0002-diff-official-test/raw/DS0002/test/I2I
DS0002,LoRA/LoRA/id_2628/._lora_008_000.png,CORRUPT_IMAGE,/kaggle/input/datasets/isthisdeception/ds0002-diff-official-test/raw/DS0002/test/I2I
DS0002,LoRA/LoRA/id_2301/._lora_001_000.png,CORRUPT_IMAGE,/kaggle/input/datasets/isthisdeception/ds0002-diff-official-test/raw/DS0002/test/I2I
DS0002,LoRA/LoRA/id_2301/._lora_003_000.png,CORRUPT_IMAGE,/kaggle/input/datasets/isthisdeception/ds0002-diff-official-test/raw/DS0002/test/I2I
DS0002,LoRA/LoRA/id_2301/._lora_005_000.png,CORRUPT_IMAGE,/kaggle/input/datasets/isthisdeception/ds0002-diff-official-test/raw/DS0002/test/I2I
DS0002,LoRA/LoRA/id_2301/._lora_006_000.png,CORRUPT_IMAGE,/kaggle/input/datasets/isthisdeception/ds0002-diff-official-test/raw/DS0002/test/I2I
DS0002,LoRA/LoRA/id_2301/._lora_007_000.png,CORRUPT_IMAGE,/kaggle/input/datasets/isthisdeception/ds0002-diff-official-test/raw/DS0002/test/I2I
DS0002,LoRA/LoRA/id_2301/._lora_008_000.png,CORRUPT_IMAGE,/kaggle/input/datasets/isthisdeception/ds0002-diff-official-test/raw/DS0002/test/I2I
DS0002,LoRA/LoRA/id_2301/._lora_010_000.png,CORRUPT_IMAGE,/kaggle/input/datasets/isthisdeception/ds0002-diff-official-test/raw/DS0002/test/I2I
DS0002,LoRA/LoRA/id_2301/._lora_011_000.png,CORRUPT_IMAGE,/kaggle/input/datasets/isthisdeception/ds0002-diff-official-test/raw/DS0002/test/I2I
DS0002,LoRA/LoRA/id_2301/._lora_014_000.png,CORRUPT_IMAGE,/kaggle/input/datasets/isthisdeception/ds0002-diff-official-test/raw/DS0002/test/I2I
DS0002,LoRA/LoRA/id_2301/._lora_015_000.png,CORRUPT_IMAGE,/kaggle/input/datasets/isthisdeception/ds0002-diff-official-test/raw/DS0002/test/I2I
DS0002,LoRA/LoRA/id_0766/._lora_001_000.png,CORRUPT_IMAGE,/kaggle/input/datasets/isthisdeception/ds0002-diff-official-test/raw/DS0002/test/I2I
DS0002,LoRA/LoRA/id_0766/._lora_002_000.png,CORRUPT_IMAGE,/kaggle/input/datasets/isthisdeception/ds0002-diff-official-test/raw/DS0002/test/I2I
DS0002,LoRA/LoRA/id_0766/._lora_003_000.png,CORRUPT_IMAGE,/kaggle/input/datasets/isthisdeception/ds0002-diff-official-test/raw/DS0002/test/I2I
DS0002,LoRA/LoRA/id_0766/._lora_004_000.png,CORRUPT_IMAGE,/kaggle/input/datasets/isthisdeception/ds0002-diff-official-test/raw/DS0002/test/I2I
DS0002,LoRA/LoRA/id_2734/._lora_001_000.png,CORRUPT_IMAGE,/kaggle/input/datasets/isthisdeception/ds0002-diff-official-test/raw/DS0002/test/I2I
DS0002,LoRA/LoRA/id_2734/._lora_002_000.png,CORRUPT_IMAGE,/kaggle/input/datasets/isthisdeception/ds0002-diff-official-test/raw/DS0002/test/I2I
DS0002,LoRA/LoRA/id_2734/._lora_003_000.png,CORRUPT_IMAGE,/kaggle/input/datasets/isthisdeception/ds0002-diff-official-test/raw/DS0002/test/I2I
DS0002,LoRA/LoRA/id_2734/._lora_004_000.png,CORRUPT_IMAGE,/kaggle/input/datasets/isthisdeception/ds0002-diff-official-test/raw/DS0002/test/I2I
DS0002,LoRA/LoRA/id_0698/._lora_001_000.png,CORRUPT_IMAGE,/kaggle/input/datasets/isthisdeception/ds0002-diff-official-test/raw/DS0002/test/I2I
DS0002,LoRA/LoRA/id_0698/._lora_002_000.png,CORRUPT_IMAGE,/kaggle/input/datasets/isthisdeception/ds0002-diff-official-test/raw/DS0002/test/I2I
DS0002,LoRA/LoRA/id_0698/._lora_003_000.png,CORRUPT_IMAGE,/kaggle/input/datasets/isthisdeception/ds0002-diff-official-test/raw/DS0002/test/I2I
DS0002,LoRA/LoRA/id_0698/._lora_004_000.png,CORRUPT_IMAGE,/kaggle/input/datasets/isthisdeception/ds0002-diff-official-test/raw/DS0002/test/I2I
DS0002,LoRA/LoRA/id_2454/._lora_001_000.png,CORRUPT_IMAGE,/kaggle/input/datasets/isthisdeception/ds0002-diff-official-test/raw/DS0002/test/I2I
DS0002,LoRA/LoRA/id_2454/._lora_002_000.png,CORRUPT_IMAGE,/kaggle/input/datasets/isthisdeception/ds0002-diff-official-test/raw/DS0002/test/I2I
DS0002,LoRA/LoRA/id_2454/._lora_003_000.png,CORRUPT_IMAGE,/kaggle/input/datasets/isthisdeception/ds0002-diff-official-test/raw/DS0002/test/I2I
DS0002,LoRA/LoRA/id_2454/._lora_004_000.png,CORRUPT_IMAGE,/kaggle/input/datasets/isthisdeception/ds0002-diff-official-test/raw/DS0002/test/I2I
DS0002,LoRA/LoRA/id_1550/._lora_001_000.png,CORRUPT_IMAGE,/kaggle/input/datasets/isthisdeception/ds0002-diff-official-test/raw/DS0002/test/I2I
DS0002,LoRA/LoRA/id_1550/._lora_002_000.png,CORRUPT_IMAGE,/kaggle/input/datasets/isthisdeception/ds0002-diff-official-test/raw/DS0002/test/I2I
DS0002,LoRA/LoRA/id_1550/._lora_004_000.png,CORRUPT_IMAGE,/kaggle/input/datasets/isthisdeception/ds0002-diff-official-test/raw/DS0002/test/I2I
DS0002,LoRA/LoRA/id_1548/._lora_001_000.png,CORRUPT_IMAGE,/kaggle/input/datasets/isthisdeception/ds0002-diff-official-test/raw/DS0002/test/I2I
DS0002,LoRA/LoRA/id_1548/._lora_002_000.png,CORRUPT_IMAGE,/kaggle/input/datasets/isthisdeception/ds0002-diff-official-test/raw/DS0002/test/I2I
DS0002,LoRA/LoRA/id_1548/._lora_003_000.png,CORRUPT_IMAGE,/kaggle/input/datasets/isthisdeception/ds0002-diff-official-test/raw/DS0002/test/I2I
DS0002,LoRA/LoRA/id_1548/._lora_004_000.png,CORRUPT_IMAGE,/kaggle/input/datasets/isthisdeception/ds0002-diff-official-test/raw/DS0002/test/I2I
DS0002,LoRA/LoRA/id_0482/._lora_005_000.png,CORRUPT_IMAGE,/kaggle/input/datasets/isthisdeception/ds0002-diff-official-test/raw/DS0002/test/I2I
DS0002,LoRA/LoRA/id_0482/._lora_006_000.png,CORRUPT_IMAGE,/kaggle/input/datasets/isthisdeception/ds0002-diff-official-test/raw/DS0002/test/I2I
DS0002,LoRA/LoRA/id_0482/._lora_007_000.png,CORRUPT_IMAGE,/kaggle/input/datasets/isthisdeception/ds0002-diff-official-test/raw/DS0002/test/I2I
DS0002,LoRA/LoRA/id_0482/._lora_008_000.png,CORRUPT_IMAGE,/kaggle/input/datasets/isthisdeception/ds0002-diff-official-test/raw/DS0002/test/I2I
DS0002,LoRA/LoRA/id_2363/._lora_001_000.png,CORRUPT_IMAGE,/kaggle/input/datasets/isthisdeception/ds0002-diff-official-test/raw/DS0002/test/I2I
DS0002,LoRA/LoRA/id_2363/._lora_002_000.png,CORRUPT_IMAGE,/kaggle/input/datasets/isthisdeception/ds0002-diff-official-test/raw/DS0002/test/I2I
DS0002,LoRA/LoRA/id_2363/._lora_003_000.png,CORRUPT_IMAGE,/kaggle/input/datasets/isthisdeception/ds0002-diff-official-test/raw/DS0002/test/I2I
DS0002,LoRA/LoRA/id_2363/._lora_004_000.png,CORRUPT_IMAGE,/kaggle/input/datasets/isthisdeception/ds0002-diff-official-test/raw/DS0002/test/I2I
DS0002,LoRA/LoRA/id_2554/._lora_001_000.png,CORRUPT_IMAGE,/kaggle/input/datasets/isthisdeception/ds0002-diff-official-test/raw/DS0002/test/I2I
DS0002,LoRA/LoRA/id_2554/._lora_003_000.png,CORRUPT_IMAGE,/kaggle/input/datasets/isthisdeception/ds0002-diff-official-test/raw/DS0002/test/I2I
DS0002,LoRA/LoRA/id_2554/._lora_004_000.png,CORRUPT_IMAGE,/kaggle/input/datasets/isthisdeception/ds0002-diff-official-test/raw/DS0002/test/I2I
DS0002,LoRA/LoRA/id_2804/._lora_001_000.png,CORRUPT_IMAGE,/kaggle/input/datasets/isthisdeception/ds0002-diff-official-test/raw/DS0002/test/I2I
DS0002,LoRA/LoRA/id_2804/._lora_002_000.png,CORRUPT_IMAGE,/kaggle/input/datasets/isthisdeception/ds0002-diff-official-test/raw/DS0002/test/I2I
DS0002,LoRA/LoRA/id_2804/._lora_003_000.png,CORRUPT_IMAGE,/kaggle/input/datasets/isthisdeception/ds0002-diff-official-test/raw/DS0002/test/I2I
DS0002,LoRA/LoRA/id_2804/._lora_004_000.png,CORRUPT_IMAGE,/kaggle/input/datasets/isthisdeception/ds0002-diff-official-test/raw/DS0002/test/I2I
DS0002,LoRA/LoRA/id_0002/._lora_001_000.png,CORRUPT_IMAGE,/kaggle/input/datasets/isthisdeception/ds0002-diff-official-test/raw/DS0002/test/I2I
DS0002,LoRA/LoRA/id_0002/._lora_002_000.png,CORRUPT_IMAGE,/kaggle/input/datasets/isthisdeception/ds0002-diff-official-test/raw/DS0002/test/I2I
DS0002,LoRA/LoRA/id_0002/._lora_003_000.png,CORRUPT_IMAGE,/kaggle/input/datasets/isthisdeception/ds0002-diff-official-test/raw/DS0002/test/I2I
DS0002,LoRA/LoRA/id_0002/._lora_004_000.png,CORRUPT_IMAGE,/kaggle/input/datasets/isthisdeception/ds0002-diff-official-test/raw/DS0002/test/I2I
DS0002,LoRA/LoRA/id_0002/._lora_005_000.png,CORRUPT_IMAGE,/kaggle/input/datasets/isthisdeception/ds0002-diff-official-test/raw/DS0002/test/I2I
DS0002,LoRA/LoRA/id_0002/._lora_007_000.png,CORRUPT_IMAGE,/kaggle/input/datasets/isthisdeception/ds0002-diff-official-test/raw/DS0002/test/I2I
DS0002,LoRA/LoRA/id_0002/._lora_008_000.png,CORRUPT_IMAGE,/kaggle/input/datasets/isthisdeception/ds0002-diff-official-test/raw/DS0002/test/I2I
DS0002,LoRA/LoRA/id_0002/._lora_010_000.png,CORRUPT_IMAGE,/kaggle/input/datasets/isthisdeception/ds0002-diff-official-test/raw/DS0002/test/I2I
DS0002,LoRA/LoRA/id_0002/._lora_011_000.png,CORRUPT_IMAGE,/kaggle/input/datasets/isthisdeception/ds0002-diff-official-test/raw/DS0002/test/I2I
DS0002,LoRA/LoRA/id_0002/._lora_012_000.png,CORRUPT_IMAGE,/kaggle/input/datasets/isthisdeception/ds0002-diff-official-test/raw/DS0002/test/I2I
DS0002,LoRA/LoRA/id_0002/._lora_013_000.png,CORRUPT_IMAGE,/kaggle/input/datasets/isthisdeception/ds0002-diff-official-test/raw/DS0002/test/I2I
DS0002,LoRA/LoRA/id_0002/._lora_014_000.png,CORRUPT_IMAGE,/kaggle/input/datasets/isthisdeception/ds0002-diff-official-test/raw/DS0002/test/I2I
DS0002,LoRA/LoRA/id_0002/._lora_016_000.png,CORRUPT_IMAGE,/kaggle/input/datasets/isthisdeception/ds0002-diff-official-test/raw/DS0002/test/I2I
DS0002,LoRA/LoRA/id_1893/._lora_001_000.png,CORRUPT_IMAGE,/kaggle/input/datasets/isthisdeception/ds0002-diff-official-test/raw/DS0002/test/I2I
DS0002,LoRA/LoRA/id_1893/._lora_002_000.png,CORRUPT_IMAGE,/kaggle/input/datasets/isthisdeception/ds0002-diff-official-test/raw/DS0002/test/I2I
DS0002,LoRA/LoRA/id_1893/._lora_003_000.png,CORRUPT_IMAGE,/kaggle/input/datasets/isthisdeception/ds0002-diff-official-test/raw/DS0002/test/I2I
DS0002,LoRA/LoRA/id_1893/._lora_004_000.png,CORRUPT_IMAGE,/kaggle/input/datasets/isthisdeception/ds0002-diff-official-test/raw/DS0002/test/I2I
DS0002,LoRA/LoRA/id_1893/._lora_005_000.png,CORRUPT_IMAGE,/kaggle/input/datasets/isthisdeception/ds0002-diff-official-test/raw/DS0002/test/I2I
DS0002,LoRA/LoRA/id_1893/._lora_006_000.png,CORRUPT_IMAGE,/kaggle/input/datasets/isthisdeception/ds0002-diff-official-test/raw/DS0002/test/I2I
DS0002,LoRA/LoRA/id_1893/._lora_007_000.png,CORRUPT_IMAGE,/kaggle/input/datasets/isthisdeception/ds0002-diff-official-test/raw/DS0002/test/I2I
DS0002,LoRA/LoRA/id_1893/._lora_008_000.png,CORRUPT_IMAGE,/kaggle/input/datasets/isthisdeception/ds0002-diff-official-test/raw/DS0002/test/I2I
DS0002,LoRA/LoRA/id_1893/._lora_009_000.png,CORRUPT_IMAGE,/kaggle/input/datasets/isthisdeception/ds0002-diff-official-test/raw/DS0002/test/I2I
DS0002,LoRA/LoRA/id_1893/._lora_010_000.png,CORRUPT_IMAGE,/kaggle/input/datasets/isthisdeception/ds0002-diff-official-test/raw/DS0002/test/I2I
DS0002,LoRA/LoRA/id_1893/._lora_011_000.png,CORRUPT_IMAGE,/kaggle/input/datasets/isthisdeception/ds0002-diff-official-test/raw/DS0002/test/I2I
DS0002,LoRA/LoRA/id_1893/._lora_012_000.png,CORRUPT_IMAGE,/kaggle/input/datasets/isthisdeception/ds0002-diff-official-test/raw/DS0002/test/I2I
DS0002,LoRA/LoRA/id_1893/._lora_013_000.png,CORRUPT_IMAGE,/kaggle/input/datasets/isthisdeception/ds0002-diff-official-test/raw/DS0002/test/I2I
DS0002,LoRA/LoRA/id_1893/._lora_014_000.png,CORRUPT_IMAGE,/kaggle/input/datasets/isthisdeception/ds0002-diff-official-test/raw/DS0002/test/I2I
DS0002,LoRA/LoRA/id_1893/._lora_015_000.png,CORRUPT_IMAGE,/kaggle/input/datasets/isthisdeception/ds0002-diff-official-test/raw/DS0002/test/I2I
DS0002,LoRA/LoRA/id_1893/._lora_016_000.png,CORRUPT_IMAGE,/kaggle/input/datasets/isthisdeception/ds0002-diff-official-test/raw/DS0002/test/I2I
DS0002,LoRA/LoRA/id_2814/._lora_001_000.png,CORRUPT_IMAGE,/kaggle/input/datasets/isthisdeception/ds0002-diff-official-test/raw/DS0002/test/I2I
DS0002,LoRA/LoRA/id_2814/._lora_002_000.png,CORRUPT_IMAGE,/kaggle/input/datasets/isthisdeception/ds0002-diff-official-test/raw/DS0002/test/I2I
DS0002,LoRA/LoRA/id_2814/._lora_003_000.png,CORRUPT_IMAGE,/kaggle/input/datasets/isthisdeception/ds0002-diff-official-test/raw/DS0002/test/I2I
DS0002,LoRA/LoRA/id_2814/._lora_005_000.png,CORRUPT_IMAGE,/kaggle/input/datasets/isthisdeception/ds0002-diff-official-test/raw/DS0002/test/I2I
DS0002,LoRA/LoRA/id_2814/._lora_006_000.png,CORRUPT_IMAGE,/kaggle/input/datasets/isthisdeception/ds0002-diff-official-test/raw/DS0002/test/I2I
DS0002,LoRA/LoRA/id_2814/._lora_007_000.png,CORRUPT_IMAGE,/kaggle/input/datasets/isthisdeception/ds0002-diff-official-test/raw/DS0002/test/I2I
DS0002,LoRA/LoRA/id_2814/._lora_008_000.png,CORRUPT_IMAGE,/kaggle/input/datasets/isthisdeception/ds0002-diff-official-test/raw/DS0002/test/I2I
DS0002,LoRA/LoRA/id_2814/._lora_009_000.png,CORRUPT_IMAGE,/kaggle/input/datasets/isthisdeception/ds0002-diff-official-test/raw/DS0002/test/I2I
DS0002,LoRA/LoRA/id_2814/._lora_010_000.png,CORRUPT_IMAGE,/kaggle/input/datasets/isthisdeception/ds0002-diff-official-test/raw/DS0002/test/I2I
DS0002,LoRA/LoRA/id_2814/._lora_011_000.png,CORRUPT_IMAGE,/kaggle/input/datasets/isthisdeception/ds0002-diff-official-test/raw/DS0002/test/I2I
DS0002,LoRA/LoRA/id_2814/._lora_012_000.png,CORRUPT_IMAGE,/kaggle/input/datasets/isthisdeception/ds0002-diff-official-test/raw/DS0002/test/I2I
DS0002,LoRA/LoRA/id_1898/._lora_001_000.png,CORRUPT_IMAGE,/kaggle/input/datasets/isthisdeception/ds0002-diff-official-test/raw/DS0002/test/I2I
DS0002,LoRA/LoRA/id_1898/._lora_002_000.png,CORRUPT_IMAGE,/kaggle/input/datasets/isthisdeception/ds0002-diff-official-test/raw/DS0002/test/I2I
DS0002,LoRA/LoRA/id_1898/._lora_003_000.png,CORRUPT_IMAGE,/kaggle/input/datasets/isthisdeception/ds0002-diff-official-test/raw/DS0002/test/I2I
DS0002,LoRA/LoRA/id_1898/._lora_004_000.png,CORRUPT_IMAGE,/kaggle/input/datasets/isthisdeception/ds0002-diff-official-test/raw/DS0002/test/I2I
DS0002,LoRA/LoRA/id_1898/._lora_005_000.png,CORRUPT_IMAGE,/kaggle/input/datasets/isthisdeception/ds0002-diff-official-test/raw/DS0002/test/I2I
DS0002,LoRA/LoRA/id_1898/._lora_006_000.png,CORRUPT_IMAGE,/kaggle/input/datasets/isthisdeception/ds0002-diff-official-test/raw/DS0002/test/I2I
DS0002,LoRA/LoRA/id_1898/._lora_007_000.png,CORRUPT_IMAGE,/kaggle/input/datasets/isthisdeception/ds0002-diff-official-test/raw/DS0002/test/I2I
DS0002,LoRA/LoRA/id_1898/._lora_008_000.png,CORRUPT_IMAGE,/kaggle/input/datasets/isthisdeception/ds0002-diff-official-test/raw/DS0002/test/I2I
DS0002,LoRA/LoRA/id_1898/._lora_009_000.png,CORRUPT_IMAGE,/kaggle/input/datasets/isthisdeception/ds0002-diff-official-test/raw/DS0002/test/I2I
DS0002,LoRA/LoRA/id_1898/._lora_011_000.png,CORRUPT_IMAGE,/kaggle/input/datasets/isthisdeception/ds0002-diff-official-test/raw/DS0002/test/I2I
DS0002,LoRA/LoRA/id_1898/._lora_012_000.png,CORRUPT_IMAGE,/kaggle/input/datasets/isthisdeception/ds0002-diff-official-test/raw/DS0002/test/I2I
DS0002,LoRA/LoRA/id_1898/._lora_013_000.png,CORRUPT_IMAGE,/kaggle/input/datasets/isthisdeception/ds0002-diff-official-test/raw/DS0002/test/I2I
DS0002,LoRA/LoRA/id_1898/._lora_014_000.png,CORRUPT_IMAGE,/kaggle/input/datasets/isthisdeception/ds0002-diff-official-test/raw/DS0002/test/I2I
DS0002,LoRA/LoRA/id_1898/._lora_016_000.png,CORRUPT_IMAGE,/kaggle/input/datasets/isthisdeception/ds0002-diff-official-test/raw/DS0002/test/I2I
DS0002,LoRA/LoRA/id_1898/._lora_017_000.png,CORRUPT_IMAGE,/kaggle/input/datasets/isthisdeception/ds0002-diff-official-test/raw/DS0002/test/I2I
DS0002,LoRA/LoRA/id_1898/._lora_018_000.png,CORRUPT_IMAGE,/kaggle/input/datasets/isthisdeception/ds0002-diff-official-test/raw/DS0002/test/I2I
DS0002,LoRA/LoRA/id_1898/._lora_019_000.png,CORRUPT_IMAGE,/kaggle/input/datasets/isthisdeception/ds0002-diff-official-test/raw/DS0002/test/I2I
DS0002,LoRA/LoRA/id_1898/._lora_020_000.png,CORRUPT_IMAGE,/kaggle/input/datasets/isthisdeception/ds0002-diff-official-test/raw/DS0002/test/I2I
DS0002,LoRA/LoRA/id_1898/._lora_021_000.png,CORRUPT_IMAGE,/kaggle/input/datasets/isthisdeception/ds0002-diff-official-test/raw/DS0002/test/I2I
DS0002,LoRA/LoRA/id_1898/._lora_022_000.png,CORRUPT_IMAGE,/kaggle/input/datasets/isthisdeception/ds0002-diff-official-test/raw/DS0002/test/I2I
DS0002,LoRA/LoRA/id_1898/._lora_023_000.png,CORRUPT_IMAGE,/kaggle/input/datasets/isthisdeception/ds0002-diff-official-test/raw/DS0002/test/I2I
DS0002,LoRA/LoRA/id_1898/._lora_024_000.png,CORRUPT_IMAGE,/kaggle/input/datasets/isthisdeception/ds0002-diff-official-test/raw/DS0002/test/I2I
DS0002,LoRA/LoRA/id_1898/._lora_025_000.png,CORRUPT_IMAGE,/kaggle/input/datasets/isthisdeception/ds0002-diff-official-test/raw/DS0002/test/I2I
DS0002,LoRA/LoRA/id_1898/._lora_026_000.png,CORRUPT_IMAGE,/kaggle/input/datasets/isthisdeception/ds0002-diff-official-test/raw/DS0002/test/I2I
DS0002,LoRA/LoRA/id_1898/._lora_027_000.png,CORRUPT_IMAGE,/kaggle/input/datasets/isthisdeception/ds0002-diff-official-test/raw/DS0002/test/I2I
DS0002,LoRA/LoRA/id_1898/._lora_028_000.png,CORRUPT_IMAGE,/kaggle/input/datasets/isthisdeception/ds0002-diff-official-test/raw/DS0002/test/I2I
DS0002,LoRA/LoRA/id_1898/._lora_029_000.png,CORRUPT_IMAGE,/kaggle/input/datasets/isthisdeception/ds0002-diff-official-test/raw/DS0002/test/I2I
DS0002,LoRA/LoRA/id_1898/._lora_032_000.png,CORRUPT_IMAGE,/kaggle/input/datasets/isthisdeception/ds0002-diff-official-test/raw/DS0002/test/I2I
DS0002,LoRA/LoRA/id_1898/._lora_033_000.png,CORRUPT_IMAGE,/kaggle/input/datasets/isthisdeception/ds0002-diff-official-test/raw/DS0002/test/I2I
DS0002,LoRA/LoRA/id_1898/._lora_034_000.png,CORRUPT_IMAGE,/kaggle/input/datasets/isthisdeception/ds0002-diff-official-test/raw/DS0002/test/I2I
DS0002,LoRA/LoRA/id_1898/._lora_035_000.png,CORRUPT_IMAGE,/kaggle/input/datasets/isthisdeception/ds0002-diff-official-test/raw/DS0002/test/I2I
DS0002,LoRA/LoRA/id_1898/._lora_037_000.png,CORRUPT_IMAGE,/kaggle/input/datasets/isthisdeception/ds0002-diff-official-test/raw/DS0002/test/I2I
DS0002,LoRA/LoRA/id_1898/._lora_038_000.png,CORRUPT_IMAGE,/kaggle/input/datasets/isthisdeception/ds0002-diff-official-test/raw/DS0002/test/I2I
DS0002,LoRA/LoRA/id_1898/._lora_039_000.png,CORRUPT_IMAGE,/kaggle/input/datasets/isthisdeception/ds0002-diff-official-test/raw/DS0002/test/I2I
DS0002,LoRA/LoRA/id_1898/._lora_040_000.png,CORRUPT_IMAGE,/kaggle/input/datasets/isthisdeception/ds0002-diff-official-test/raw/DS0002/test/I2I
DS0002,LoRA/LoRA/id_1898/._lora_041_000.png,CORRUPT_IMAGE,/kaggle/input/datasets/isthisdeception/ds0002-diff-official-test/raw/DS0002/test/I2I
DS0002,LoRA/LoRA/id_1898/._lora_042_000.png,CORRUPT_IMAGE,/kaggle/input/datasets/isthisdeception/ds0002-diff-official-test/raw/DS0002/test/I2I
DS0002,LoRA/LoRA/id_1898/._lora_043_000.png,CORRUPT_IMAGE,/kaggle/input/datasets/isthisdeception/ds0002-diff-official-test/raw/DS0002/test/I2I
DS0002,LoRA/LoRA/id_1898/._lora_044_000.png,CORRUPT_IMAGE,/kaggle/input/datasets/isthisdeception/ds0002-diff-official-test/raw/DS0002/test/I2I
DS0002,LoRA/LoRA/id_1898/._lora_045_000.png,CORRUPT_IMAGE,/kaggle/input/datasets/isthisdeception/ds0002-diff-official-test/raw/DS0002/test/I2I
DS0002,LoRA/LoRA/id_1898/._lora_046_000.png,CORRUPT_IMAGE,/kaggle/input/datasets/isthisdeception/ds0002-diff-official-test/raw/DS0002/test/I2I
DS0002,LoRA/LoRA/id_1898/._lora_047_000.png,CORRUPT_IMAGE,/kaggle/input/datasets/isthisdeception/ds0002-diff-official-test/raw/DS0002/test/I2I
DS0002,LoRA/LoRA/id_1898/._lora_048_000.png,CORRUPT_IMAGE,/kaggle/input/datasets/isthisdeception/ds0002-diff-official-test/raw/DS0002/test/I2I
DS0002,LoRA/LoRA/id_1898/._lora_049_000.png,CORRUPT_IMAGE,/kaggle/input/datasets/isthisdeception/ds0002-diff-official-test/raw/DS0002/test/I2I
DS0002,LoRA/LoRA/id_1898/._lora_050_000.png,CORRUPT_IMAGE,/kaggle/input/datasets/isthisdeception/ds0002-diff-official-test/raw/DS0002/test/I2I
DS0002,LoRA/LoRA/id_1898/._lora_051_000.png,CORRUPT_IMAGE,/kaggle/input/datasets/isthisdeception/ds0002-diff-official-test/raw/DS0002/test/I2I
DS0002,LoRA/LoRA/id_1898/._lora_052_000.png,CORRUPT_IMAGE,/kaggle/input/datasets/isthisdeception/ds0002-diff-official-test/raw/DS0002/test/I2I
DS0002,LoRA/LoRA/id_1898/._lora_053_000.png,CORRUPT_IMAGE,/kaggle/input/datasets/isthisdeception/ds0002-diff-official-test/raw/DS0002/test/I2I
DS0002,LoRA/LoRA/id_1898/._lora_055_000.png,CORRUPT_IMAGE,/kaggle/input/datasets/isthisdeception/ds0002-diff-official-test/raw/DS0002/test/I2I
DS0002,LoRA/LoRA/id_1898/._lora_056_000.png,CORRUPT_IMAGE,/kaggle/input/datasets/isthisdeception/ds0002-diff-official-test/raw/DS0002/test/I2I
DS0002,LoRA/LoRA/id_2566/._lora_001_000.png,CORRUPT_IMAGE,/kaggle/input/datasets/isthisdeception/ds0002-diff-official-test/raw/DS0002/test/I2I
DS0002,LoRA/LoRA/id_2566/._lora_002_000.png,CORRUPT_IMAGE,/kaggle/input/datasets/isthisdeception/ds0002-diff-official-test/raw/DS0002/test/I2I
DS0002,LoRA/LoRA/id_2566/._lora_003_000.png,CORRUPT_IMAGE,/kaggle/input/datasets/isthisdeception/ds0002-diff-official-test/raw/DS0002/test/I2I
DS0002,LoRA/LoRA/id_2566/._lora_004_000.png,CORRUPT_IMAGE,/kaggle/input/datasets/isthisdeception/ds0002-diff-official-test/raw/DS0002/test/I2I
DS0002,LoRA/LoRA/id_2147/._lora_001_000.png,CORRUPT_IMAGE,/kaggle/input/datasets/isthisdeception/ds0002-diff-official-test/raw/DS0002/test/I2I
DS0002,LoRA/LoRA/id_2147/._lora_002_000.png,CORRUPT_IMAGE,/kaggle/input/datasets/isthisdeception/ds0002-diff-official-test/raw/DS0002/test/I2I
DS0002,LoRA/LoRA/id_2147/._lora_003_000.png,CORRUPT_IMAGE,/kaggle/input/datasets/isthisdeception/ds0002-diff-official-test/raw/DS0002/test/I2I
DS0002,LoRA/LoRA/id_2147/._lora_004_000.png,CORRUPT_IMAGE,/kaggle/input/datasets/isthisdeception/ds0002-diff-official-test/raw/DS0002/test/I2I
DS0002,LoRA/LoRA/id_2147/._lora_005_000.png,CORRUPT_IMAGE,/kaggle/input/datasets/isthisdeception/ds0002-diff-official-test/raw/DS0002/test/I2I
DS0002,LoRA/LoRA/id_2147/._lora_006_000.png,CORRUPT_IMAGE,/kaggle/input/datasets/isthisdeception/ds0002-diff-official-test/raw/DS0002/test/I2I
DS0002,LoRA/LoRA/id_2147/._lora_007_000.png,CORRUPT_IMAGE,/kaggle/input/datasets/isthisdeception/ds0002-diff-official-test/raw/DS0002/test/I2I
DS0002,LoRA/LoRA/id_2147/._lora_008_000.png,CORRUPT_IMAGE,/kaggle/input/datasets/isthisdeception/ds0002-diff-official-test/raw/DS0002/test/I2I
DS0002,LoRA/LoRA/id_2632/._lora_001_000.png,CORRUPT_IMAGE,/kaggle/input/datasets/isthisdeception/ds0002-diff-official-test/raw/DS0002/test/I2I
DS0002,LoRA/LoRA/id_2632/._lora_002_000.png,CORRUPT_IMAGE,/kaggle/input/datasets/isthisdeception/ds0002-diff-official-test/raw/DS0002/test/I2I
DS0002,LoRA/LoRA/id_2632/._lora_003_000.png,CORRUPT_IMAGE,/kaggle/input/datasets/isthisdeception/ds0002-diff-official-test/raw/DS0002/test/I2I
DS0002,LoRA/LoRA/id_2632/._lora_004_000.png,CORRUPT_IMAGE,/kaggle/input/datasets/isthisdeception/ds0002-diff-official-test/raw/DS0002/test/I2I
DS0002,LoRA/LoRA/id_0828/._lora_001_000.png,CORRUPT_IMAGE,/kaggle/input/datasets/isthisdeception/ds0002-diff-official-test/raw/DS0002/test/I2I
DS0002,LoRA/LoRA/id_0828/._lora_002_000.png,CORRUPT_IMAGE,/kaggle/input/datasets/isthisdeception/ds0002-diff-official-test/raw/DS0002/test/I2I
DS0002,LoRA/LoRA/id_0828/._lora_003_000.png,CORRUPT_IMAGE,/kaggle/input/datasets/isthisdeception/ds0002-diff-official-test/raw/DS0002/test/I2I
DS0002,LoRA/LoRA/id_0828/._lora_004_000.png,CORRUPT_IMAGE,/kaggle/input/datasets/isthisdeception/ds0002-diff-official-test/raw/DS0002/test/I2I
DS0002,LoRA/LoRA/id_0828/._lora_005_000.png,CORRUPT_IMAGE,/kaggle/input/datasets/isthisdeception/ds0002-diff-official-test/raw/DS0002/test/I2I
DS0002,LoRA/LoRA/id_0828/._lora_006_000.png,CORRUPT_IMAGE,/kaggle/input/datasets/isthisdeception/ds0002-diff-official-test/raw/DS0002/test/I2I
DS0002,LoRA/LoRA/id_0828/._lora_007_000.png,CORRUPT_IMAGE,/kaggle/input/datasets/isthisdeception/ds0002-diff-official-test/raw/DS0002/test/I2I
DS0002,LoRA/LoRA/id_0828/._lora_008_000.png,CORRUPT_IMAGE,/kaggle/input/datasets/isthisdeception/ds0002-diff-official-test/raw/DS0002/test/I2I
DS0002,LoRA/LoRA/id_0828/._lora_009_000.png,CORRUPT_IMAGE,/kaggle/input/datasets/isthisdeception/ds0002-diff-official-test/raw/DS0002/test/I2I
DS0002,LoRA/LoRA/id_0828/._lora_010_000.png,CORRUPT_IMAGE,/kaggle/input/datasets/isthisdeception/ds0002-diff-official-test/raw/DS0002/test/I2I
DS0002,LoRA/LoRA/id_0828/._lora_011_000.png,CORRUPT_IMAGE,/kaggle/input/datasets/isthisdeception/ds0002-diff-official-test/raw/DS0002/test/I2I
DS0002,LoRA/LoRA/id_0828/._lora_012_000.png,CORRUPT_IMAGE,/kaggle/input/datasets/isthisdeception/ds0002-diff-official-test/raw/DS0002/test/I2I
DS0002,LoRA/LoRA/id_1938/._lora_002_000.png,CORRUPT_IMAGE,/kaggle/input/datasets/isthisdeception/ds0002-diff-official-test/raw/DS0002/test/I2I
DS0002,LoRA/LoRA/id_1938/._lora_004_000.png,CORRUPT_IMAGE,/kaggle/input/datasets/isthisdeception/ds0002-diff-official-test/raw/DS0002/test/I2I
DS0002,LoRA/LoRA/id_0422/._AnnaLynne_McCord_lora_001_000.png,CORRUPT_IMAGE,/kaggle/input/datasets/isthisdeception/ds0002-diff-official-test/raw/DS0002/test/I2I
DS0002,LoRA/LoRA/id_0422/._AnnaLynne_McCord_lora_002_000.png,CORRUPT_IMAGE,/kaggle/input/datasets/isthisdeception/ds0002-diff-official-test/raw/DS0002/test/I2I
DS0002,LoRA/LoRA/id_0422/._AnnaLynne_McCord_lora_003_000.png,CORRUPT_IMAGE,/kaggle/input/datasets/isthisdeception/ds0002-diff-official-test/raw/DS0002/test/I2I
DS0002,LoRA/LoRA/id_0422/._AnnaLynne_McCord_lora_004_000.png,CORRUPT_IMAGE,/kaggle/input/datasets/isthisdeception/ds0002-diff-official-test/raw/DS0002/test/I2I
DS0002,LoRA/LoRA/id_0422/._AnnaLynne_McCord_lora_005_000.png,CORRUPT_IMAGE,/kaggle/input/datasets/isthisdeception/ds0002-diff-official-test/raw/DS0002/test/I2I
DS0002,LoRA/LoRA/id_0422/._AnnaLynne_McCord_lora_006_000.png,CORRUPT_IMAGE,/kaggle/input/datasets/isthisdeception/ds0002-diff-official-test/raw/DS0002/test/I2I
DS0002,LoRA/LoRA/id_0422/._AnnaLynne_McCord_lora_007_000.png,CORRUPT_IMAGE,/kaggle/input/datasets/isthisdeception/ds0002-diff-official-test/raw/DS0002/test/I2I
DS0002,LoRA/LoRA/id_0422/._AnnaLynne_McCord_lora_008_000.png,CORRUPT_IMAGE,/kaggle/input/datasets/isthisdeception/ds0002-diff-official-test/raw/DS0002/test/I2I
DS0002,LoRA/LoRA/id_0422/._AnnaLynne_McCord_lora_009_000.png,CORRUPT_IMAGE,/kaggle/input/datasets/isthisdeception/ds0002-diff-official-test/raw/DS0002/test/I2I
DS0002,LoRA/LoRA/id_0422/._AnnaLynne_McCord_lora_010_000.png,CORRUPT_IMAGE,/kaggle/input/datasets/isthisdeception/ds0002-diff-official-test/raw/DS0002/test/I2I
DS0002,LoRA/LoRA/id_0422/._AnnaLynne_McCord_lora_011_000.png,CORRUPT_IMAGE,/kaggle/input/datasets/isthisdeception/ds0002-diff-official-test/raw/DS0002/test/I2I
DS0002,LoRA/LoRA/id_0422/._AnnaLynne_McCord_lora_012_000.png,CORRUPT_IMAGE,/kaggle/input/datasets/isthisdeception/ds0002-diff-official-test/raw/DS0002/test/I2I
DS0002,LoRA/LoRA/id_0422/._AnnaLynne_McCord_lora_013_000.png,CORRUPT_IMAGE,/kaggle/input/datasets/isthisdeception/ds0002-diff-official-test/raw/DS0002/test/I2I
DS0002,LoRA/LoRA/id_0422/._AnnaLynne_McCord_lora_014_000.png,CORRUPT_IMAGE,/kaggle/input/datasets/isthisdeception/ds0002-diff-official-test/raw/DS0002/test/I2I
DS0002,LoRA/LoRA/id_0422/._AnnaLynne_McCord_lora_015_000.png,CORRUPT_IMAGE,/kaggle/input/datasets/isthisdeception/ds0002-diff-official-test/raw/DS0002/test/I2I
DS0002,LoRA/LoRA/id_0422/._AnnaLynne_McCord_lora_016_000.png,CORRUPT_IMAGE,/kaggle/input/datasets/isthisdeception/ds0002-diff-official-test/raw/DS0002/test/I2I
DS0002,LoRA/LoRA/id_0422/._AnnaLynne_McCord_lora_017_000.png,CORRUPT_IMAGE,/kaggle/input/datasets/isthisdeception/ds0002-diff-official-test/raw/DS0002/test/I2I
DS0002,LoRA/LoRA/id_0422/._AnnaLynne_McCord_lora_018_000.png,CORRUPT_IMAGE,/kaggle/input/datasets/isthisdeception/ds0002-diff-official-test/raw/DS0002/test/I2I
DS0002,LoRA/LoRA/id_0422/._AnnaLynne_McCord_lora_019_000.png,CORRUPT_IMAGE,/kaggle/input/datasets/isthisdeception/ds0002-diff-official-test/raw/DS0002/test/I2I
DS0002,LoRA/LoRA/id_0422/._AnnaLynne_McCord_lora_020_000.png,CORRUPT_IMAGE,/kaggle/input/datasets/isthisdeception/ds0002-diff-official-test/raw/DS0002/test/I2I
DS0002,LoRA/LoRA/id_0422/._AnnaLynne_McCord_lora_021_000.png,CORRUPT_IMAGE,/kaggle/input/datasets/isthisdeception/ds0002-diff-official-test/raw/DS0002/test/I2I
DS0002,LoRA/LoRA/id_0422/._AnnaLynne_McCord_lora_022_000.png,CORRUPT_IMAGE,/kaggle/input/datasets/isthisdeception/ds0002-diff-official-test/raw/DS0002/test/I2I
DS0002,LoRA/LoRA/id_0422/._AnnaLynne_McCord_lora_023_000.png,CORRUPT_IMAGE,/kaggle/input/datasets/isthisdeception/ds0002-diff-official-test/raw/DS0002/test/I2I
DS0002,LoRA/LoRA/id_0422/._AnnaLynne_McCord_lora_024_000.png,CORRUPT_IMAGE,/kaggle/input/datasets/isthisdeception/ds0002-diff-official-test/raw/DS0002/test/I2I
DS0002,LoRA/LoRA/id_0422/._lora_001_000.png,CORRUPT_IMAGE,/kaggle/input/datasets/isthisdeception/ds0002-diff-official-test/raw/DS0002/test/I2I
DS0002,LoRA/LoRA/id_0422/._lora_002_000.png,CORRUPT_IMAGE,/kaggle/input/datasets/isthisdeception/ds0002-diff-official-test/raw/DS0002/test/I2I
DS0002,LoRA/LoRA/id_0422/._lora_003_000.png,CORRUPT_IMAGE,/kaggle/input/datasets/isthisdeception/ds0002-diff-official-test/raw/DS0002/test/I2I
DS0002,LoRA/LoRA/id_0422/._lora_004_000.png,CORRUPT_IMAGE,/kaggle/input/datasets/isthisdeception/ds0002-diff-official-test/raw/DS0002/test/I2I
DS0002,LoRA/LoRA/id_0422/._lora_005_000.png,CORRUPT_IMAGE,/kaggle/input/datasets/isthisdeception/ds0002-diff-official-test/raw/DS0002/test/I2I
DS0002,LoRA/LoRA/id_0422/._lora_006_000.png,CORRUPT_IMAGE,/kaggle/input/datasets/isthisdeception/ds0002-diff-official-test/raw/DS0002/test/I2I
DS0002,LoRA/LoRA/id_0422/._lora_007_000.png,CORRUPT_IMAGE,/kaggle/input/datasets/isthisdeception/ds0002-diff-official-test/raw/DS0002/test/I2I
DS0002,LoRA/LoRA/id_0422/._lora_008_000.png,CORRUPT_IMAGE,/kaggle/input/datasets/isthisdeception/ds0002-diff-official-test/raw/DS0002/test/I2I
DS0002,LoRA/LoRA/id_0422/._lora_009_000.png,CORRUPT_IMAGE,/kaggle/input/datasets/isthisdeception/ds0002-diff-official-test/raw/DS0002/test/I2I
DS0002,LoRA/LoRA/id_0422/._lora_010_000.png,CORRUPT_IMAGE,/kaggle/input/datasets/isthisdeception/ds0002-diff-official-test/raw/DS0002/test/I2I
DS0002,LoRA/LoRA/id_0422/._lora_011_000.png,CORRUPT_IMAGE,/kaggle/input/datasets/isthisdeception/ds0002-diff-official-test/raw/DS0002/test/I2I
DS0002,LoRA/LoRA/id_0422/._lora_012_000.png,CORRUPT_IMAGE,/kaggle/input/datasets/isthisdeception/ds0002-diff-official-test/raw/DS0002/test/I2I
DS0002,LoRA/LoRA/id_0422/._lora_013_000.png,CORRUPT_IMAGE,/kaggle/input/datasets/isthisdeception/ds0002-diff-official-test/raw/DS0002/test/I2I
DS0002,LoRA/LoRA/id_0422/._lora_014_000.png,CORRUPT_IMAGE,/kaggle/input/datasets/isthisdeception/ds0002-diff-official-test/raw/DS0002/test/I2I
DS0002,LoRA/LoRA/id_0422/._lora_015_000.png,CORRUPT_IMAGE,/kaggle/input/datasets/isthisdeception/ds0002-diff-official-test/raw/DS0002/test/I2I
DS0002,LoRA/LoRA/id_0422/._lora_016_000.png,CORRUPT_IMAGE,/kaggle/input/datasets/isthisdeception/ds0002-diff-official-test/raw/DS0002/test/I2I
DS0002,LoRA/LoRA/id_0422/._lora_017_000.png,CORRUPT_IMAGE,/kaggle/input/datasets/isthisdeception/ds0002-diff-official-test/raw/DS0002/test/I2I
DS0002,LoRA/LoRA/id_0422/._lora_018_000.png,CORRUPT_IMAGE,/kaggle/input/datasets/isthisdeception/ds0002-diff-official-test/raw/DS0002/test/I2I
DS0002,LoRA/LoRA/id_0422/._lora_019_000.png,CORRUPT_IMAGE,/kaggle/input/datasets/isthisdeception/ds0002-diff-official-test/raw/DS0002/test/I2I
DS0002,LoRA/LoRA/id_0422/._lora_020_000.png,CORRUPT_IMAGE,/kaggle/input/datasets/isthisdeception/ds0002-diff-official-test/raw/DS0002/test/I2I
DS0002,LoRA/LoRA/id_0422/._lora_021_000.png,CORRUPT_IMAGE,/kaggle/input/datasets/isthisdeception/ds0002-diff-official-test/raw/DS0002/test/I2I
DS0002,LoRA/LoRA/id_0422/._lora_022_000.png,CORRUPT_IMAGE,/kaggle/input/datasets/isthisdeception/ds0002-diff-official-test/raw/DS0002/test/I2I
DS0002,LoRA/LoRA/id_0422/._lora_023_000.png,CORRUPT_IMAGE,/kaggle/input/datasets/isthisdeception/ds0002-diff-official-test/raw/DS0002/test/I2I
DS0002,LoRA/LoRA/id_0422/._lora_024_000.png,CORRUPT_IMAGE,/kaggle/input/datasets/isthisdeception/ds0002-diff-official-test/raw/DS0002/test/I2I
DS0002,LoRA/LoRA/id_2390/._lora_001_000.png,CORRUPT_IMAGE,/kaggle/input/datasets/isthisdeception/ds0002-diff-official-test/raw/DS0002/test/I2I
DS0002,LoRA/LoRA/id_2390/._lora_002_000.png,CORRUPT_IMAGE,/kaggle/input/datasets/isthisdeception/ds0002-diff-official-test/raw/DS0002/test/I2I
DS0002,LoRA/LoRA/id_2390/._lora_003_000.png,CORRUPT_IMAGE,/kaggle/input/datasets/isthisdeception/ds0002-diff-official-test/raw/DS0002/test/I2I
DS0002,LoRA/LoRA/id_2390/._lora_005_000.png,CORRUPT_IMAGE,/kaggle/input/datasets/isthisdeception/ds0002-diff-official-test/raw/DS0002/test/I2I
DS0002,LoRA/LoRA/id_2390/._lora_006_000.png,CORRUPT_IMAGE,/kaggle/input/datasets/isthisdeception/ds0002-diff-official-test/raw/DS0002/test/I2I
DS0002,LoRA/LoRA/id_2390/._lora_007_000.png,CORRUPT_IMAGE,/kaggle/input/datasets/isthisdeception/ds0002-diff-official-test/raw/DS0002/test/I2I
DS0002,LoRA/LoRA/id_2390/._lora_008_000.png,CORRUPT_IMAGE,/kaggle/input/datasets/isthisdeception/ds0002-diff-official-test/raw/DS0002/test/I2I
DS0002,LoRA/LoRA/id_2202/._lora_001_000.png,CORRUPT_IMAGE,/kaggle/input/datasets/isthisdeception/ds0002-diff-official-test/raw/DS0002/test/I2I
DS0002,LoRA/LoRA/id_2202/._lora_002_000.png,CORRUPT_IMAGE,/kaggle/input/datasets/isthisdeception/ds0002-diff-official-test/raw/DS0002/test/I2I
DS0002,LoRA/LoRA/id_2202/._lora_003_000.png,CORRUPT_IMAGE,/kaggle/input/datasets/isthisdeception/ds0002-diff-official-test/raw/DS0002/test/I2I
DS0002,LoRA/LoRA/id_2202/._lora_004_000.png,CORRUPT_IMAGE,/kaggle/input/datasets/isthisdeception/ds0002-diff-official-test/raw/DS0002/test/I2I
DS0002,LoRA/LoRA/id_2202/._lora_005_000.png,CORRUPT_IMAGE,/kaggle/input/datasets/isthisdeception/ds0002-diff-official-test/raw/DS0002/test/I2I
DS0002,LoRA/LoRA/id_2202/._lora_006_000.png,CORRUPT_IMAGE,/kaggle/input/datasets/isthisdeception/ds0002-diff-official-test/raw/DS0002/test/I2I
DS0002,LoRA/LoRA/id_2202/._lora_007_000.png,CORRUPT_IMAGE,/kaggle/input/datasets/isthisdeception/ds0002-diff-official-test/raw/DS0002/test/I2I
DS0002,LoRA/LoRA/id_2202/._lora_008_000.png,CORRUPT_IMAGE,/kaggle/input/datasets/isthisdeception/ds0002-diff-official-test/raw/DS0002/test/I2I
DS0002,LoRA/LoRA/id_2202/._lora_009_000.png,CORRUPT_IMAGE,/kaggle/input/datasets/isthisdeception/ds0002-diff-official-test/raw/DS0002/test/I2I
DS0002,LoRA/LoRA/id_2202/._lora_010_000.png,CORRUPT_IMAGE,/kaggle/input/datasets/isthisdeception/ds0002-diff-official-test/raw/DS0002/test/I2I
DS0002,LoRA/LoRA/id_2202/._lora_011_000.png,CORRUPT_IMAGE,/kaggle/input/datasets/isthisdeception/ds0002-diff-official-test/raw/DS0002/test/I2I
DS0002,LoRA/LoRA/id_2202/._lora_012_000.png,CORRUPT_IMAGE,/kaggle/input/datasets/isthisdeception/ds0002-diff-official-test/raw/DS0002/test/I2I
DS0002,LoRA/LoRA/id_2202/._lora_013_000.png,CORRUPT_IMAGE,/kaggle/input/datasets/isthisdeception/ds0002-diff-official-test/raw/DS0002/test/I2I
DS0002,LoRA/LoRA/id_2202/._lora_014_000.png,CORRUPT_IMAGE,/kaggle/input/datasets/isthisdeception/ds0002-diff-official-test/raw/DS0002/test/I2I
DS0002,LoRA/LoRA/id_2202/._lora_015_000.png,CORRUPT_IMAGE,/kaggle/input/datasets/isthisdeception/ds0002-diff-official-test/raw/DS0002/test/I2I
DS0002,LoRA/LoRA/id_2202/._lora_016_000.png,CORRUPT_IMAGE,/kaggle/input/datasets/isthisdeception/ds0002-diff-official-test/raw/DS0002/test/I2I
DS0002,LoRA/LoRA/id_2202/._lora_017_000.png,CORRUPT_IMAGE,/kaggle/input/datasets/isthisdeception/ds0002-diff-official-test/raw/DS0002/test/I2I
DS0002,LoRA/LoRA/id_2202/._lora_018_000.png,CORRUPT_IMAGE,/kaggle/input/datasets/isthisdeception/ds0002-diff-official-test/raw/DS0002/test/I2I
DS0002,LoRA/LoRA/id_2202/._lora_019_000.png,CORRUPT_IMAGE,/kaggle/input/datasets/isthisdeception/ds0002-diff-official-test/raw/DS0002/test/I2I
DS0002,LoRA/LoRA/id_2202/._lora_020_000.png,CORRUPT_IMAGE,/kaggle/input/datasets/isthisdeception/ds0002-diff-official-test/raw/DS0002/test/I2I
DS0002,LoRA/LoRA/id_2202/._lora_021_000.png,CORRUPT_IMAGE,/kaggle/input/datasets/isthisdeception/ds0002-diff-official-test/raw/DS0002/test/I2I
DS0002,LoRA/LoRA/id_2202/._lora_022_000.png,CORRUPT_IMAGE,/kaggle/input/datasets/isthisdeception/ds0002-diff-official-test/raw/DS0002/test/I2I
DS0002,LoRA/LoRA/id_2202/._lora_023_000.png,CORRUPT_IMAGE,/kaggle/input/datasets/isthisdeception/ds0002-diff-official-test/raw/DS0002/test/I2I
DS0002,LoRA/LoRA/id_2202/._lora_024_000.png,CORRUPT_IMAGE,/kaggle/input/datasets/isthisdeception/ds0002-diff-official-test/raw/DS0002/test/I2I
DS0002,LoRA/LoRA/id_2202/._lora_026_000.png,CORRUPT_IMAGE,/kaggle/input/datasets/isthisdeception/ds0002-diff-official-test/raw/DS0002/test/I2I
DS0002,LoRA/LoRA/id_2202/._lora_027_000.png,CORRUPT_IMAGE,/kaggle/input/datasets/isthisdeception/ds0002-diff-official-test/raw/DS0002/test/I2I
DS0002,LoRA/LoRA/id_2202/._lora_028_000.png,CORRUPT_IMAGE,/kaggle/input/datasets/isthisdeception/ds0002-diff-official-test/raw/DS0002/test/I2I
DS0002,LoRA/LoRA/id_2202/._lora_029_000.png,CORRUPT_IMAGE,/kaggle/input/datasets/isthisdeception/ds0002-diff-official-test/raw/DS0002/test/I2I
DS0002,LoRA/LoRA/id_2202/._lora_030_000.png,CORRUPT_IMAGE,/kaggle/input/datasets/isthisdeception/ds0002-diff-official-test/raw/DS0002/test/I2I
DS0002,LoRA/LoRA/id_2202/._lora_031_000.png,CORRUPT_IMAGE,/kaggle/input/datasets/isthisdeception/ds0002-diff-official-test/raw/DS0002/test/I2I
DS0002,LoRA/LoRA/id_2202/._lora_032_000.png,CORRUPT_IMAGE,/kaggle/input/datasets/isthisdeception/ds0002-diff-official-test/raw/DS0002/test/I2I
DS0002,LoRA/LoRA/id_1743/._lora_001_000.png,CORRUPT_IMAGE,/kaggle/input/datasets/isthisdeception/ds0002-diff-official-test/raw/DS0002/test/I2I
DS0002,LoRA/LoRA/id_1743/._lora_002_000.png,CORRUPT_IMAGE,/kaggle/input/datasets/isthisdeception/ds0002-diff-official-test/raw/DS0002/test/I2I
DS0002,LoRA/LoRA/id_1743/._lora_003_000.png,CORRUPT_IMAGE,/kaggle/input/datasets/isthisdeception/ds0002-diff-official-test/raw/DS0002/test/I2I
DS0002,LoRA/LoRA/id_1743/._lora_004_000.png,CORRUPT_IMAGE,/kaggle/input/datasets/isthisdeception/ds0002-diff-official-test/raw/DS0002/test/I2I
DS0002,LoRA/LoRA/id_1743/._lora_005_000.png,CORRUPT_IMAGE,/kaggle/input/datasets/isthisdeception/ds0002-diff-official-test/raw/DS0002/test/I2I
DS0002,LoRA/LoRA/id_1743/._lora_007_000.png,CORRUPT_IMAGE,/kaggle/input/datasets/isthisdeception/ds0002-diff-official-test/raw/DS0002/test/I2I
DS0002,LoRA/LoRA/id_1743/._lora_008_000.png,CORRUPT_IMAGE,/kaggle/input/datasets/isthisdeception/ds0002-diff-official-test/raw/DS0002/test/I2I
DS0002,LoRA/LoRA/id_1743/._lora_009_000.png,CORRUPT_IMAGE,/kaggle/input/datasets/isthisdeception/ds0002-diff-official-test/raw/DS0002/test/I2I
DS0002,LoRA/LoRA/id_1743/._lora_010_000.png,CORRUPT_IMAGE,/kaggle/input/datasets/isthisdeception/ds0002-diff-official-test/raw/DS0002/test/I2I
DS0002,LoRA/LoRA/id_1743/._lora_011_000.png,CORRUPT_IMAGE,/kaggle/input/datasets/isthisdeception/ds0002-diff-official-test/raw/DS0002/test/I2I
DS0002,LoRA/LoRA/id_1743/._lora_012_000.png,CORRUPT_IMAGE,/kaggle/input/datasets/isthisdeception/ds0002-diff-official-test/raw/DS0002/test/I2I
DS0002,LoRA/LoRA/id_1743/._lora_013_000.png,CORRUPT_IMAGE,/kaggle/input/datasets/isthisdeception/ds0002-diff-official-test/raw/DS0002/test/I2I
DS0002,LoRA/LoRA/id_1743/._lora_014_000.png,CORRUPT_IMAGE,/kaggle/input/datasets/isthisdeception/ds0002-diff-official-test/raw/DS0002/test/I2I
DS0002,LoRA/LoRA/id_1743/._lora_015_000.png,CORRUPT_IMAGE,/kaggle/input/datasets/isthisdeception/ds0002-diff-official-test/raw/DS0002/test/I2I
DS0002,LoRA/LoRA/id_1743/._lora_016_000.png,CORRUPT_IMAGE,/kaggle/input/datasets/isthisdeception/ds0002-diff-official-test/raw/DS0002/test/I2I
DS0002,LoRA/LoRA/id_1170/._lora_001_000.png,CORRUPT_IMAGE,/kaggle/input/datasets/isthisdeception/ds0002-diff-official-test/raw/DS0002/test/I2I
DS0002,LoRA/LoRA/id_1170/._lora_002_000.png,CORRUPT_IMAGE,/kaggle/input/datasets/isthisdeception/ds0002-diff-official-test/raw/DS0002/test/I2I
DS0002,LoRA/LoRA/id_1170/._lora_003_000.png,CORRUPT_IMAGE,/kaggle/input/datasets/isthisdeception/ds0002-diff-official-test/raw/DS0002/test/I2I
DS0002,LoRA/LoRA/id_1170/._lora_004_000.png,CORRUPT_IMAGE,/kaggle/input/datasets/isthisdeception/ds0002-diff-official-test/raw/DS0002/test/I2I
DS0002,LoRA/LoRA/id_1549/._lora_001_000.png,CORRUPT_IMAGE,/kaggle/input/datasets/isthisdeception/ds0002-diff-official-test/raw/DS0002/test/I2I
DS0002,LoRA/LoRA/id_1549/._lora_002_000.png,CORRUPT_IMAGE,/kaggle/input/datasets/isthisdeception/ds0002-diff-official-test/raw/DS0002/test/I2I
DS0002,LoRA/LoRA/id_1549/._lora_003_000.png,CORRUPT_IMAGE,/kaggle/input/datasets/isthisdeception/ds0002-diff-official-test/raw/DS0002/test/I2I
DS0002,LoRA/LoRA/id_1549/._lora_004_000.png,CORRUPT_IMAGE,/kaggle/input/datasets/isthisdeception/ds0002-diff-official-test/raw/DS0002/test/I2I
DS0002,LoRA/LoRA/id_2553/._lora_001_000.png,CORRUPT_IMAGE,/kaggle/input/datasets/isthisdeception/ds0002-diff-official-test/raw/DS0002/test/I2I
DS0002,LoRA/LoRA/id_2553/._lora_002_000.png,CORRUPT_IMAGE,/kaggle/input/datasets/isthisdeception/ds0002-diff-official-test/raw/DS0002/test/I2I
DS0002,LoRA/LoRA/id_2553/._lora_003_000.png,CORRUPT_IMAGE,/kaggle/input/datasets/isthisdeception/ds0002-diff-official-test/raw/DS0002/test/I2I
DS0002,LoRA/LoRA/id_2553/._lora_004_000.png,CORRUPT_IMAGE,/kaggle/input/datasets/isthisdeception/ds0002-diff-official-test/raw/DS0002/test/I2I
DS0002,LoRA/LoRA/id_2553/._lora_005_000.png,CORRUPT_IMAGE,/kaggle/input/datasets/isthisdeception/ds0002-diff-official-test/raw/DS0002/test/I2I
DS0002,LoRA/LoRA/id_2553/._lora_006_000.png,CORRUPT_IMAGE,/kaggle/input/datasets/isthisdeception/ds0002-diff-official-test/raw/DS0002/test/I2I
DS0002,LoRA/LoRA/id_2553/._lora_007_000.png,CORRUPT_IMAGE,/kaggle/input/datasets/isthisdeception/ds0002-diff-official-test/raw/DS0002/test/I2I
DS0002,LoRA/LoRA/id_2553/._lora_008_000.png,CORRUPT_IMAGE,/kaggle/input/datasets/isthisdeception/ds0002-diff-official-test/raw/DS0002/test/I2I
DS0002,LoRA/LoRA/id_2553/._lora_009_000.png,CORRUPT_IMAGE,/kaggle/input/datasets/isthisdeception/ds0002-diff-official-test/raw/DS0002/test/I2I
DS0002,LoRA/LoRA/id_2553/._lora_010_000.png,CORRUPT_IMAGE,/kaggle/input/datasets/isthisdeception/ds0002-diff-official-test/raw/DS0002/test/I2I
DS0002,LoRA/LoRA/id_2553/._lora_011_000.png,CORRUPT_IMAGE,/kaggle/input/datasets/isthisdeception/ds0002-diff-official-test/raw/DS0002/test/I2I
DS0002,LoRA/LoRA/id_2553/._lora_012_000.png,CORRUPT_IMAGE,/kaggle/input/datasets/isthisdeception/ds0002-diff-official-test/raw/DS0002/test/I2I
DS0002,LoRA/LoRA/id_2553/._lora_013_000.png,CORRUPT_IMAGE,/kaggle/input/datasets/isthisdeception/ds0002-diff-official-test/raw/DS0002/test/I2I
DS0002,LoRA/LoRA/id_2553/._lora_014_000.png,CORRUPT_IMAGE,/kaggle/input/datasets/isthisdeception/ds0002-diff-official-test/raw/DS0002/test/I2I
DS0002,LoRA/LoRA/id_2553/._lora_015_000.png,CORRUPT_IMAGE,/kaggle/input/datasets/isthisdeception/ds0002-diff-official-test/raw/DS0002/test/I2I
DS0002,LoRA/LoRA/id_2553/._lora_016_000.png,CORRUPT_IMAGE,/kaggle/input/datasets/isthisdeception/ds0002-diff-official-test/raw/DS0002/test/I2I
DS0002,LoRA/LoRA/id_2204/._lora_001_000.png,CORRUPT_IMAGE,/kaggle/input/datasets/isthisdeception/ds0002-diff-official-test/raw/DS0002/test/I2I
DS0002,LoRA/LoRA/id_2204/._lora_002_000.png,CORRUPT_IMAGE,/kaggle/input/datasets/isthisdeception/ds0002-diff-official-test/raw/DS0002/test/I2I
DS0002,LoRA/LoRA/id_2204/._lora_003_000.png,CORRUPT_IMAGE,/kaggle/input/datasets/isthisdeception/ds0002-diff-official-test/raw/DS0002/test/I2I
DS0002,LoRA/LoRA/id_2702/._lora_001_000.png,CORRUPT_IMAGE,/kaggle/input/datasets/isthisdeception/ds0002-diff-official-test/raw/DS0002/test/I2I
DS0002,LoRA/LoRA/id_2702/._lora_002_000.png,CORRUPT_IMAGE,/kaggle/input/datasets/isthisdeception/ds0002-diff-official-test/raw/DS0002/test/I2I
DS0002,LoRA/LoRA/id_2702/._lora_003_000.png,CORRUPT_IMAGE,/kaggle/input/datasets/isthisdeception/ds0002-diff-official-test/raw/DS0002/test/I2I
DS0002,LoRA/LoRA/id_2702/._lora_004_000.png,CORRUPT_IMAGE,/kaggle/input/datasets/isthisdeception/ds0002-diff-official-test/raw/DS0002/test/I2I
DS0002,LoRA/LoRA/id_2702/._lora_005_000.png,CORRUPT_IMAGE,/kaggle/input/datasets/isthisdeception/ds0002-diff-official-test/raw/DS0002/test/I2I
DS0002,LoRA/LoRA/id_2702/._lora_006_000.png,CORRUPT_IMAGE,/kaggle/input/datasets/isthisdeception/ds0002-diff-official-test/raw/DS0002/test/I2I
DS0002,LoRA/LoRA/id_2702/._lora_007_000.png,CORRUPT_IMAGE,/kaggle/input/datasets/isthisdeception/ds0002-diff-official-test/raw/DS0002/test/I2I
DS0002,LoRA/LoRA/id_2702/._lora_008_000.png,CORRUPT_IMAGE,/kaggle/input/datasets/isthisdeception/ds0002-diff-official-test/raw/DS0002/test/I2I
DS0002,LoRA/LoRA/id_1656/._lora_001_000.png,CORRUPT_IMAGE,/kaggle/input/datasets/isthisdeception/ds0002-diff-official-test/raw/DS0002/test/I2I
DS0002,LoRA/LoRA/id_1656/._lora_002_000.png,CORRUPT_IMAGE,/kaggle/input/datasets/isthisdeception/ds0002-diff-official-test/raw/DS0002/test/I2I
DS0002,LoRA/LoRA/id_1656/._lora_003_000.png,CORRUPT_IMAGE,/kaggle/input/datasets/isthisdeception/ds0002-diff-official-test/raw/DS0002/test/I2I
DS0002,LoRA/LoRA/id_1656/._lora_004_000.png,CORRUPT_IMAGE,/kaggle/input/datasets/isthisdeception/ds0002-diff-official-test/raw/DS0002/test/I2I
DS0002,LoRA/LoRA/id_1656/._lora_005_000.png,CORRUPT_IMAGE,/kaggle/input/datasets/isthisdeception/ds0002-diff-official-test/raw/DS0002/test/I2I
DS0002,LoRA/LoRA/id_1656/._lora_006_000.png,CORRUPT_IMAGE,/kaggle/input/datasets/isthisdeception/ds0002-diff-official-test/raw/DS0002/test/I2I
DS0002,LoRA/LoRA/id_1656/._lora_007_000.png,CORRUPT_IMAGE,/kaggle/input/datasets/isthisdeception/ds0002-diff-official-test/raw/DS0002/test/I2I
DS0002,LoRA/LoRA/id_1656/._lora_008_000.png,CORRUPT_IMAGE,/kaggle/input/datasets/isthisdeception/ds0002-diff-official-test/raw/DS0002/test/I2I
DS0002,LoRA/LoRA/id_1850/._lora_001_000.png,CORRUPT_IMAGE,/kaggle/input/datasets/isthisdeception/ds0002-diff-official-test/raw/DS0002/test/I2I
DS0002,LoRA/LoRA/id_1850/._lora_002_000.png,CORRUPT_IMAGE,/kaggle/input/datasets/isthisdeception/ds0002-diff-official-test/raw/DS0002/test/I2I
DS0002,LoRA/LoRA/id_1850/._lora_003_000.png,CORRUPT_IMAGE,/kaggle/input/datasets/isthisdeception/ds0002-diff-official-test/raw/DS0002/test/I2I
DS0002,LoRA/LoRA/id_1850/._lora_004_000.png,CORRUPT_IMAGE,/kaggle/input/datasets/isthisdeception/ds0002-diff-official-test/raw/DS0002/test/I2I
DS0002,LoRA/LoRA/id_2200/._lora_001_000.png,CORRUPT_IMAGE,/kaggle/input/datasets/isthisdeception/ds0002-diff-official-test/raw/DS0002/test/I2I
DS0002,LoRA/LoRA/id_2200/._lora_002_000.png,CORRUPT_IMAGE,/kaggle/input/datasets/isthisdeception/ds0002-diff-official-test/raw/DS0002/test/I2I
DS0002,LoRA/LoRA/id_2200/._lora_003_000.png,CORRUPT_IMAGE,/kaggle/input/datasets/isthisdeception/ds0002-diff-official-test/raw/DS0002/test/I2I
DS0002,LoRA/LoRA/id_2200/._lora_004_000.png,CORRUPT_IMAGE,/kaggle/input/datasets/isthisdeception/ds0002-diff-official-test/raw/DS0002/test/I2I
DS0002,LoRA/LoRA/id_2200/._lora_005_000.png,CORRUPT_IMAGE,/kaggle/input/datasets/isthisdeception/ds0002-diff-official-test/raw/DS0002/test/I2I
DS0002,LoRA/LoRA/id_2200/._lora_006_000.png,CORRUPT_IMAGE,/kaggle/input/datasets/isthisdeception/ds0002-diff-official-test/raw/DS0002/test/I2I
DS0002,LoRA/LoRA/id_2200/._lora_007_000.png,CORRUPT_IMAGE,/kaggle/input/datasets/isthisdeception/ds0002-diff-official-test/raw/DS0002/test/I2I
DS0002,LoRA/LoRA/id_2200/._lora_008_000.png,CORRUPT_IMAGE,/kaggle/input/datasets/isthisdeception/ds0002-diff-official-test/raw/DS0002/test/I2I
DS0002,LoRA/LoRA/id_2200/._lora_009_000.png,CORRUPT_IMAGE,/kaggle/input/datasets/isthisdeception/ds0002-diff-official-test/raw/DS0002/test/I2I
DS0002,LoRA/LoRA/id_2200/._lora_010_000.png,CORRUPT_IMAGE,/kaggle/input/datasets/isthisdeception/ds0002-diff-official-test/raw/DS0002/test/I2I
DS0002,LoRA/LoRA/id_2200/._lora_011_000.png,CORRUPT_IMAGE,/kaggle/input/datasets/isthisdeception/ds0002-diff-official-test/raw/DS0002/test/I2I
DS0002,LoRA/LoRA/id_2200/._lora_012_000.png,CORRUPT_IMAGE,/kaggle/input/datasets/isthisdeception/ds0002-diff-official-test/raw/DS0002/test/I2I
DS0002,LoRA/LoRA/id_2200/._lora_013_000.png,CORRUPT_IMAGE,/kaggle/input/datasets/isthisdeception/ds0002-diff-official-test/raw/DS0002/test/I2I
DS0002,LoRA/LoRA/id_2200/._lora_014_000.png,CORRUPT_IMAGE,/kaggle/input/datasets/isthisdeception/ds0002-diff-official-test/raw/DS0002/test/I2I
DS0002,LoRA/LoRA/id_2200/._lora_015_000.png,CORRUPT_IMAGE,/kaggle/input/datasets/isthisdeception/ds0002-diff-official-test/raw/DS0002/test/I2I
DS0002,LoRA/LoRA/id_2200/._lora_016_000.png,CORRUPT_IMAGE,/kaggle/input/datasets/isthisdeception/ds0002-diff-official-test/raw/DS0002/test/I2I
DS0002,LoRA/LoRA/id_2200/._lora_017_000.png,CORRUPT_IMAGE,/kaggle/input/datasets/isthisdeception/ds0002-diff-official-test/raw/DS0002/test/I2I
DS0002,LoRA/LoRA/id_2200/._lora_018_000.png,CORRUPT_IMAGE,/kaggle/input/datasets/isthisdeception/ds0002-diff-official-test/raw/DS0002/test/I2I
DS0002,LoRA/LoRA/id_2200/._lora_019_000.png,CORRUPT_IMAGE,/kaggle/input/datasets/isthisdeception/ds0002-diff-official-test/raw/DS0002/test/I2I
DS0002,LoRA/LoRA/id_2200/._lora_020_000.png,CORRUPT_IMAGE,/kaggle/input/datasets/isthisdeception/ds0002-diff-official-test/raw/DS0002/test/I2I
DS0002,LoRA/LoRA/id_0632/._lora_001_000.png,CORRUPT_IMAGE,/kaggle/input/datasets/isthisdeception/ds0002-diff-official-test/raw/DS0002/test/I2I
DS0002,LoRA/LoRA/id_0632/._lora_003_000.png,CORRUPT_IMAGE,/kaggle/input/datasets/isthisdeception/ds0002-diff-official-test/raw/DS0002/test/I2I
DS0002,LoRA/LoRA/id_0744/._lora_001_000.png,CORRUPT_IMAGE,/kaggle/input/datasets/isthisdeception/ds0002-diff-official-test/raw/DS0002/test/I2I
DS0002,LoRA/LoRA/id_0744/._lora_002_000.png,CORRUPT_IMAGE,/kaggle/input/datasets/isthisdeception/ds0002-diff-official-test/raw/DS0002/test/I2I
DS0002,LoRA/LoRA/id_0744/._lora_003_000.png,CORRUPT_IMAGE,/kaggle/input/datasets/isthisdeception/ds0002-diff-official-test/raw/DS0002/test/I2I
DS0002,LoRA/LoRA/id_0744/._lora_004_000.png,CORRUPT_IMAGE,/kaggle/input/datasets/isthisdeception/ds0002-diff-official-test/raw/DS0002/test/I2I
DS0002,LoRA/LoRA/id_0744/._lora_005_000.png,CORRUPT_IMAGE,/kaggle/input/datasets/isthisdeception/ds0002-diff-official-test/raw/DS0002/test/I2I
DS0002,LoRA/LoRA/id_0744/._lora_006_000.png,CORRUPT_IMAGE,/kaggle/input/datasets/isthisdeception/ds0002-diff-official-test/raw/DS0002/test/I2I
DS0002,LoRA/LoRA/id_0744/._lora_007_000.png,CORRUPT_IMAGE,/kaggle/input/datasets/isthisdeception/ds0002-diff-official-test/raw/DS0002/test/I2I
DS0002,LoRA/LoRA/id_0744/._lora_009_000.png,CORRUPT_IMAGE,/kaggle/input/datasets/isthisdeception/ds0002-diff-official-test/raw/DS0002/test/I2I
DS0002,LoRA/LoRA/id_0744/._lora_010_000.png,CORRUPT_IMAGE,/kaggle/input/datasets/isthisdeception/ds0002-diff-official-test/raw/DS0002/test/I2I
DS0002,LoRA/LoRA/id_0744/._lora_011_000.png,CORRUPT_IMAGE,/kaggle/input/datasets/isthisdeception/ds0002-diff-official-test/raw/DS0002/test/I2I
DS0002,LoRA/LoRA/id_0744/._lora_012_000.png,CORRUPT_IMAGE,/kaggle/input/datasets/isthisdeception/ds0002-diff-official-test/raw/DS0002/test/I2I
DS0002,LoRA/LoRA/id_0744/._lora_013_000.png,CORRUPT_IMAGE,/kaggle/input/datasets/isthisdeception/ds0002-diff-official-test/raw/DS0002/test/I2I
DS0002,LoRA/LoRA/id_0744/._lora_014_000.png,CORRUPT_IMAGE,/kaggle/input/datasets/isthisdeception/ds0002-diff-official-test/raw/DS0002/test/I2I
DS0002,LoRA/LoRA/id_0744/._lora_015_000.png,CORRUPT_IMAGE,/kaggle/input/datasets/isthisdeception/ds0002-diff-official-test/raw/DS0002/test/I2I
DS0002,LoRA/LoRA/id_0744/._lora_016_000.png,CORRUPT_IMAGE,/kaggle/input/datasets/isthisdeception/ds0002-diff-official-test/raw/DS0002/test/I2I
DS0002,SDXL_Refine/SDXL_Refine/id_2454/images_2_refine/M1_001/sd2_gene_1_refine.png,CORRUPT_IMAGE,/kaggle/input/datasets/isthisdeception/ds0002-diff-official-test/raw/DS0002/test/I2I
