relative_path,reason_code,detail
SDXL_Refine/SDXL_Refine/id_0630/images_3_refine/M1_005/sd2_gene_1_refine.png,EXCLUDED_CORRUPT,
SDXL_Refine/SDXL_Refine/id_0630/images_3_refine/M1_002/sd2_gene_1_refine.png,EXCLUDED_CORRUPT,
SDXL_Refine/SDXL_Refine/id_0630/images_3_refine/M1_000/sd2_gene_1_refine.png,EXCLUDED_CORRUPT,
SDXL_Refine/SDXL_Refine/id_0630/images_3_refine/M1_004/sd2_gene_1_refine.png,EXCLUDED_CORRUPT,
SDXL_Refine/SDXL_Refine/id_0630/images_3_refine/M1_003/sd2_gene_1_refine.png,EXCLUDED_CORRUPT,
SDXL_Refine/SDXL_Refine/id_0630/images_3_refine/M1_001/sd2_gene_1_refine.png,EXCLUDED_CORRUPT,
SDXL_Refine/SDXL_Refine/id_0630/images_3_refine/M1_006/sd2_gene_1_refine.png,EXCLUDED_CORRUPT,
SDXL_Refine/SDXL_Refine/id_0630/images_3_refine/M1_007/sd2_gene_1_refine.png,EXCLUDED_CORRUPT,
SDXL_Refine/SDXL_Refine/id_0630/images_4_refine/M1_005/sd2_gene_1_refine.png,EXCLUDED_CORRUPT,
SDXL_Refine/SDXL_Refine/id_0630/images_4_refine/M1_002/sd2_gene_1_refine.png,EXCLUDED_CORRUPT,
SDXL_Refine/SDXL_Refine/id_0630/images_4_refine/M1_000/sd2_gene_1_refine.png,EXCLUDED_CORRUPT,
SDXL_Refine/SDXL_Refine/id_0630/images_4_refine/M1_004/sd2_gene_1_refine.png,EXCLUDED_CORRUPT,
SDXL_Refine/SDXL_Refine/id_0630/images_4_refine/M1_003/sd2_gene_1_refine.png,EXCLUDED_CORRUPT,
SDXL_Refine/SDXL_Refine/id_0630/images_4_refine/M1_001/sd2_gene_1_refine.png,EXCLUDED_CORRUPT,
SDXL_Refine/SDXL_Refine/id_0630/images_4_refine/M1_006/sd2_gene_1_refine.png,EXCLUDED_CORRUPT,
SDXL_Refine/SDXL_Refine/id_0630/images_4_refine/M1_007/sd2_gene_1_refine.png,EXCLUDED_CORRUPT,
SDXL_Refine/SDXL_Refine/id_0630/images_refine/M1_005/sd2_gene_1_refine.png,EXCLUDED_CORRUPT,
SDXL_Refine/SDXL_Refine/id_0630/images_refine/M1_002/sd2_gene_1_refine.png,EXCLUDED_CORRUPT,
SDXL_Refine/SDXL_Refine/id_0630/images_refine/M1_000/sd2_gene_1_refine.png,EXCLUDED_CORRUPT,
SDXL_Refine/SDXL_Refine/id_0630/images_refine/M1_004/sd2_gene_1_refine.png,EXCLUDED_CORRUPT,
SDXL_Refine/SDXL_Refine/id_0630/images_refine/M1_003/sd2_gene_1_refine.png,EXCLUDED_CORRUPT,
SDXL_Refine/SDXL_Refine/id_0630/images_refine/M1_001/sd2_gene_1_refine.png,EXCLUDED_CORRUPT,
SDXL_Refine/SDXL_Refine/id_0630/images_refine/M1_006/sd2_gene_1_refine.png,EXCLUDED_CORRUPT,
SDXL_Refine/SDXL_Refine/id_0630/images_refine/M1_007/sd2_gene_1_refine.png,EXCLUDED_CORRUPT,
SDXL_Refine/SDXL_Refine/id_0630/images_2_refine/M1_005/sd2_gene_1_refine.png,EXCLUDED_CORRUPT,
SDXL_Refine/SDXL_Refine/id_0630/images_2_refine/M1_002/sd2_gene_1_refine.png,EXCLUDED_CORRUPT,
SDXL_Refine/SDXL_Refine/id_0630/images_2_refine/M1_000/sd2_gene_1_refine.png,EXCLUDED_CORRUPT,
SDXL_Refine/SDXL_Refine/id_0630/images_2_refine/M1_004/sd2_gene_1_refine.png,EXCLUDED_CORRUPT,
SDXL_Refine/SDXL_Refine/id_0630/images_2_refine/M1_003/sd2_gene_1_refine.png,EXCLUDED_CORRUPT,
SDXL_Refine/SDXL_Refine/id_0630/images_2_refine/M1_001/sd2_gene_1_refine.png,EXCLUDED_CORRUPT,
SDXL_Refine/SDXL_Refine/id_0630/images_2_refine/M1_006/sd2_gene_1_refine.png,EXCLUDED_CORRUPT,
SDXL_Refine/SDXL_Refine/id_0630/images_2_refine/M1_007/sd2_gene_1_refine.png,EXCLUDED_CORRUPT,
SDXL_Refine/SDXL_Refine/id_2270/images_3_refine/M1_005/sd2_gene_1_refine.png,EXCLUDED_CORRUPT,
SDXL_Refine/SDXL_Refine/id_2270/images_3_refine/M1_002/sd2_gene_1_refine.png,EXCLUDED_CORRUPT,
SDXL_Refine/SDXL_Refine/id_2270/images_3_refine/M1_000/sd2_gene_1_refine.png,EXCLUDED_CORRUPT,
SDXL_Refine/SDXL_Refine/id_2270/images_3_refine/M1_004/sd2_gene_1_refine.png,EXCLUDED_CORRUPT,
SDXL_Refine/SDXL_Refine/id_2270/images_3_refine/M1_003/sd2_gene_1_refine.png,EXCLUDED_CORRUPT,
SDXL_Refine/SDXL_Refine/id_2270/images_3_refine/M1_001/sd2_gene_1_refine.png,EXCLUDED_CORRUPT,
SDXL_Refine/SDXL_Refine/id_2270/images_3_refine/M1_006/sd2_gene_1_refine.png,EXCLUDED_CORRUPT,
SDXL_Refine/SDXL_Refine/id_2270/images_3_refine/M1_007/sd2_gene_1_refine.png,EXCLUDED_CORRUPT,
SDXL_Refine/SDXL_Refine/id_2270/images_4_refine/M1_005/sd2_gene_1_refine.png,EXCLUDED_CORRUPT,
SDXL_Refine/SDXL_Refine/id_2270/images_4_refine/M1_002/sd2_gene_1_refine.png,EXCLUDED_CORRUPT,
SDXL_Refine/SDXL_Refine/id_2270/images_4_refine/M1_000/sd2_gene_1_refine.png,EXCLUDED_CORRUPT,
SDXL_Refine/SDXL_Refine/id_2270/images_4_refine/M1_004/sd2_gene_1_refine.png,EXCLUDED_CORRUPT,
SDXL_Refine/SDXL_Refine/id_2270/images_4_refine/M1_003/sd2_gene_1_refine.png,EXCLUDED_CORRUPT,
SDXL_Refine/SDXL_Refine/id_2270/images_4_refine/M1_001/sd2_gene_1_refine.png,EXCLUDED_CORRUPT,
SDXL_Refine/SDXL_Refine/id_2270/images_4_refine/M1_006/sd2_gene_1_refine.png,EXCLUDED_CORRUPT,
SDXL_Refine/SDXL_Refine/id_2270/images_4_refine/M1_007/sd2_gene_1_refine.png,EXCLUDED_CORRUPT,
SDXL_Refine/SDXL_Refine/id_2270/images_refine/M1_005/sd2_gene_1_refine.png,EXCLUDED_CORRUPT,
SDXL_Refine/SDXL_Refine/id_2270/images_refine/M1_002/sd2_gene_1_refine.png,EXCLUDED_CORRUPT,
SDXL_Refine/SDXL_Refine/id_2270/images_refine/M1_000/sd2_gene_1_refine.png,EXCLUDED_CORRUPT,
SDXL_Refine/SDXL_Refine/id_2270/images_refine/M1_004/sd2_gene_1_refine.png,EXCLUDED_CORRUPT,
SDXL_Refine/SDXL_Refine/id_2270/images_refine/M1_003/sd2_gene_1_refine.png,EXCLUDED_CORRUPT,
SDXL_Refine/SDXL_Refine/id_2270/images_refine/M1_001/sd2_gene_1_refine.png,EXCLUDED_CORRUPT,
SDXL_Refine/SDXL_Refine/id_2270/images_refine/M1_006/sd2_gene_1_refine.png,EXCLUDED_CORRUPT,
SDXL_Refine/SDXL_Refine/id_2270/images_refine/M1_007/sd2_gene_1_refine.png,EXCLUDED_CORRUPT,
SDXL_Refine/SDXL_Refine/id_2270/images_2_refine/M1_005/sd2_gene_1_refine.png,EXCLUDED_CORRUPT,
SDXL_Refine/SDXL_Refine/id_2270/images_2_refine/M1_002/sd2_gene_1_refine.png,EXCLUDED_CORRUPT,
SDXL_Refine/SDXL_Refine/id_2270/images_2_refine/M1_000/sd2_gene_1_refine.png,EXCLUDED_CORRUPT,
SDXL_Refine/SDXL_Refine/id_2270/images_2_refine/M1_004/sd2_gene_1_refine.png,EXCLUDED_CORRUPT,
SDXL_Refine/SDXL_Refine/id_2270/images_2_refine/M1_003/sd2_gene_1_refine.png,EXCLUDED_CORRUPT,
SDXL_Refine/SDXL_Refine/id_2270/images_2_refine/M1_001/sd2_gene_1_refine.png,EXCLUDED_CORRUPT,
SDXL_Refine/SDXL_Refine/id_2270/images_2_refine/M1_006/sd2_gene_1_refine.png,EXCLUDED_CORRUPT,
SDXL_Refine/SDXL_Refine/id_2270/images_2_refine/M1_007/sd2_gene_1_refine.png,EXCLUDED_CORRUPT,
SDXL_Refine/SDXL_Refine/id_1144/images_3_refine/M1_002/sd2_gene_1_refine.png,EXCLUDED_CORRUPT,
SDXL_Refine/SDXL_Refine/id_1144/images_3_refine/M1_000/sd2_gene_1_refine.png,EXCLUDED_CORRUPT,
SDXL_Refine/SDXL_Refine/id_1144/images_3_refine/M1_003/sd2_gene_1_refine.png,EXCLUDED_CORRUPT,
SDXL_Refine/SDXL_Refine/id_1144/images_3_refine/M1_001/sd2_gene_1_refine.png,EXCLUDED_CORRUPT,
SDXL_Refine/SDXL_Refine/id_1144/images_4_refine/M1_002/sd2_gene_1_refine.png,EXCLUDED_CORRUPT,
SDXL_Refine/SDXL_Refine/id_1144/images_4_refine/M1_000/sd2_gene_1_refine.png,EXCLUDED_CORRUPT,
SDXL_Refine/SDXL_Refine/id_1144/images_4_refine/M1_003/sd2_gene_1_refine.png,EXCLUDED_CORRUPT,
SDXL_Refine/SDXL_Refine/id_1144/images_4_refine/M1_001/sd2_gene_1_refine.png,EXCLUDED_CORRUPT,
SDXL_Refine/SDXL_Refine/id_1144/images_refine/M1_002/sd2_gene_1_refine.png,EXCLUDED_CORRUPT,
SDXL_Refine/SDXL_Refine/id_1144/images_refine/M1_000/sd2_gene_1_refine.png,EXCLUDED_CORRUPT,
SDXL_Refine/SDXL_Refine/id_1144/images_refine/M1_003/sd2_gene_1_refine.png,EXCLUDED_CORRUPT,
SDXL_Refine/SDXL_Refine/id_1144/images_refine/M1_001/sd2_gene_1_refine.png,EXCLUDED_CORRUPT,
SDXL_Refine/SDXL_Refine/id_1144/images_2_refine/M1_002/sd2_gene_1_refine.png,EXCLUDED_CORRUPT,
SDXL_Refine/SDXL_Refine/id_1144/images_2_refine/M1_000/sd2_gene_1_refine.png,EXCLUDED_CORRUPT,
SDXL_Refine/SDXL_Refine/id_1144/images_2_refine/M1_001/sd2_gene_1_refine.png,EXCLUDED_CORRUPT,
SDXL_Refine/SDXL_Refine/id_0718/images_3_refine/M1_002/sd2_gene_1_refine.png,EXCLUDED_CORRUPT,
SDXL_Refine/SDXL_Refine/id_0718/images_3_refine/M1_000/sd2_gene_1_refine.png,EXCLUDED_CORRUPT,
SDXL_Refine/SDXL_Refine/id_0718/images_3_refine/M1_003/sd2_gene_1_refine.png,EXCLUDED_CORRUPT,
SDXL_Refine/SDXL_Refine/id_0718/images_4_refine/M1_000/sd2_gene_1_refine.png,EXCLUDED_CORRUPT,
SDXL_Refine/SDXL_Refine/id_0718/images_4_refine/M1_003/sd2_gene_1_refine.png,EXCLUDED_CORRUPT,
SDXL_Refine/SDXL_Refine/id_0718/images_4_refine/M1_001/sd2_gene_1_refine.png,EXCLUDED_CORRUPT,
SDXL_Refine/SDXL_Refine/id_0718/images_refine/M1_000/sd2_gene_1_refine.png,EXCLUDED_CORRUPT,
SDXL_Refine/SDXL_Refine/id_0718/images_refine/M1_003/sd2_gene_1_refine.png,EXCLUDED_CORRUPT,
SDXL_Refine/SDXL_Refine/id_0718/images_2_refine/M1_000/sd2_gene_1_refine.png,EXCLUDED_CORRUPT,
SDXL_Refine/SDXL_Refine/id_0718/images_2_refine/M1_003/sd2_gene_1_refine.png,EXCLUDED_CORRUPT,
SDXL_Refine/SDXL_Refine/id_1406/images_3_refine/M1_002/sd2_gene_1_refine.png,EXCLUDED_CORRUPT,
SDXL_Refine/SDXL_Refine/id_1406/images_3_refine/M1_000/sd2_gene_1_refine.png,EXCLUDED_CORRUPT,
SDXL_Refine/SDXL_Refine/id_1406/images_3_refine/M1_003/sd2_gene_1_refine.png,EXCLUDED_CORRUPT,
SDXL_Refine/SDXL_Refine/id_1406/images_3_refine/M1_001/sd2_gene_1_refine.png,EXCLUDED_CORRUPT,
SDXL_Refine/SDXL_Refine/id_1406/images_4_refine/M1_002/sd2_gene_1_refine.png,EXCLUDED_CORRUPT,
SDXL_Refine/SDXL_Refine/id_1406/images_4_refine/M1_003/sd2_gene_1_refine.png,EXCLUDED_CORRUPT,
SDXL_Refine/SDXL_Refine/id_1406/images_4_refine/M1_001/sd2_gene_1_refine.png,EXCLUDED_CORRUPT,
SDXL_Refine/SDXL_Refine/id_1406/images_refine/M1_002/sd2_gene_1_refine.png,EXCLUDED_CORRUPT,
SDXL_Refine/SDXL_Refine/id_1406/images_refine/M1_000/sd2_gene_1_refine.png,EXCLUDED_CORRUPT,
SDXL_Refine/SDXL_Refine/id_1406/images_refine/M1_003/sd2_gene_1_refine.png,EXCLUDED_CORRUPT,
SDXL_Refine/SDXL_Refine/id_1406/images_refine/M1_001/sd2_gene_1_refine.png,EXCLUDED_CORRUPT,
SDXL_Refine/SDXL_Refine/id_1406/images_2_refine/M1_002/sd2_gene_1_refine.png,EXCLUDED_CORRUPT,
SDXL_Refine/SDXL_Refine/id_1406/images_2_refine/M1_000/sd2_gene_1_refine.png,EXCLUDED_CORRUPT,
SDXL_Refine/SDXL_Refine/id_1406/images_2_refine/M1_003/sd2_gene_1_refine.png,EXCLUDED_CORRUPT,
SDXL_Refine/SDXL_Refine/id_1406/images_2_refine/M1_001/sd2_gene_1_refine.png,EXCLUDED_CORRUPT,
SDXL_Refine/SDXL_Refine/id_1254/images_3_refine/M1_005/sd2_gene_1_refine.png,EXCLUDED_CORRUPT,
SDXL_Refine/SDXL_Refine/id_1254/images_3_refine/M1_002/sd2_gene_1_refine.png,EXCLUDED_CORRUPT,
SDXL_Refine/SDXL_Refine/id_1254/images_3_refine/M1_000/sd2_gene_1_refine.png,EXCLUDED_CORRUPT,
SDXL_Refine/SDXL_Refine/id_1254/images_3_refine/M1_003/sd2_gene_1_refine.png,EXCLUDED_CORRUPT,
SDXL_Refine/SDXL_Refine/id_1254/images_3_refine/M1_001/sd2_gene_1_refine.png,EXCLUDED_CORRUPT,
SDXL_Refine/SDXL_Refine/id_1254/images_3_refine/M1_006/sd2_gene_1_refine.png,EXCLUDED_CORRUPT,
SDXL_Refine/SDXL_Refine/id_1254/images_3_refine/M1_007/sd2_gene_1_refine.png,EXCLUDED_CORRUPT,
SDXL_Refine/SDXL_Refine/id_1254/images_4_refine/M1_005/sd2_gene_1_refine.png,EXCLUDED_CORRUPT,
SDXL_Refine/SDXL_Refine/id_1254/images_4_refine/M1_002/sd2_gene_1_refine.png,EXCLUDED_CORRUPT,
SDXL_Refine/SDXL_Refine/id_1254/images_4_refine/M1_004/sd2_gene_1_refine.png,EXCLUDED_CORRUPT,
SDXL_Refine/SDXL_Refine/id_1254/images_4_refine/M1_003/sd2_gene_1_refine.png,EXCLUDED_CORRUPT,
SDXL_Refine/SDXL_Refine/id_1254/images_4_refine/M1_006/sd2_gene_1_refine.png,EXCLUDED_CORRUPT,
SDXL_Refine/SDXL_Refine/id_1254/images_4_refine/M1_007/sd2_gene_1_refine.png,EXCLUDED_CORRUPT,
SDXL_Refine/SDXL_Refine/id_1254/images_refine/M1_005/sd2_gene_1_refine.png,EXCLUDED_CORRUPT,
SDXL_Refine/SDXL_Refine/id_1254/images_refine/M1_002/sd2_gene_1_refine.png,EXCLUDED_CORRUPT,
SDXL_Refine/SDXL_Refine/id_1254/images_refine/M1_000/sd2_gene_1_refine.png,EXCLUDED_CORRUPT,
SDXL_Refine/SDXL_Refine/id_1254/images_refine/M1_004/sd2_gene_1_refine.png,EXCLUDED_CORRUPT,
SDXL_Refine/SDXL_Refine/id_1254/images_refine/M1_003/sd2_gene_1_refine.png,EXCLUDED_CORRUPT,
SDXL_Refine/SDXL_Refine/id_1254/images_refine/M1_001/sd2_gene_1_refine.png,EXCLUDED_CORRUPT,
SDXL_Refine/SDXL_Refine/id_1254/images_refine/M1_006/sd2_gene_1_refine.png,EXCLUDED_CORRUPT,
SDXL_Refine/SDXL_Refine/id_1254/images_refine/M1_007/sd2_gene_1_refine.png,EXCLUDED_CORRUPT,
SDXL_Refine/SDXL_Refine/id_1254/images_2_refine/M1_005/sd2_gene_1_refine.png,EXCLUDED_CORRUPT,
SDXL_Refine/SDXL_Refine/id_1254/images_2_refine/M1_002/sd2_gene_1_refine.png,EXCLUDED_CORRUPT,
SDXL_Refine/SDXL_Refine/id_1254/images_2_refine/M1_000/sd2_gene_1_refine.png,EXCLUDED_CORRUPT,
SDXL_Refine/SDXL_Refine/id_1254/images_2_refine/M1_004/sd2_gene_1_refine.png,EXCLUDED_CORRUPT,
SDXL_Refine/SDXL_Refine/id_1254/images_2_refine/M1_001/sd2_gene_1_refine.png,EXCLUDED_CORRUPT,
SDXL_Refine/SDXL_Refine/id_1254/images_2_refine/M1_006/sd2_gene_1_refine.png,EXCLUDED_CORRUPT,
SDXL_Refine/SDXL_Refine/id_1254/images_2_refine/M1_007/sd2_gene_1_refine.png,EXCLUDED_CORRUPT,
SDXL_Refine/SDXL_Refine/id_0416/images_3_refine/M1_005/sd2_gene_1_refine.png,EXCLUDED_CORRUPT,
SDXL_Refine/SDXL_Refine/id_0416/images_3_refine/M1_002/sd2_gene_1_refine.png,EXCLUDED_CORRUPT,
SDXL_Refine/SDXL_Refine/id_0416/images_3_refine/M1_000/sd2_gene_1_refine.png,EXCLUDED_CORRUPT,
SDXL_Refine/SDXL_Refine/id_0416/images_3_refine/M1_004/sd2_gene_1_refine.png,EXCLUDED_CORRUPT,
SDXL_Refine/SDXL_Refine/id_0416/images_3_refine/M1_003/sd2_gene_1_refine.png,EXCLUDED_CORRUPT,
SDXL_Refine/SDXL_Refine/id_0416/images_3_refine/M1_001/sd2_gene_1_refine.png,EXCLUDED_CORRUPT,
SDXL_Refine/SDXL_Refine/id_0416/images_3_refine/M1_006/sd2_gene_1_refine.png,EXCLUDED_CORRUPT,
SDXL_Refine/SDXL_Refine/id_0416/images_3_refine/M1_007/sd2_gene_1_refine.png,EXCLUDED_CORRUPT,
SDXL_Refine/SDXL_Refine/id_0416/images_4_refine/M1_005/sd2_gene_1_refine.png,EXCLUDED_CORRUPT,
SDXL_Refine/SDXL_Refine/id_0416/images_4_refine/M1_002/sd2_gene_1_refine.png,EXCLUDED_CORRUPT,
SDXL_Refine/SDXL_Refine/id_0416/images_4_refine/M1_000/sd2_gene_1_refine.png,EXCLUDED_CORRUPT,
SDXL_Refine/SDXL_Refine/id_0416/images_4_refine/M1_004/sd2_gene_1_refine.png,EXCLUDED_CORRUPT,
SDXL_Refine/SDXL_Refine/id_0416/images_4_refine/M1_003/sd2_gene_1_refine.png,EXCLUDED_CORRUPT,
SDXL_Refine/SDXL_Refine/id_0416/images_4_refine/M1_001/sd2_gene_1_refine.png,EXCLUDED_CORRUPT,
SDXL_Refine/SDXL_Refine/id_0416/images_4_refine/M1_006/sd2_gene_1_refine.png,EXCLUDED_CORRUPT,
SDXL_Refine/SDXL_Refine/id_0416/images_4_refine/M1_007/sd2_gene_1_refine.png,EXCLUDED_CORRUPT,
SDXL_Refine/SDXL_Refine/id_0416/images_refine/M1_005/sd2_gene_1_refine.png,EXCLUDED_CORRUPT,
SDXL_Refine/SDXL_Refine/id_0416/images_refine/M1_002/sd2_gene_1_refine.png,EXCLUDED_CORRUPT,
SDXL_Refine/SDXL_Refine/id_0416/images_refine/M1_000/sd2_gene_1_refine.png,EXCLUDED_CORRUPT,
SDXL_Refine/SDXL_Refine/id_0416/images_refine/M1_004/sd2_gene_1_refine.png,EXCLUDED_CORRUPT,
SDXL_Refine/SDXL_Refine/id_0416/images_refine/M1_003/sd2_gene_1_refine.png,EXCLUDED_CORRUPT,
SDXL_Refine/SDXL_Refine/id_0416/images_refine/M1_001/sd2_gene_1_refine.png,EXCLUDED_CORRUPT,
SDXL_Refine/SDXL_Refine/id_0416/images_refine/M1_006/sd2_gene_1_refine.png,EXCLUDED_CORRUPT,
SDXL_Refine/SDXL_Refine/id_0416/images_refine/M1_007/sd2_gene_1_refine.png,EXCLUDED_CORRUPT,
SDXL_Refine/SDXL_Refine/id_0416/images_2_refine/M1_005/sd2_gene_1_refine.png,EXCLUDED_CORRUPT,
SDXL_Refine/SDXL_Refine/id_0416/images_2_refine/M1_002/sd2_gene_1_refine.png,EXCLUDED_CORRUPT,
SDXL_Refine/SDXL_Refine/id_0416/images_2_refine/M1_000/sd2_gene_1_refine.png,EXCLUDED_CORRUPT,
SDXL_Refine/SDXL_Refine/id_0416/images_2_refine/M1_004/sd2_gene_1_refine.png,EXCLUDED_CORRUPT,
SDXL_Refine/SDXL_Refine/id_0416/images_2_refine/M1_003/sd2_gene_1_refine.png,EXCLUDED_CORRUPT,
SDXL_Refine/SDXL_Refine/id_0416/images_2_refine/M1_001/sd2_gene_1_refine.png,EXCLUDED_CORRUPT,
SDXL_Refine/SDXL_Refine/id_0416/images_2_refine/M1_006/sd2_gene_1_refine.png,EXCLUDED_CORRUPT,
SDXL_Refine/SDXL_Refine/id_0416/images_2_refine/M1_007/sd2_gene_1_refine.png,EXCLUDED_CORRUPT,
SDXL_Refine/SDXL_Refine/id_1166/images_3_refine/M1_017/sd2_gene_1_refine.png,EXCLUDED_CORRUPT,
SDXL_Refine/SDXL_Refine/id_1166/images_3_refine/M1_011/sd2_gene_1_refine.png,EXCLUDED_CORRUPT,
SDXL_Refine/SDXL_Refine/id_1166/images_3_refine/M1_008/sd2_gene_1_refine.png,EXCLUDED_CORRUPT,
SDXL_Refine/SDXL_Refine/id_1166/images_3_refine/M1_005/sd2_gene_1_refine.png,EXCLUDED_CORRUPT,
SDXL_Refine/SDXL_Refine/id_1166/images_3_refine/M1_002/sd2_gene_1_refine.png,EXCLUDED_CORRUPT,
SDXL_Refine/SDXL_Refine/id_1166/images_3_refine/M1_010/sd2_gene_1_refine.png,EXCLUDED_CORRUPT,
SDXL_Refine/SDXL_Refine/id_1166/images_3_refine/M1_023/sd2_gene_1_refine.png,EXCLUDED_CORRUPT,
SDXL_Refine/SDXL_Refine/id_1166/images_3_refine/M1_000/sd2_gene_1_refine.png,EXCLUDED_CORRUPT,
SDXL_Refine/SDXL_Refine/id_1166/images_3_refine/M1_019/sd2_gene_1_refine.png,EXCLUDED_CORRUPT,
SDXL_Refine/SDXL_Refine/id_1166/images_3_refine/M1_004/sd2_gene_1_refine.png,EXCLUDED_CORRUPT,
SDXL_Refine/SDXL_Refine/id_1166/images_3_refine/M1_018/sd2_gene_1_refine.png,EXCLUDED_CORRUPT,
SDXL_Refine/SDXL_Refine/id_1166/images_3_refine/M1_016/sd2_gene_1_refine.png,EXCLUDED_CORRUPT,
SDXL_Refine/SDXL_Refine/id_1166/images_3_refine/M1_009/sd2_gene_1_refine.png,EXCLUDED_CORRUPT,
SDXL_Refine/SDXL_Refine/id_1166/images_3_refine/M1_022/sd2_gene_1_refine.png,EXCLUDED_CORRUPT,
SDXL_Refine/SDXL_Refine/id_1166/images_3_refine/M1_015/sd2_gene_1_refine.png,EXCLUDED_CORRUPT,
SDXL_Refine/SDXL_Refine/id_1166/images_3_refine/M1_021/sd2_gene_1_refine.png,EXCLUDED_CORRUPT,
SDXL_Refine/SDXL_Refine/id_1166/images_3_refine/M1_003/sd2_gene_1_refine.png,EXCLUDED_CORRUPT,
SDXL_Refine/SDXL_Refine/id_1166/images_3_refine/M1_001/sd2_gene_1_refine.png,EXCLUDED_CORRUPT,
SDXL_Refine/SDXL_Refine/id_1166/images_3_refine/M1_020/sd2_gene_1_refine.png,EXCLUDED_CORRUPT,
SDXL_Refine/SDXL_Refine/id_1166/images_3_refine/M1_014/sd2_gene_1_refine.png,EXCLUDED_CORRUPT,
SDXL_Refine/SDXL_Refine/id_1166/images_3_refine/M1_006/sd2_gene_1_refine.png,EXCLUDED_CORRUPT,
SDXL_Refine/SDXL_Refine/id_1166/images_3_refine/M1_007/sd2_gene_1_refine.png,EXCLUDED_CORRUPT,
SDXL_Refine/SDXL_Refine/id_1166/images_3_refine/M1_012/sd2_gene_1_refine.png,EXCLUDED_CORRUPT,
SDXL_Refine/SDXL_Refine/id_1166/images_3_refine/M1_013/sd2_gene_1_refine.png,EXCLUDED_CORRUPT,
SDXL_Refine/SDXL_Refine/id_1166/images_4_refine/M1_017/sd2_gene_1_refine.png,EXCLUDED_CORRUPT,
SDXL_Refine/SDXL_Refine/id_1166/images_4_refine/M1_011/sd2_gene_1_refine.png,EXCLUDED_CORRUPT,
SDXL_Refine/SDXL_Refine/id_1166/images_4_refine/M1_008/sd2_gene_1_refine.png,EXCLUDED_CORRUPT,
SDXL_Refine/SDXL_Refine/id_1166/images_4_refine/M1_005/sd2_gene_1_refine.png,EXCLUDED_CORRUPT,
SDXL_Refine/SDXL_Refine/id_1166/images_4_refine/M1_002/sd2_gene_1_refine.png,EXCLUDED_CORRUPT,
SDXL_Refine/SDXL_Refine/id_1166/images_4_refine/M1_010/sd2_gene_1_refine.png,EXCLUDED_CORRUPT,
SDXL_Refine/SDXL_Refine/id_1166/images_4_refine/M1_023/sd2_gene_1_refine.png,EXCLUDED_CORRUPT,
SDXL_Refine/SDXL_Refine/id_1166/images_4_refine/M1_019/sd2_gene_1_refine.png,EXCLUDED_CORRUPT,
SDXL_Refine/SDXL_Refine/id_1166/images_4_refine/M1_004/sd2_gene_1_refine.png,EXCLUDED_CORRUPT,
SDXL_Refine/SDXL_Refine/id_1166/images_4_refine/M1_018/sd2_gene_1_refine.png,EXCLUDED_CORRUPT,
SDXL_Refine/SDXL_Refine/id_1166/images_4_refine/M1_016/sd2_gene_1_refine.png,EXCLUDED_CORRUPT,
SDXL_Refine/SDXL_Refine/id_1166/images_4_refine/M1_022/sd2_gene_1_refine.png,EXCLUDED_CORRUPT,
SDXL_Refine/SDXL_Refine/id_1166/images_4_refine/M1_015/sd2_gene_1_refine.png,EXCLUDED_CORRUPT,
SDXL_Refine/SDXL_Refine/id_1166/images_4_refine/M1_021/sd2_gene_1_refine.png,EXCLUDED_CORRUPT,
SDXL_Refine/SDXL_Refine/id_1166/images_4_refine/M1_003/sd2_gene_1_refine.png,EXCLUDED_CORRUPT,
SDXL_Refine/SDXL_Refine/id_1166/images_4_refine/M1_001/sd2_gene_1_refine.png,EXCLUDED_CORRUPT,
SDXL_Refine/SDXL_Refine/id_1166/images_4_refine/M1_020/sd2_gene_1_refine.png,EXCLUDED_CORRUPT,
SDXL_Refine/SDXL_Refine/id_1166/images_4_refine/M1_014/sd2_gene_1_refine.png,EXCLUDED_CORRUPT,
SDXL_Refine/SDXL_Refine/id_1166/images_4_refine/M1_006/sd2_gene_1_refine.png,EXCLUDED_CORRUPT,
SDXL_Refine/SDXL_Refine/id_1166/images_4_refine/M1_007/sd2_gene_1_refine.png,EXCLUDED_CORRUPT,
SDXL_Refine/SDXL_Refine/id_1166/images_4_refine/M1_012/sd2_gene_1_refine.png,EXCLUDED_CORRUPT,
SDXL_Refine/SDXL_Refine/id_1166/images_4_refine/M1_013/sd2_gene_1_refine.png,EXCLUDED_CORRUPT,
SDXL_Refine/SDXL_Refine/id_1166/images_refine/M1_017/sd2_gene_1_refine.png,EXCLUDED_CORRUPT,
SDXL_Refine/SDXL_Refine/id_1166/images_refine/M1_011/sd2_gene_1_refine.png,EXCLUDED_CORRUPT,
SDXL_Refine/SDXL_Refine/id_1166/images_refine/M1_008/sd2_gene_1_refine.png,EXCLUDED_CORRUPT,
SDXL_Refine/SDXL_Refine/id_1166/images_refine/M1_005/sd2_gene_1_refine.png,EXCLUDED_CORRUPT,
SDXL_Refine/SDXL_Refine/id_1166/images_refine/M1_002/sd2_gene_1_refine.png,EXCLUDED_CORRUPT,
SDXL_Refine/SDXL_Refine/id_1166/images_refine/M1_010/sd2_gene_1_refine.png,EXCLUDED_CORRUPT,
SDXL_Refine/SDXL_Refine/id_1166/images_refine/M1_023/sd2_gene_1_refine.png,EXCLUDED_CORRUPT,
SDXL_Refine/SDXL_Refine/id_1166/images_refine/M1_000/sd2_gene_1_refine.png,EXCLUDED_CORRUPT,
SDXL_Refine/SDXL_Refine/id_1166/images_refine/M1_019/sd2_gene_1_refine.png,EXCLUDED_CORRUPT,
SDXL_Refine/SDXL_Refine/id_1166/images_refine/M1_004/sd2_gene_1_refine.png,EXCLUDED_CORRUPT,
SDXL_Refine/SDXL_Refine/id_1166/images_refine/M1_018/sd2_gene_1_refine.png,EXCLUDED_CORRUPT,
SDXL_Refine/SDXL_Refine/id_1166/images_refine/M1_016/sd2_gene_1_refine.png,EXCLUDED_CORRUPT,
SDXL_Refine/SDXL_Refine/id_1166/images_refine/M1_009/sd2_gene_1_refine.png,EXCLUDED_CORRUPT,
SDXL_Refine/SDXL_Refine/id_1166/images_refine/M1_022/sd2_gene_1_refine.png,EXCLUDED_CORRUPT,
SDXL_Refine/SDXL_Refine/id_1166/images_refine/M1_015/sd2_gene_1_refine.png,EXCLUDED_CORRUPT,
SDXL_Refine/SDXL_Refine/id_1166/images_refine/M1_021/sd2_gene_1_refine.png,EXCLUDED_CORRUPT,
SDXL_Refine/SDXL_Refine/id_1166/images_refine/M1_003/sd2_gene_1_refine.png,EXCLUDED_CORRUPT,
SDXL_Refine/SDXL_Refine/id_1166/images_refine/M1_001/sd2_gene_1_refine.png,EXCLUDED_CORRUPT,
SDXL_Refine/SDXL_Refine/id_1166/images_refine/M1_020/sd2_gene_1_refine.png,EXCLUDED_CORRUPT,
SDXL_Refine/SDXL_Refine/id_1166/images_refine/M1_014/sd2_gene_1_refine.png,EXCLUDED_CORRUPT,
SDXL_Refine/SDXL_Refine/id_1166/images_refine/M1_006/sd2_gene_1_refine.png,EXCLUDED_CORRUPT,
SDXL_Refine/SDXL_Refine/id_1166/images_refine/M1_007/sd2_gene_1_refine.png,EXCLUDED_CORRUPT,
SDXL_Refine/SDXL_Refine/id_1166/images_refine/M1_012/sd2_gene_1_refine.png,EXCLUDED_CORRUPT,
SDXL_Refine/SDXL_Refine/id_1166/images_refine/M1_013/sd2_gene_1_refine.png,EXCLUDED_CORRUPT,
SDXL_Refine/SDXL_Refine/id_1166/images_2_refine/M1_017/sd2_gene_1_refine.png,EXCLUDED_CORRUPT,
SDXL_Refine/SDXL_Refine/id_1166/images_2_refine/M1_011/sd2_gene_1_refine.png,EXCLUDED_CORRUPT,
SDXL_Refine/SDXL_Refine/id_1166/images_2_refine/M1_008/sd2_gene_1_refine.png,EXCLUDED_CORRUPT,
SDXL_Refine/SDXL_Refine/id_1166/images_2_refine/M1_005/sd2_gene_1_refine.png,EXCLUDED_CORRUPT,
SDXL_Refine/SDXL_Refine/id_1166/images_2_refine/M1_002/sd2_gene_1_refine.png,EXCLUDED_CORRUPT,
SDXL_Refine/SDXL_Refine/id_1166/images_2_refine/M1_010/sd2_gene_1_refine.png,EXCLUDED_CORRUPT,
SDXL_Refine/SDXL_Refine/id_1166/images_2_refine/M1_023/sd2_gene_1_refine.png,EXCLUDED_CORRUPT,
SDXL_Refine/SDXL_Refine/id_1166/images_2_refine/M1_000/sd2_gene_1_refine.png,EXCLUDED_CORRUPT,
SDXL_Refine/SDXL_Refine/id_1166/images_2_refine/M1_019/sd2_gene_1_refine.png,EXCLUDED_CORRUPT,
SDXL_Refine/SDXL_Refine/id_1166/images_2_refine/M1_004/sd2_gene_1_refine.png,EXCLUDED_CORRUPT,
SDXL_Refine/SDXL_Refine/id_1166/images_2_refine/M1_018/sd2_gene_1_refine.png,EXCLUDED_CORRUPT,
SDXL_Refine/SDXL_Refine/id_1166/images_2_refine/M1_016/sd2_gene_1_refine.png,EXCLUDED_CORRUPT,
SDXL_Refine/SDXL_Refine/id_1166/images_2_refine/M1_009/sd2_gene_1_refine.png,EXCLUDED_CORRUPT,
SDXL_Refine/SDXL_Refine/id_1166/images_2_refine/M1_022/sd2_gene_1_refine.png,EXCLUDED_CORRUPT,
SDXL_Refine/SDXL_Refine/id_1166/images_2_refine/M1_015/sd2_gene_1_refine.png,EXCLUDED_CORRUPT,
SDXL_Refine/SDXL_Refine/id_1166/images_2_refine/M1_021/sd2_gene_1_refine.png,EXCLUDED_CORRUPT,
SDXL_Refine/SDXL_Refine/id_1166/images_2_refine/M1_003/sd2_gene_1_refine.png,EXCLUDED_CORRUPT,
SDXL_Refine/SDXL_Refine/id_1166/images_2_refine/M1_001/sd2_gene_1_refine.png,EXCLUDED_CORRUPT,
SDXL_Refine/SDXL_Refine/id_1166/images_2_refine/M1_020/sd2_gene_1_refine.png,EXCLUDED_CORRUPT,
SDXL_Refine/SDXL_Refine/id_1166/images_2_refine/M1_014/sd2_gene_1_refine.png,EXCLUDED_CORRUPT,
SDXL_Refine/SDXL_Refine/id_1166/images_2_refine/M1_006/sd2_gene_1_refine.png,EXCLUDED_CORRUPT,
SDXL_Refine/SDXL_Refine/id_1166/images_2_refine/M1_007/sd2_gene_1_refine.png,EXCLUDED_CORRUPT,
SDXL_Refine/SDXL_Refine/id_1166/images_2_refine/M1_012/sd2_gene_1_refine.png,EXCLUDED_CORRUPT,
SDXL_Refine/SDXL_Refine/id_1166/images_2_refine/M1_013/sd2_gene_1_refine.png,EXCLUDED_CORRUPT,
SDXL_Refine/SDXL_Refine/id_2410/images_3_refine/M1_002/sd2_gene_1_refine.png,EXCLUDED_CORRUPT,
SDXL_Refine/SDXL_Refine/id_2410/images_3_refine/M1_000/sd2_gene_1_refine.png,EXCLUDED_CORRUPT,
SDXL_Refine/SDXL_Refine/id_2410/images_3_refine/M1_003/sd2_gene_1_refine.png,EXCLUDED_CORRUPT,
SDXL_Refine/SDXL_Refine/id_2410/images_3_refine/M1_001/sd2_gene_1_refine.png,EXCLUDED_CORRUPT,
SDXL_Refine/SDXL_Refine/id_2410/images_4_refine/M1_002/sd2_gene_1_refine.png,EXCLUDED_CORRUPT,
SDXL_Refine/SDXL_Refine/id_2410/images_4_refine/M1_000/sd2_gene_1_refine.png,EXCLUDED_CORRUPT,
SDXL_Refine/SDXL_Refine/id_2410/images_4_refine/M1_003/sd2_gene_1_refine.png,EXCLUDED_CORRUPT,
SDXL_Refine/SDXL_Refine/id_2410/images_4_refine/M1_001/sd2_gene_1_refine.png,EXCLUDED_CORRUPT,
SDXL_Refine/SDXL_Refine/id_2410/images_refine/M1_002/sd2_gene_1_refine.png,EXCLUDED_CORRUPT,
SDXL_Refine/SDXL_Refine/id_2410/images_refine/M1_000/sd2_gene_1_refine.png,EXCLUDED_CORRUPT,
SDXL_Refine/SDXL_Refine/id_2410/images_refine/M1_003/sd2_gene_1_refine.png,EXCLUDED_CORRUPT,
SDXL_Refine/SDXL_Refine/id_2410/images_refine/M1_001/sd2_gene_1_refine.png,EXCLUDED_CORRUPT,
SDXL_Refine/SDXL_Refine/id_2410/images_2_refine/M1_002/sd2_gene_1_refine.png,EXCLUDED_CORRUPT,
SDXL_Refine/SDXL_Refine/id_2410/images_2_refine/M1_000/sd2_gene_1_refine.png,EXCLUDED_CORRUPT,
SDXL_Refine/SDXL_Refine/id_2410/images_2_refine/M1_003/sd2_gene_1_refine.png,EXCLUDED_CORRUPT,
SDXL_Refine/SDXL_Refine/id_2410/images_2_refine/M1_001/sd2_gene_1_refine.png,EXCLUDED_CORRUPT,
SDXL_Refine/SDXL_Refine/id_1988/images_3_refine/M1_002/sd2_gene_1_refine.png,EXCLUDED_CORRUPT,
SDXL_Refine/SDXL_Refine/id_1988/images_3_refine/M1_000/sd2_gene_1_refine.png,EXCLUDED_CORRUPT,
SDXL_Refine/SDXL_Refine/id_1988/images_3_refine/M1_003/sd2_gene_1_refine.png,EXCLUDED_CORRUPT,
SDXL_Refine/SDXL_Refine/id_1988/images_3_refine/M1_001/sd2_gene_1_refine.png,EXCLUDED_CORRUPT,
SDXL_Refine/SDXL_Refine/id_1988/images_4_refine/M1_002/sd2_gene_1_refine.png,EXCLUDED_CORRUPT,
SDXL_Refine/SDXL_Refine/id_1988/images_4_refine/M1_000/sd2_gene_1_refine.png,EXCLUDED_CORRUPT,
SDXL_Refine/SDXL_Refine/id_1988/images_4_refine/M1_003/sd2_gene_1_refine.png,EXCLUDED_CORRUPT,
SDXL_Refine/SDXL_Refine/id_1988/images_refine/M1_002/sd2_gene_1_refine.png,EXCLUDED_CORRUPT,
SDXL_Refine/SDXL_Refine/id_1988/images_refine/M1_000/sd2_gene_1_refine.png,EXCLUDED_CORRUPT,
SDXL_Refine/SDXL_Refine/id_1988/images_refine/M1_003/sd2_gene_1_refine.png,EXCLUDED_CORRUPT,
SDXL_Refine/SDXL_Refine/id_1988/images_refine/M1_001/sd2_gene_1_refine.png,EXCLUDED_CORRUPT,
SDXL_Refine/SDXL_Refine/id_1988/images_2_refine/M1_002/sd2_gene_1_refine.png,EXCLUDED_CORRUPT,
SDXL_Refine/SDXL_Refine/id_1988/images_2_refine/M1_000/sd2_gene_1_refine.png,EXCLUDED_CORRUPT,
SDXL_Refine/SDXL_Refine/id_1988/images_2_refine/M1_003/sd2_gene_1_refine.png,EXCLUDED_CORRUPT,
SDXL_Refine/SDXL_Refine/id_1988/images_2_refine/M1_001/sd2_gene_1_refine.png,EXCLUDED_CORRUPT,
SDXL_Refine/SDXL_Refine/id_2257/images_3_refine/M1_005/sd2_gene_1_refine.png,EXCLUDED_CORRUPT,
SDXL_Refine/SDXL_Refine/id_2257/images_3_refine/M1_002/sd2_gene_1_refine.png,EXCLUDED_CORRUPT,
SDXL_Refine/SDXL_Refine/id_2257/images_3_refine/M1_000/sd2_gene_1_refine.png,EXCLUDED_CORRUPT,
SDXL_Refine/SDXL_Refine/id_2257/images_3_refine/M1_004/sd2_gene_1_refine.png,EXCLUDED_CORRUPT,
SDXL_Refine/SDXL_Refine/id_2257/images_3_refine/M1_003/sd2_gene_1_refine.png,EXCLUDED_CORRUPT,
SDXL_Refine/SDXL_Refine/id_2257/images_3_refine/M1_001/sd2_gene_1_refine.png,EXCLUDED_CORRUPT,
SDXL_Refine/SDXL_Refine/id_2257/images_3_refine/M1_006/sd2_gene_1_refine.png,EXCLUDED_CORRUPT,
SDXL_Refine/SDXL_Refine/id_2257/images_3_refine/M1_007/sd2_gene_1_refine.png,EXCLUDED_CORRUPT,
SDXL_Refine/SDXL_Refine/id_2257/images_4_refine/M1_005/sd2_gene_1_refine.png,EXCLUDED_CORRUPT,
SDXL_Refine/SDXL_Refine/id_2257/images_4_refine/M1_002/sd2_gene_1_refine.png,EXCLUDED_CORRUPT,
SDXL_Refine/SDXL_Refine/id_2257/images_4_refine/M1_000/sd2_gene_1_refine.png,EXCLUDED_CORRUPT,
SDXL_Refine/SDXL_Refine/id_2257/images_4_refine/M1_004/sd2_gene_1_refine.png,EXCLUDED_CORRUPT,
SDXL_Refine/SDXL_Refine/id_2257/images_4_refine/M1_003/sd2_gene_1_refine.png,EXCLUDED_CORRUPT,
SDXL_Refine/SDXL_Refine/id_2257/images_4_refine/M1_001/sd2_gene_1_refine.png,EXCLUDED_CORRUPT,
SDXL_Refine/SDXL_Refine/id_2257/images_4_refine/M1_006/sd2_gene_1_refine.png,EXCLUDED_CORRUPT,
SDXL_Refine/SDXL_Refine/id_2257/images_4_refine/M1_007/sd2_gene_1_refine.png,EXCLUDED_CORRUPT,
SDXL_Refine/SDXL_Refine/id_2257/images_refine/M1_005/sd2_gene_1_refine.png,EXCLUDED_CORRUPT,
SDXL_Refine/SDXL_Refine/id_2257/images_refine/M1_002/sd2_gene_1_refine.png,EXCLUDED_CORRUPT,
SDXL_Refine/SDXL_Refine/id_2257/images_refine/M1_000/sd2_gene_1_refine.png,EXCLUDED_CORRUPT,
SDXL_Refine/SDXL_Refine/id_2257/images_refine/M1_004/sd2_gene_1_refine.png,EXCLUDED_CORRUPT,
SDXL_Refine/SDXL_Refine/id_2257/images_refine/M1_003/sd2_gene_1_refine.png,EXCLUDED_CORRUPT,
SDXL_Refine/SDXL_Refine/id_2257/images_refine/M1_001/sd2_gene_1_refine.png,EXCLUDED_CORRUPT,
SDXL_Refine/SDXL_Refine/id_2257/images_refine/M1_006/sd2_gene_1_refine.png,EXCLUDED_CORRUPT,
SDXL_Refine/SDXL_Refine/id_2257/images_refine/M1_007/sd2_gene_1_refine.png,EXCLUDED_CORRUPT,
SDXL_Refine/SDXL_Refine/id_2257/images_2_refine/M1_005/sd2_gene_1_refine.png,EXCLUDED_CORRUPT,
SDXL_Refine/SDXL_Refine/id_2257/images_2_refine/M1_002/sd2_gene_1_refine.png,EXCLUDED_CORRUPT,
SDXL_Refine/SDXL_Refine/id_2257/images_2_refine/M1_000/sd2_gene_1_refine.png,EXCLUDED_CORRUPT,
SDXL_Refine/SDXL_Refine/id_2257/images_2_refine/M1_004/sd2_gene_1_refine.png,EXCLUDED_CORRUPT,
SDXL_Refine/SDXL_Refine/id_2257/images_2_refine/M1_003/sd2_gene_1_refine.png,EXCLUDED_CORRUPT,
SDXL_Refine/SDXL_Refine/id_2257/images_2_refine/M1_001/sd2_gene_1_refine.png,EXCLUDED_CORRUPT,
SDXL_Refine/SDXL_Refine/id_2257/images_2_refine/M1_006/sd2_gene_1_refine.png,EXCLUDED_CORRUPT,
SDXL_Refine/SDXL_Refine/id_2257/images_2_refine/M1_007/sd2_gene_1_refine.png,EXCLUDED_CORRUPT,
SDXL_Refine/SDXL_Refine/id_2790/images_3_refine/M1_002/sd2_gene_1_refine.png,EXCLUDED_CORRUPT,
SDXL_Refine/SDXL_Refine/id_2790/images_3_refine/M1_000/sd2_gene_1_refine.png,EXCLUDED_CORRUPT,
SDXL_Refine/SDXL_Refine/id_2790/images_3_refine/M1_003/sd2_gene_1_refine.png,EXCLUDED_CORRUPT,
SDXL_Refine/SDXL_Refine/id_2790/images_3_refine/M1_001/sd2_gene_1_refine.png,EXCLUDED_CORRUPT,
SDXL_Refine/SDXL_Refine/id_2790/images_4_refine/M1_002/sd2_gene_1_refine.png,EXCLUDED_CORRUPT,
SDXL_Refine/SDXL_Refine/id_2790/images_4_refine/M1_000/sd2_gene_1_refine.png,EXCLUDED_CORRUPT,
SDXL_Refine/SDXL_Refine/id_2790/images_4_refine/M1_003/sd2_gene_1_refine.png,EXCLUDED_CORRUPT,
SDXL_Refine/SDXL_Refine/id_2790/images_refine/M1_002/sd2_gene_1_refine.png,EXCLUDED_CORRUPT,
SDXL_Refine/SDXL_Refine/id_2790/images_refine/M1_000/sd2_gene_1_refine.png,EXCLUDED_CORRUPT,
SDXL_Refine/SDXL_Refine/id_2790/images_refine/M1_003/sd2_gene_1_refine.png,EXCLUDED_CORRUPT,
SDXL_Refine/SDXL_Refine/id_2790/images_refine/M1_001/sd2_gene_1_refine.png,EXCLUDED_CORRUPT,
SDXL_Refine/SDXL_Refine/id_2790/images_2_refine/M1_002/sd2_gene_1_refine.png,EXCLUDED_CORRUPT,
SDXL_Refine/SDXL_Refine/id_2790/images_2_refine/M1_000/sd2_gene_1_refine.png,EXCLUDED_CORRUPT,
SDXL_Refine/SDXL_Refine/id_2790/images_2_refine/M1_003/sd2_gene_1_refine.png,EXCLUDED_CORRUPT,
SDXL_Refine/SDXL_Refine/id_2790/images_2_refine/M1_001/sd2_gene_1_refine.png,EXCLUDED_CORRUPT,
SDXL_Refine/SDXL_Refine/id_1844/images_3_refine/M1_011/sd2_gene_1_refine.png,EXCLUDED_CORRUPT,
SDXL_Refine/SDXL_Refine/id_1844/images_3_refine/M1_008/sd2_gene_1_refine.png,EXCLUDED_CORRUPT,
SDXL_Refine/SDXL_Refine/id_1844/images_3_refine/M1_005/sd2_gene_1_refine.png,EXCLUDED_CORRUPT,
SDXL_Refine/SDXL_Refine/id_1844/images_3_refine/M1_002/sd2_gene_1_refine.png,EXCLUDED_CORRUPT,
SDXL_Refine/SDXL_Refine/id_1844/images_3_refine/M1_010/sd2_gene_1_refine.png,EXCLUDED_CORRUPT,
SDXL_Refine/SDXL_Refine/id_1844/images_3_refine/M1_000/sd2_gene_1_refine.png,EXCLUDED_CORRUPT,
SDXL_Refine/SDXL_Refine/id_1844/images_3_refine/M1_004/sd2_gene_1_refine.png,EXCLUDED_CORRUPT,
SDXL_Refine/SDXL_Refine/id_1844/images_3_refine/M1_009/sd2_gene_1_refine.png,EXCLUDED_CORRUPT,
SDXL_Refine/SDXL_Refine/id_1844/images_3_refine/M1_003/sd2_gene_1_refine.png,EXCLUDED_CORRUPT,
SDXL_Refine/SDXL_Refine/id_1844/images_3_refine/M1_001/sd2_gene_1_refine.png,EXCLUDED_CORRUPT,
SDXL_Refine/SDXL_Refine/id_1844/images_3_refine/M1_007/sd2_gene_1_refine.png,EXCLUDED_CORRUPT,
SDXL_Refine/SDXL_Refine/id_1844/images_4_refine/M1_011/sd2_gene_1_refine.png,EXCLUDED_CORRUPT,
SDXL_Refine/SDXL_Refine/id_1844/images_4_refine/M1_008/sd2_gene_1_refine.png,EXCLUDED_CORRUPT,
SDXL_Refine/SDXL_Refine/id_1844/images_4_refine/M1_005/sd2_gene_1_refine.png,EXCLUDED_CORRUPT,
SDXL_Refine/SDXL_Refine/id_1844/images_4_refine/M1_002/sd2_gene_1_refine.png,EXCLUDED_CORRUPT,
SDXL_Refine/SDXL_Refine/id_1844/images_4_refine/M1_010/sd2_gene_1_refine.png,EXCLUDED_CORRUPT,
SDXL_Refine/SDXL_Refine/id_1844/images_4_refine/M1_000/sd2_gene_1_refine.png,EXCLUDED_CORRUPT,
SDXL_Refine/SDXL_Refine/id_1844/images_4_refine/M1_004/sd2_gene_1_refine.png,EXCLUDED_CORRUPT,
SDXL_Refine/SDXL_Refine/id_1844/images_4_refine/M1_009/sd2_gene_1_refine.png,EXCLUDED_CORRUPT,
SDXL_Refine/SDXL_Refine/id_1844/images_4_refine/M1_003/sd2_gene_1_refine.png,EXCLUDED_CORRUPT,
SDXL_Refine/SDXL_Refine/id_1844/images_4_refine/M1_001/sd2_gene_1_refine.png,EXCLUDED_CORRUPT,
SDXL_Refine/SDXL_Refine/id_1844/images_4_refine/M1_007/sd2_gene_1_refine.png,EXCLUDED_CORRUPT,
SDXL_Refine/SDXL_Refine/id_1844/images_refine/M1_011/sd2_gene_1_refine.png,EXCLUDED_CORRUPT,
SDXL_Refine/SDXL_Refine/id_1844/images_refine/M1_008/sd2_gene_1_refine.png,EXCLUDED_CORRUPT,
SDXL_Refine/SDXL_Refine/id_1844/images_refine/M1_005/sd2_gene_1_refine.png,EXCLUDED_CORRUPT,
SDXL_Refine/SDXL_Refine/id_1844/images_refine/M1_002/sd2_gene_1_refine.png,EXCLUDED_CORRUPT,
SDXL_Refine/SDXL_Refine/id_1844/images_refine/M1_010/sd2_gene_1_refine.png,EXCLUDED_CORRUPT,
SDXL_Refine/SDXL_Refine/id_1844/images_refine/M1_000/sd2_gene_1_refine.png,EXCLUDED_CORRUPT,
SDXL_Refine/SDXL_Refine/id_1844/images_refine/M1_004/sd2_gene_1_refine.png,EXCLUDED_CORRUPT,
SDXL_Refine/SDXL_Refine/id_1844/images_refine/M1_009/sd2_gene_1_refine.png,EXCLUDED_CORRUPT,
SDXL_Refine/SDXL_Refine/id_1844/images_refine/M1_003/sd2_gene_1_refine.png,EXCLUDED_CORRUPT,
SDXL_Refine/SDXL_Refine/id_1844/images_refine/M1_001/sd2_gene_1_refine.png,EXCLUDED_CORRUPT,
SDXL_Refine/SDXL_Refine/id_1844/images_refine/M1_007/sd2_gene_1_refine.png,EXCLUDED_CORRUPT,
SDXL_Refine/SDXL_Refine/id_1844/images_2_refine/M1_011/sd2_gene_1_refine.png,EXCLUDED_CORRUPT,
SDXL_Refine/SDXL_Refine/id_1844/images_2_refine/M1_008/sd2_gene_1_refine.png,EXCLUDED_CORRUPT,
SDXL_Refine/SDXL_Refine/id_1844/images_2_refine/M1_005/sd2_gene_1_refine.png,EXCLUDED_CORRUPT,
SDXL_Refine/SDXL_Refine/id_1844/images_2_refine/M1_002/sd2_gene_1_refine.png,EXCLUDED_CORRUPT,
SDXL_Refine/SDXL_Refine/id_1844/images_2_refine/M1_010/sd2_gene_1_refine.png,EXCLUDED_CORRUPT,
SDXL_Refine/SDXL_Refine/id_1844/images_2_refine/M1_000/sd2_gene_1_refine.png,EXCLUDED_CORRUPT,
SDXL_Refine/SDXL_Refine/id_1844/images_2_refine/M1_004/sd2_gene_1_refine.png,EXCLUDED_CORRUPT,
SDXL_Refine/SDXL_Refine/id_1844/images_2_refine/M1_009/sd2_gene_1_refine.png,EXCLUDED_CORRUPT,
SDXL_Refine/SDXL_Refine/id_1844/images_2_refine/M1_003/sd2_gene_1_refine.png,EXCLUDED_CORRUPT,
SDXL_Refine/SDXL_Refine/id_1844/images_2_refine/M1_001/sd2_gene_1_refine.png,EXCLUDED_CORRUPT,
SDXL_Refine/SDXL_Refine/id_1844/images_2_refine/M1_007/sd2_gene_1_refine.png,EXCLUDED_CORRUPT,
SDXL_Refine/SDXL_Refine/id_2384/images_3_refine/M1_011/sd2_gene_1_refine.png,EXCLUDED_CORRUPT,
SDXL_Refine/SDXL_Refine/id_2384/images_3_refine/M1_008/sd2_gene_1_refine.png,EXCLUDED_CORRUPT,
SDXL_Refine/SDXL_Refine/id_2384/images_3_refine/M1_005/sd2_gene_1_refine.png,EXCLUDED_CORRUPT,
SDXL_Refine/SDXL_Refine/id_2384/images_3_refine/M1_002/sd2_gene_1_refine.png,EXCLUDED_CORRUPT,
SDXL_Refine/SDXL_Refine/id_2384/images_3_refine/M1_010/sd2_gene_1_refine.png,EXCLUDED_CORRUPT,
SDXL_Refine/SDXL_Refine/id_2384/images_3_refine/M1_000/sd2_gene_1_refine.png,EXCLUDED_CORRUPT,
SDXL_Refine/SDXL_Refine/id_2384/images_3_refine/M1_004/sd2_gene_1_refine.png,EXCLUDED_CORRUPT,
SDXL_Refine/SDXL_Refine/id_2384/images_3_refine/M1_009/sd2_gene_1_refine.png,EXCLUDED_CORRUPT,
SDXL_Refine/SDXL_Refine/id_2384/images_3_refine/M1_003/sd2_gene_1_refine.png,EXCLUDED_CORRUPT,
SDXL_Refine/SDXL_Refine/id_2384/images_3_refine/M1_001/sd2_gene_1_refine.png,EXCLUDED_CORRUPT,
SDXL_Refine/SDXL_Refine/id_2384/images_3_refine/M1_006/sd2_gene_1_refine.png,EXCLUDED_CORRUPT,
SDXL_Refine/SDXL_Refine/id_2384/images_3_refine/M1_007/sd2_gene_1_refine.png,EXCLUDED_CORRUPT,
SDXL_Refine/SDXL_Refine/id_2384/images_4_refine/M1_011/sd2_gene_1_refine.png,EXCLUDED_CORRUPT,
SDXL_Refine/SDXL_Refine/id_2384/images_4_refine/M1_008/sd2_gene_1_refine.png,EXCLUDED_CORRUPT,
SDXL_Refine/SDXL_Refine/id_2384/images_4_refine/M1_005/sd2_gene_1_refine.png,EXCLUDED_CORRUPT,
SDXL_Refine/SDXL_Refine/id_2384/images_4_refine/M1_002/sd2_gene_1_refine.png,EXCLUDED_CORRUPT,
SDXL_Refine/SDXL_Refine/id_2384/images_4_refine/M1_010/sd2_gene_1_refine.png,EXCLUDED_CORRUPT,
SDXL_Refine/SDXL_Refine/id_2384/images_4_refine/M1_000/sd2_gene_1_refine.png,EXCLUDED_CORRUPT,
SDXL_Refine/SDXL_Refine/id_2384/images_4_refine/M1_004/sd2_gene_1_refine.png,EXCLUDED_CORRUPT,
SDXL_Refine/SDXL_Refine/id_2384/images_4_refine/M1_009/sd2_gene_1_refine.png,EXCLUDED_CORRUPT,
SDXL_Refine/SDXL_Refine/id_2384/images_4_refine/M1_003/sd2_gene_1_refine.png,EXCLUDED_CORRUPT,
SDXL_Refine/SDXL_Refine/id_2384/images_4_refine/M1_001/sd2_gene_1_refine.png,EXCLUDED_CORRUPT,
SDXL_Refine/SDXL_Refine/id_2384/images_4_refine/M1_006/sd2_gene_1_refine.png,EXCLUDED_CORRUPT,
SDXL_Refine/SDXL_Refine/id_2384/images_refine/M1_011/sd2_gene_1_refine.png,EXCLUDED_CORRUPT,
SDXL_Refine/SDXL_Refine/id_2384/images_refine/M1_008/sd2_gene_1_refine.png,EXCLUDED_CORRUPT,
SDXL_Refine/SDXL_Refine/id_2384/images_refine/M1_005/sd2_gene_1_refine.png,EXCLUDED_CORRUPT,
SDXL_Refine/SDXL_Refine/id_2384/images_refine/M1_002/sd2_gene_1_refine.png,EXCLUDED_CORRUPT,
SDXL_Refine/SDXL_Refine/id_2384/images_refine/M1_010/sd2_gene_1_refine.png,EXCLUDED_CORRUPT,
SDXL_Refine/SDXL_Refine/id_2384/images_refine/M1_000/sd2_gene_1_refine.png,EXCLUDED_CORRUPT,
SDXL_Refine/SDXL_Refine/id_2384/images_refine/M1_004/sd2_gene_1_refine.png,EXCLUDED_CORRUPT,
SDXL_Refine/SDXL_Refine/id_2384/images_refine/M1_009/sd2_gene_1_refine.png,EXCLUDED_CORRUPT,
SDXL_Refine/SDXL_Refine/id_2384/images_refine/M1_003/sd2_gene_1_refine.png,EXCLUDED_CORRUPT,
SDXL_Refine/SDXL_Refine/id_2384/images_refine/M1_001/sd2_gene_1_refine.png,EXCLUDED_CORRUPT,
SDXL_Refine/SDXL_Refine/id_2384/images_refine/M1_006/sd2_gene_1_refine.png,EXCLUDED_CORRUPT,
SDXL_Refine/SDXL_Refine/id_2384/images_refine/M1_007/sd2_gene_1_refine.png,EXCLUDED_CORRUPT,
SDXL_Refine/SDXL_Refine/id_2384/images_2_refine/M1_011/sd2_gene_1_refine.png,EXCLUDED_CORRUPT,
SDXL_Refine/SDXL_Refine/id_2384/images_2_refine/M1_008/sd2_gene_1_refine.png,EXCLUDED_CORRUPT,
SDXL_Refine/SDXL_Refine/id_2384/images_2_refine/M1_005/sd2_gene_1_refine.png,EXCLUDED_CORRUPT,
SDXL_Refine/SDXL_Refine/id_2384/images_2_refine/M1_002/sd2_gene_1_refine.png,EXCLUDED_CORRUPT,
SDXL_Refine/SDXL_Refine/id_2384/images_2_refine/M1_010/sd2_gene_1_refine.png,EXCLUDED_CORRUPT,
SDXL_Refine/SDXL_Refine/id_2384/images_2_refine/M1_000/sd2_gene_1_refine.png,EXCLUDED_CORRUPT,
SDXL_Refine/SDXL_Refine/id_2384/images_2_refine/M1_004/sd2_gene_1_refine.png,EXCLUDED_CORRUPT,
SDXL_Refine/SDXL_Refine/id_2384/images_2_refine/M1_009/sd2_gene_1_refine.png,EXCLUDED_CORRUPT,
SDXL_Refine/SDXL_Refine/id_2384/images_2_refine/M1_003/sd2_gene_1_refine.png,EXCLUDED_CORRUPT,
SDXL_Refine/SDXL_Refine/id_2384/images_2_refine/M1_001/sd2_gene_1_refine.png,EXCLUDED_CORRUPT,
SDXL_Refine/SDXL_Refine/id_2384/images_2_refine/M1_006/sd2_gene_1_refine.png,EXCLUDED_CORRUPT,
SDXL_Refine/SDXL_Refine/id_1892/images_3_refine/M1_005/sd2_gene_1_refine.png,EXCLUDED_CORRUPT,
SDXL_Refine/SDXL_Refine/id_1892/images_3_refine/M1_002/sd2_gene_1_refine.png,EXCLUDED_CORRUPT,
SDXL_Refine/SDXL_Refine/id_1892/images_3_refine/M1_000/sd2_gene_1_refine.png,EXCLUDED_CORRUPT,
SDXL_Refine/SDXL_Refine/id_1892/images_3_refine/M1_004/sd2_gene_1_refine.png,EXCLUDED_CORRUPT,
SDXL_Refine/SDXL_Refine/id_1892/images_3_refine/M1_003/sd2_gene_1_refine.png,EXCLUDED_CORRUPT,
SDXL_Refine/SDXL_Refine/id_1892/images_3_refine/M1_001/sd2_gene_1_refine.png,EXCLUDED_CORRUPT,
SDXL_Refine/SDXL_Refine/id_1892/images_3_refine/M1_006/sd2_gene_1_refine.png,EXCLUDED_CORRUPT,
SDXL_Refine/SDXL_Refine/id_1892/images_4_refine/M1_005/sd2_gene_1_refine.png,EXCLUDED_CORRUPT,
SDXL_Refine/SDXL_Refine/id_1892/images_4_refine/M1_002/sd2_gene_1_refine.png,EXCLUDED_CORRUPT,
SDXL_Refine/SDXL_Refine/id_1892/images_4_refine/M1_000/sd2_gene_1_refine.png,EXCLUDED_CORRUPT,
SDXL_Refine/SDXL_Refine/id_1892/images_4_refine/M1_004/sd2_gene_1_refine.png,EXCLUDED_CORRUPT,
SDXL_Refine/SDXL_Refine/id_1892/images_4_refine/M1_003/sd2_gene_1_refine.png,EXCLUDED_CORRUPT,
SDXL_Refine/SDXL_Refine/id_1892/images_4_refine/M1_001/sd2_gene_1_refine.png,EXCLUDED_CORRUPT,
SDXL_Refine/SDXL_Refine/id_1892/images_4_refine/M1_006/sd2_gene_1_refine.png,EXCLUDED_CORRUPT,
SDXL_Refine/SDXL_Refine/id_1892/images_4_refine/M1_007/sd2_gene_1_refine.png,EXCLUDED_CORRUPT,
SDXL_Refine/SDXL_Refine/id_1892/images_refine/M1_005/sd2_gene_1_refine.png,EXCLUDED_CORRUPT,
SDXL_Refine/SDXL_Refine/id_1892/images_refine/M1_002/sd2_gene_1_refine.png,EXCLUDED_CORRUPT,
SDXL_Refine/SDXL_Refine/id_1892/images_refine/M1_000/sd2_gene_1_refine.png,EXCLUDED_CORRUPT,
SDXL_Refine/SDXL_Refine/id_1892/images_refine/M1_004/sd2_gene_1_refine.png,EXCLUDED_CORRUPT,
SDXL_Refine/SDXL_Refine/id_1892/images_refine/M1_003/sd2_gene_1_refine.png,EXCLUDED_CORRUPT,
SDXL_Refine/SDXL_Refine/id_1892/images_refine/M1_001/sd2_gene_1_refine.png,EXCLUDED_CORRUPT,
SDXL_Refine/SDXL_Refine/id_1892/images_refine/M1_006/sd2_gene_1_refine.png,EXCLUDED_CORRUPT,
SDXL_Refine/SDXL_Refine/id_1892/images_refine/M1_007/sd2_gene_1_refine.png,EXCLUDED_CORRUPT,
SDXL_Refine/SDXL_Refine/id_1892/images_2_refine/M1_005/sd2_gene_1_refine.png,EXCLUDED_CORRUPT,
SDXL_Refine/SDXL_Refine/id_1892/images_2_refine/M1_002/sd2_gene_1_refine.png,EXCLUDED_CORRUPT,
SDXL_Refine/SDXL_Refine/id_1892/images_2_refine/M1_000/sd2_gene_1_refine.png,EXCLUDED_CORRUPT,
SDXL_Refine/SDXL_Refine/id_1892/images_2_refine/M1_004/sd2_gene_1_refine.png,EXCLUDED_CORRUPT,
SDXL_Refine/SDXL_Refine/id_1892/images_2_refine/M1_003/sd2_gene_1_refine.png,EXCLUDED_CORRUPT,
SDXL_Refine/SDXL_Refine/id_1892/images_2_refine/M1_001/sd2_gene_1_refine.png,EXCLUDED_CORRUPT,
SDXL_Refine/SDXL_Refine/id_1892/images_2_refine/M1_006/sd2_gene_1_refine.png,EXCLUDED_CORRUPT,
SDXL_Refine/SDXL_Refine/id_1892/images_2_refine/M1_007/sd2_gene_1_refine.png,EXCLUDED_CORRUPT,
SDXL_Refine/SDXL_Refine/id_2490/images_3_refine/M1_017/sd2_gene_1_refine.png,EXCLUDED_CORRUPT,
SDXL_Refine/SDXL_Refine/id_2490/images_3_refine/M1_011/sd2_gene_1_refine.png,EXCLUDED_CORRUPT,
SDXL_Refine/SDXL_Refine/id_2490/images_3_refine/M1_008/sd2_gene_1_refine.png,EXCLUDED_CORRUPT,
SDXL_Refine/SDXL_Refine/id_2490/images_3_refine/M1_005/sd2_gene_1_refine.png,EXCLUDED_CORRUPT,
SDXL_Refine/SDXL_Refine/id_2490/images_3_refine/M1_002/sd2_gene_1_refine.png,EXCLUDED_CORRUPT,
SDXL_Refine/SDXL_Refine/id_2490/images_3_refine/M1_010/sd2_gene_1_refine.png,EXCLUDED_CORRUPT,
SDXL_Refine/SDXL_Refine/id_2490/images_3_refine/M1_000/sd2_gene_1_refine.png,EXCLUDED_CORRUPT,
SDXL_Refine/SDXL_Refine/id_2490/images_3_refine/M1_019/sd2_gene_1_refine.png,EXCLUDED_CORRUPT,
SDXL_Refine/SDXL_Refine/id_2490/images_3_refine/M1_004/sd2_gene_1_refine.png,EXCLUDED_CORRUPT,
SDXL_Refine/SDXL_Refine/id_2490/images_3_refine/M1_018/sd2_gene_1_refine.png,EXCLUDED_CORRUPT,
SDXL_Refine/SDXL_Refine/id_2490/images_3_refine/M1_009/sd2_gene_1_refine.png,EXCLUDED_CORRUPT,
SDXL_Refine/SDXL_Refine/id_2490/images_3_refine/M1_015/sd2_gene_1_refine.png,EXCLUDED_CORRUPT,
SDXL_Refine/SDXL_Refine/id_2490/images_3_refine/M1_003/sd2_gene_1_refine.png,EXCLUDED_CORRUPT,
SDXL_Refine/SDXL_Refine/id_2490/images_3_refine/M1_001/sd2_gene_1_refine.png,EXCLUDED_CORRUPT,
SDXL_Refine/SDXL_Refine/id_2490/images_3_refine/M1_014/sd2_gene_1_refine.png,EXCLUDED_CORRUPT,
SDXL_Refine/SDXL_Refine/id_2490/images_3_refine/M1_006/sd2_gene_1_refine.png,EXCLUDED_CORRUPT,
SDXL_Refine/SDXL_Refine/id_2490/images_3_refine/M1_007/sd2_gene_1_refine.png,EXCLUDED_CORRUPT,
SDXL_Refine/SDXL_Refine/id_2490/images_3_refine/M1_012/sd2_gene_1_refine.png,EXCLUDED_CORRUPT,
SDXL_Refine/SDXL_Refine/id_2490/images_3_refine/M1_013/sd2_gene_1_refine.png,EXCLUDED_CORRUPT,
SDXL_Refine/SDXL_Refine/id_2490/images_4_refine/M1_017/sd2_gene_1_refine.png,EXCLUDED_CORRUPT,
SDXL_Refine/SDXL_Refine/id_2490/images_4_refine/M1_011/sd2_gene_1_refine.png,EXCLUDED_CORRUPT,
SDXL_Refine/SDXL_Refine/id_2490/images_4_refine/M1_008/sd2_gene_1_refine.png,EXCLUDED_CORRUPT,
SDXL_Refine/SDXL_Refine/id_2490/images_4_refine/M1_005/sd2_gene_1_refine.png,EXCLUDED_CORRUPT,
SDXL_Refine/SDXL_Refine/id_2490/images_4_refine/M1_002/sd2_gene_1_refine.png,EXCLUDED_CORRUPT,
SDXL_Refine/SDXL_Refine/id_2490/images_4_refine/M1_010/sd2_gene_1_refine.png,EXCLUDED_CORRUPT,
SDXL_Refine/SDXL_Refine/id_2490/images_4_refine/M1_000/sd2_gene_1_refine.png,EXCLUDED_CORRUPT,
SDXL_Refine/SDXL_Refine/id_2490/images_4_refine/M1_019/sd2_gene_1_refine.png,EXCLUDED_CORRUPT,
SDXL_Refine/SDXL_Refine/id_2490/images_4_refine/M1_004/sd2_gene_1_refine.png,EXCLUDED_CORRUPT,
SDXL_Refine/SDXL_Refine/id_2490/images_4_refine/M1_018/sd2_gene_1_refine.png,EXCLUDED_CORRUPT,
SDXL_Refine/SDXL_Refine/id_2490/images_4_refine/M1_016/sd2_gene_1_refine.png,EXCLUDED_CORRUPT,
SDXL_Refine/SDXL_Refine/id_2490/images_4_refine/M1_009/sd2_gene_1_refine.png,EXCLUDED_CORRUPT,
SDXL_Refine/SDXL_Refine/id_2490/images_4_refine/M1_015/sd2_gene_1_refine.png,EXCLUDED_CORRUPT,
SDXL_Refine/SDXL_Refine/id_2490/images_4_refine/M1_003/sd2_gene_1_refine.png,EXCLUDED_CORRUPT,
SDXL_Refine/SDXL_Refine/id_2490/images_4_refine/M1_001/sd2_gene_1_refine.png,EXCLUDED_CORRUPT,
SDXL_Refine/SDXL_Refine/id_2490/images_4_refine/M1_014/sd2_gene_1_refine.png,EXCLUDED_CORRUPT,
SDXL_Refine/SDXL_Refine/id_2490/images_4_refine/M1_006/sd2_gene_1_refine.png,EXCLUDED_CORRUPT,
SDXL_Refine/SDXL_Refine/id_2490/images_4_refine/M1_007/sd2_gene_1_refine.png,EXCLUDED_CORRUPT,
SDXL_Refine/SDXL_Refine/id_2490/images_4_refine/M1_012/sd2_gene_1_refine.png,EXCLUDED_CORRUPT,
SDXL_Refine/SDXL_Refine/id_2490/images_4_refine/M1_013/sd2_gene_1_refine.png,EXCLUDED_CORRUPT,
SDXL_Refine/SDXL_Refine/id_2490/images_refine/M1_017/sd2_gene_1_refine.png,EXCLUDED_CORRUPT,
SDXL_Refine/SDXL_Refine/id_2490/images_refine/M1_011/sd2_gene_1_refine.png,EXCLUDED_CORRUPT,
SDXL_Refine/SDXL_Refine/id_2490/images_refine/M1_008/sd2_gene_1_refine.png,EXCLUDED_CORRUPT,
SDXL_Refine/SDXL_Refine/id_2490/images_refine/M1_005/sd2_gene_1_refine.png,EXCLUDED_CORRUPT,
SDXL_Refine/SDXL_Refine/id_2490/images_refine/M1_002/sd2_gene_1_refine.png,EXCLUDED_CORRUPT,
SDXL_Refine/SDXL_Refine/id_2490/images_refine/M1_010/sd2_gene_1_refine.png,EXCLUDED_CORRUPT,
SDXL_Refine/SDXL_Refine/id_2490/images_refine/M1_000/sd2_gene_1_refine.png,EXCLUDED_CORRUPT,
SDXL_Refine/SDXL_Refine/id_2490/images_refine/M1_019/sd2_gene_1_refine.png,EXCLUDED_CORRUPT,
SDXL_Refine/SDXL_Refine/id_2490/images_refine/M1_004/sd2_gene_1_refine.png,EXCLUDED_CORRUPT,
SDXL_Refine/SDXL_Refine/id_2490/images_refine/M1_018/sd2_gene_1_refine.png,EXCLUDED_CORRUPT,
SDXL_Refine/SDXL_Refine/id_2490/images_refine/M1_016/sd2_gene_1_refine.png,EXCLUDED_CORRUPT,
SDXL_Refine/SDXL_Refine/id_2490/images_refine/M1_009/sd2_gene_1_refine.png,EXCLUDED_CORRUPT,
SDXL_Refine/SDXL_Refine/id_2490/images_refine/M1_015/sd2_gene_1_refine.png,EXCLUDED_CORRUPT,
SDXL_Refine/SDXL_Refine/id_2490/images_refine/M1_003/sd2_gene_1_refine.png,EXCLUDED_CORRUPT,
SDXL_Refine/SDXL_Refine/id_2490/images_refine/M1_001/sd2_gene_1_refine.png,EXCLUDED_CORRUPT,
SDXL_Refine/SDXL_Refine/id_2490/images_refine/M1_014/sd2_gene_1_refine.png,EXCLUDED_CORRUPT,
SDXL_Refine/SDXL_Refine/id_2490/images_refine/M1_006/sd2_gene_1_refine.png,EXCLUDED_CORRUPT,
SDXL_Refine/SDXL_Refine/id_2490/images_refine/M1_007/sd2_gene_1_refine.png,EXCLUDED_CORRUPT,
SDXL_Refine/SDXL_Refine/id_2490/images_refine/M1_012/sd2_gene_1_refine.png,EXCLUDED_CORRUPT,
SDXL_Refine/SDXL_Refine/id_2490/images_refine/M1_013/sd2_gene_1_refine.png,EXCLUDED_CORRUPT,
SDXL_Refine/SDXL_Refine/id_2490/images_2_refine/M1_017/sd2_gene_1_refine.png,EXCLUDED_CORRUPT,
SDXL_Refine/SDXL_Refine/id_2490/images_2_refine/M1_011/sd2_gene_1_refine.png,EXCLUDED_CORRUPT,
SDXL_Refine/SDXL_Refine/id_2490/images_2_refine/M1_008/sd2_gene_1_refine.png,EXCLUDED_CORRUPT,
SDXL_Refine/SDXL_Refine/id_2490/images_2_refine/M1_005/sd2_gene_1_refine.png,EXCLUDED_CORRUPT,
SDXL_Refine/SDXL_Refine/id_2490/images_2_refine/M1_002/sd2_gene_1_refine.png,EXCLUDED_CORRUPT,
SDXL_Refine/SDXL_Refine/id_2490/images_2_refine/M1_010/sd2_gene_1_refine.png,EXCLUDED_CORRUPT,
SDXL_Refine/SDXL_Refine/id_2490/images_2_refine/M1_000/sd2_gene_1_refine.png,EXCLUDED_CORRUPT,
SDXL_Refine/SDXL_Refine/id_2490/images_2_refine/M1_019/sd2_gene_1_refine.png,EXCLUDED_CORRUPT,
SDXL_Refine/SDXL_Refine/id_2490/images_2_refine/M1_004/sd2_gene_1_refine.png,EXCLUDED_CORRUPT,
SDXL_Refine/SDXL_Refine/id_2490/images_2_refine/M1_018/sd2_gene_1_refine.png,EXCLUDED_CORRUPT,
SDXL_Refine/SDXL_Refine/id_2490/images_2_refine/M1_016/sd2_gene_1_refine.png,EXCLUDED_CORRUPT,
SDXL_Refine/SDXL_Refine/id_2490/images_2_refine/M1_009/sd2_gene_1_refine.png,EXCLUDED_CORRUPT,
SDXL_Refine/SDXL_Refine/id_2490/images_2_refine/M1_015/sd2_gene_1_refine.png,EXCLUDED_CORRUPT,
SDXL_Refine/SDXL_Refine/id_2490/images_2_refine/M1_003/sd2_gene_1_refine.png,EXCLUDED_CORRUPT,
SDXL_Refine/SDXL_Refine/id_2490/images_2_refine/M1_001/sd2_gene_1_refine.png,EXCLUDED_CORRUPT,
SDXL_Refine/SDXL_Refine/id_2490/images_2_refine/M1_014/sd2_gene_1_refine.png,EXCLUDED_CORRUPT,
SDXL_Refine/SDXL_Refine/id_2490/images_2_refine/M1_006/sd2_gene_1_refine.png,EXCLUDED_CORRUPT,
SDXL_Refine/SDXL_Refine/id_2490/images_2_refine/M1_007/sd2_gene_1_refine.png,EXCLUDED_CORRUPT,
SDXL_Refine/SDXL_Refine/id_2490/images_2_refine/M1_012/sd2_gene_1_refine.png,EXCLUDED_CORRUPT,
SDXL_Refine/SDXL_Refine/id_2490/images_2_refine/M1_013/sd2_gene_1_refine.png,EXCLUDED_CORRUPT,
SDXL_Refine/SDXL_Refine/id_1978/images_3_refine/M1_011/sd2_gene_1_refine.png,EXCLUDED_CORRUPT,
SDXL_Refine/SDXL_Refine/id_1978/images_3_refine/M1_008/sd2_gene_1_refine.png,EXCLUDED_CORRUPT,
SDXL_Refine/SDXL_Refine/id_1978/images_3_refine/M1_005/sd2_gene_1_refine.png,EXCLUDED_CORRUPT,
SDXL_Refine/SDXL_Refine/id_1978/images_3_refine/M1_002/sd2_gene_1_refine.png,EXCLUDED_CORRUPT,
SDXL_Refine/SDXL_Refine/id_1978/images_3_refine/M1_010/sd2_gene_1_refine.png,EXCLUDED_CORRUPT,
SDXL_Refine/SDXL_Refine/id_1978/images_3_refine/M1_000/sd2_gene_1_refine.png,EXCLUDED_CORRUPT,
SDXL_Refine/SDXL_Refine/id_1978/images_3_refine/M1_004/sd2_gene_1_refine.png,EXCLUDED_CORRUPT,
SDXL_Refine/SDXL_Refine/id_1978/images_3_refine/M1_001/sd2_gene_1_refine.png,EXCLUDED_CORRUPT,
SDXL_Refine/SDXL_Refine/id_1978/images_3_refine/M1_006/sd2_gene_1_refine.png,EXCLUDED_CORRUPT,
SDXL_Refine/SDXL_Refine/id_1978/images_3_refine/M1_007/sd2_gene_1_refine.png,EXCLUDED_CORRUPT,
SDXL_Refine/SDXL_Refine/id_1978/images_4_refine/M1_011/sd2_gene_1_refine.png,EXCLUDED_CORRUPT,
SDXL_Refine/SDXL_Refine/id_1978/images_4_refine/M1_008/sd2_gene_1_refine.png,EXCLUDED_CORRUPT,
SDXL_Refine/SDXL_Refine/id_1978/images_4_refine/M1_005/sd2_gene_1_refine.png,EXCLUDED_CORRUPT,
SDXL_Refine/SDXL_Refine/id_1978/images_4_refine/M1_002/sd2_gene_1_refine.png,EXCLUDED_CORRUPT,
SDXL_Refine/SDXL_Refine/id_1978/images_4_refine/M1_010/sd2_gene_1_refine.png,EXCLUDED_CORRUPT,
SDXL_Refine/SDXL_Refine/id_1978/images_4_refine/M1_000/sd2_gene_1_refine.png,EXCLUDED_CORRUPT,
SDXL_Refine/SDXL_Refine/id_1978/images_4_refine/M1_004/sd2_gene_1_refine.png,EXCLUDED_CORRUPT,
SDXL_Refine/SDXL_Refine/id_1978/images_4_refine/M1_009/sd2_gene_1_refine.png,EXCLUDED_CORRUPT,
SDXL_Refine/SDXL_Refine/id_1978/images_4_refine/M1_001/sd2_gene_1_refine.png,EXCLUDED_CORRUPT,
SDXL_Refine/SDXL_Refine/id_1978/images_4_refine/M1_006/sd2_gene_1_refine.png,EXCLUDED_CORRUPT,
SDXL_Refine/SDXL_Refine/id_1978/images_4_refine/M1_007/sd2_gene_1_refine.png,EXCLUDED_CORRUPT,
SDXL_Refine/SDXL_Refine/id_1978/images_refine/M1_011/sd2_gene_1_refine.png,EXCLUDED_CORRUPT,
SDXL_Refine/SDXL_Refine/id_1978/images_refine/M1_008/sd2_gene_1_refine.png,EXCLUDED_CORRUPT,
SDXL_Refine/SDXL_Refine/id_1978/images_refine/M1_005/sd2_gene_1_refine.png,EXCLUDED_CORRUPT,
SDXL_Refine/SDXL_Refine/id_1978/images_refine/M1_002/sd2_gene_1_refine.png,EXCLUDED_CORRUPT,
SDXL_Refine/SDXL_Refine/id_1978/images_refine/M1_010/sd2_gene_1_refine.png,EXCLUDED_CORRUPT,
SDXL_Refine/SDXL_Refine/id_1978/images_refine/M1_000/sd2_gene_1_refine.png,EXCLUDED_CORRUPT,
SDXL_Refine/SDXL_Refine/id_1978/images_refine/M1_004/sd2_gene_1_refine.png,EXCLUDED_CORRUPT,
SDXL_Refine/SDXL_Refine/id_1978/images_refine/M1_001/sd2_gene_1_refine.png,EXCLUDED_CORRUPT,
SDXL_Refine/SDXL_Refine/id_1978/images_refine/M1_006/sd2_gene_1_refine.png,EXCLUDED_CORRUPT,
SDXL_Refine/SDXL_Refine/id_1978/images_refine/M1_007/sd2_gene_1_refine.png,EXCLUDED_CORRUPT,
SDXL_Refine/SDXL_Refine/id_1978/images_2_refine/M1_011/sd2_gene_1_refine.png,EXCLUDED_CORRUPT,
SDXL_Refine/SDXL_Refine/id_1978/images_2_refine/M1_008/sd2_gene_1_refine.png,EXCLUDED_CORRUPT,
SDXL_Refine/SDXL_Refine/id_1978/images_2_refine/M1_005/sd2_gene_1_refine.png,EXCLUDED_CORRUPT,
SDXL_Refine/SDXL_Refine/id_1978/images_2_refine/M1_002/sd2_gene_1_refine.png,EXCLUDED_CORRUPT,
SDXL_Refine/SDXL_Refine/id_1978/images_2_refine/M1_010/sd2_gene_1_refine.png,EXCLUDED_CORRUPT,
SDXL_Refine/SDXL_Refine/id_1978/images_2_refine/M1_000/sd2_gene_1_refine.png,EXCLUDED_CORRUPT,
SDXL_Refine/SDXL_Refine/id_1978/images_2_refine/M1_004/sd2_gene_1_refine.png,EXCLUDED_CORRUPT,
SDXL_Refine/SDXL_Refine/id_1978/images_2_refine/M1_001/sd2_gene_1_refine.png,EXCLUDED_CORRUPT,
SDXL_Refine/SDXL_Refine/id_1978/images_2_refine/M1_006/sd2_gene_1_refine.png,EXCLUDED_CORRUPT,
SDXL_Refine/SDXL_Refine/id_1978/images_2_refine/M1_007/sd2_gene_1_refine.png,EXCLUDED_CORRUPT,
SDXL_Refine/SDXL_Refine/id_1342/images_3_refine/M1_005/sd2_gene_1_refine.png,EXCLUDED_CORRUPT,
SDXL_Refine/SDXL_Refine/id_1342/images_3_refine/M1_002/sd2_gene_1_refine.png,EXCLUDED_CORRUPT,
SDXL_Refine/SDXL_Refine/id_1342/images_3_refine/M1_000/sd2_gene_1_refine.png,EXCLUDED_CORRUPT,
SDXL_Refine/SDXL_Refine/id_1342/images_3_refine/M1_004/sd2_gene_1_refine.png,EXCLUDED_CORRUPT,
SDXL_Refine/SDXL_Refine/id_1342/images_3_refine/M1_003/sd2_gene_1_refine.png,EXCLUDED_CORRUPT,
SDXL_Refine/SDXL_Refine/id_1342/images_3_refine/M1_001/sd2_gene_1_refine.png,EXCLUDED_CORRUPT,
SDXL_Refine/SDXL_Refine/id_1342/images_3_refine/M1_006/sd2_gene_1_refine.png,EXCLUDED_CORRUPT,
SDXL_Refine/SDXL_Refine/id_1342/images_3_refine/M1_007/sd2_gene_1_refine.png,EXCLUDED_CORRUPT,
SDXL_Refine/SDXL_Refine/id_1342/images_4_refine/M1_005/sd2_gene_1_refine.png,EXCLUDED_CORRUPT,
SDXL_Refine/SDXL_Refine/id_1342/images_4_refine/M1_002/sd2_gene_1_refine.png,EXCLUDED_CORRUPT,
SDXL_Refine/SDXL_Refine/id_1342/images_4_refine/M1_000/sd2_gene_1_refine.png,EXCLUDED_CORRUPT,
SDXL_Refine/SDXL_Refine/id_1342/images_4_refine/M1_004/sd2_gene_1_refine.png,EXCLUDED_CORRUPT,
SDXL_Refine/SDXL_Refine/id_1342/images_4_refine/M1_003/sd2_gene_1_refine.png,EXCLUDED_CORRUPT,
SDXL_Refine/SDXL_Refine/id_1342/images_4_refine/M1_001/sd2_gene_1_refine.png,EXCLUDED_CORRUPT,
SDXL_Refine/SDXL_Refine/id_1342/images_4_refine/M1_006/sd2_gene_1_refine.png,EXCLUDED_CORRUPT,
SDXL_Refine/SDXL_Refine/id_1342/images_4_refine/M1_007/sd2_gene_1_refine.png,EXCLUDED_CORRUPT,
SDXL_Refine/SDXL_Refine/id_1342/images_refine/M1_005/sd2_gene_1_refine.png,EXCLUDED_CORRUPT,
SDXL_Refine/SDXL_Refine/id_1342/images_refine/M1_002/sd2_gene_1_refine.png,EXCLUDED_CORRUPT,
SDXL_Refine/SDXL_Refine/id_1342/images_refine/M1_000/sd2_gene_1_refine.png,EXCLUDED_CORRUPT,
SDXL_Refine/SDXL_Refine/id_1342/images_refine/M1_004/sd2_gene_1_refine.png,EXCLUDED_CORRUPT,
SDXL_Refine/SDXL_Refine/id_1342/images_refine/M1_003/sd2_gene_1_refine.png,EXCLUDED_CORRUPT,
SDXL_Refine/SDXL_Refine/id_1342/images_refine/M1_001/sd2_gene_1_refine.png,EXCLUDED_CORRUPT,
SDXL_Refine/SDXL_Refine/id_1342/images_refine/M1_006/sd2_gene_1_refine.png,EXCLUDED_CORRUPT,
SDXL_Refine/SDXL_Refine/id_1342/images_refine/M1_007/sd2_gene_1_refine.png,EXCLUDED_CORRUPT,
SDXL_Refine/SDXL_Refine/id_1342/images_2_refine/M1_005/sd2_gene_1_refine.png,EXCLUDED_CORRUPT,
SDXL_Refine/SDXL_Refine/id_1342/images_2_refine/M1_002/sd2_gene_1_refine.png,EXCLUDED_CORRUPT,
SDXL_Refine/SDXL_Refine/id_1342/images_2_refine/M1_000/sd2_gene_1_refine.png,EXCLUDED_CORRUPT,
SDXL_Refine/SDXL_Refine/id_1342/images_2_refine/M1_004/sd2_gene_1_refine.png,EXCLUDED_CORRUPT,
SDXL_Refine/SDXL_Refine/id_1342/images_2_refine/M1_003/sd2_gene_1_refine.png,EXCLUDED_CORRUPT,
SDXL_Refine/SDXL_Refine/id_1342/images_2_refine/M1_001/sd2_gene_1_refine.png,EXCLUDED_CORRUPT,
SDXL_Refine/SDXL_Refine/id_1342/images_2_refine/M1_006/sd2_gene_1_refine.png,EXCLUDED_CORRUPT,
SDXL_Refine/SDXL_Refine/id_1342/images_2_refine/M1_007/sd2_gene_1_refine.png,EXCLUDED_CORRUPT,
SDXL_Refine/SDXL_Refine/id_2423/images_3_refine/M1_002/sd2_gene_1_refine.png,EXCLUDED_CORRUPT,
SDXL_Refine/SDXL_Refine/id_2423/images_3_refine/M1_000/sd2_gene_1_refine.png,EXCLUDED_CORRUPT,
SDXL_Refine/SDXL_Refine/id_2423/images_3_refine/M1_003/sd2_gene_1_refine.png,EXCLUDED_CORRUPT,
SDXL_Refine/SDXL_Refine/id_2423/images_3_refine/M1_001/sd2_gene_1_refine.png,EXCLUDED_CORRUPT,
SDXL_Refine/SDXL_Refine/id_2423/images_4_refine/M1_002/sd2_gene_1_refine.png,EXCLUDED_CORRUPT,
SDXL_Refine/SDXL_Refine/id_2423/images_4_refine/M1_000/sd2_gene_1_refine.png,EXCLUDED_CORRUPT,
SDXL_Refine/SDXL_Refine/id_2423/images_4_refine/M1_003/sd2_gene_1_refine.png,EXCLUDED_CORRUPT,
SDXL_Refine/SDXL_Refine/id_2423/images_4_refine/M1_001/sd2_gene_1_refine.png,EXCLUDED_CORRUPT,
SDXL_Refine/SDXL_Refine/id_2423/images_refine/M1_002/sd2_gene_1_refine.png,EXCLUDED_CORRUPT,
SDXL_Refine/SDXL_Refine/id_2423/images_refine/M1_000/sd2_gene_1_refine.png,EXCLUDED_CORRUPT,
SDXL_Refine/SDXL_Refine/id_2423/images_refine/M1_003/sd2_gene_1_refine.png,EXCLUDED_CORRUPT,
SDXL_Refine/SDXL_Refine/id_2423/images_refine/M1_001/sd2_gene_1_refine.png,EXCLUDED_CORRUPT,
SDXL_Refine/SDXL_Refine/id_2423/images_2_refine/M1_002/sd2_gene_1_refine.png,EXCLUDED_CORRUPT,
SDXL_Refine/SDXL_Refine/id_2423/images_2_refine/M1_000/sd2_gene_1_refine.png,EXCLUDED_CORRUPT,
SDXL_Refine/SDXL_Refine/id_2423/images_2_refine/M1_003/sd2_gene_1_refine.png,EXCLUDED_CORRUPT,
SDXL_Refine/SDXL_Refine/id_2423/images_2_refine/M1_001/sd2_gene_1_refine.png,EXCLUDED_CORRUPT,
SDXL_Refine/SDXL_Refine/id_1430/images_3_refine/M1_005/sd2_gene_1_refine.png,EXCLUDED_CORRUPT,
SDXL_Refine/SDXL_Refine/id_1430/images_3_refine/M1_002/sd2_gene_1_refine.png,EXCLUDED_CORRUPT,
SDXL_Refine/SDXL_Refine/id_1430/images_3_refine/M1_004/sd2_gene_1_refine.png,EXCLUDED_CORRUPT,
SDXL_Refine/SDXL_Refine/id_1430/images_3_refine/M1_003/sd2_gene_1_refine.png,EXCLUDED_CORRUPT,
SDXL_Refine/SDXL_Refine/id_1430/images_3_refine/M1_001/sd2_gene_1_refine.png,EXCLUDED_CORRUPT,
SDXL_Refine/SDXL_Refine/id_1430/images_3_refine/M1_006/sd2_gene_1_refine.png,EXCLUDED_CORRUPT,
SDXL_Refine/SDXL_Refine/id_1430/images_3_refine/M1_007/sd2_gene_1_refine.png,EXCLUDED_CORRUPT,
SDXL_Refine/SDXL_Refine/id_1430/images_4_refine/M1_005/sd2_gene_1_refine.png,EXCLUDED_CORRUPT,
SDXL_Refine/SDXL_Refine/id_1430/images_4_refine/M1_002/sd2_gene_1_refine.png,EXCLUDED_CORRUPT,
SDXL_Refine/SDXL_Refine/id_1430/images_4_refine/M1_004/sd2_gene_1_refine.png,EXCLUDED_CORRUPT,
SDXL_Refine/SDXL_Refine/id_1430/images_4_refine/M1_003/sd2_gene_1_refine.png,EXCLUDED_CORRUPT,
SDXL_Refine/SDXL_Refine/id_1430/images_4_refine/M1_001/sd2_gene_1_refine.png,EXCLUDED_CORRUPT,
SDXL_Refine/SDXL_Refine/id_1430/images_4_refine/M1_006/sd2_gene_1_refine.png,EXCLUDED_CORRUPT,
SDXL_Refine/SDXL_Refine/id_1430/images_4_refine/M1_007/sd2_gene_1_refine.png,EXCLUDED_CORRUPT,
SDXL_Refine/SDXL_Refine/id_1430/images_refine/M1_005/sd2_gene_1_refine.png,EXCLUDED_CORRUPT,
SDXL_Refine/SDXL_Refine/id_1430/images_refine/M1_002/sd2_gene_1_refine.png,EXCLUDED_CORRUPT,
SDXL_Refine/SDXL_Refine/id_1430/images_refine/M1_004/sd2_gene_1_refine.png,EXCLUDED_CORRUPT,
SDXL_Refine/SDXL_Refine/id_1430/images_refine/M1_003/sd2_gene_1_refine.png,EXCLUDED_CORRUPT,
SDXL_Refine/SDXL_Refine/id_1430/images_refine/M1_001/sd2_gene_1_refine.png,EXCLUDED_CORRUPT,
SDXL_Refine/SDXL_Refine/id_1430/images_refine/M1_006/sd2_gene_1_refine.png,EXCLUDED_CORRUPT,
SDXL_Refine/SDXL_Refine/id_1430/images_refine/M1_007/sd2_gene_1_refine.png,EXCLUDED_CORRUPT,
SDXL_Refine/SDXL_Refine/id_1430/images_2_refine/M1_005/sd2_gene_1_refine.png,EXCLUDED_CORRUPT,
SDXL_Refine/SDXL_Refine/id_1430/images_2_refine/M1_002/sd2_gene_1_refine.png,EXCLUDED_CORRUPT,
SDXL_Refine/SDXL_Refine/id_1430/images_2_refine/M1_004/sd2_gene_1_refine.png,EXCLUDED_CORRUPT,
SDXL_Refine/SDXL_Refine/id_1430/images_2_refine/M1_003/sd2_gene_1_refine.png,EXCLUDED_CORRUPT,
SDXL_Refine/SDXL_Refine/id_1430/images_2_refine/M1_001/sd2_gene_1_refine.png,EXCLUDED_CORRUPT,
SDXL_Refine/SDXL_Refine/id_1430/images_2_refine/M1_006/sd2_gene_1_refine.png,EXCLUDED_CORRUPT,
SDXL_Refine/SDXL_Refine/id_1430/images_2_refine/M1_007/sd2_gene_1_refine.png,EXCLUDED_CORRUPT,
SDXL_Refine/SDXL_Refine/id_0224/images_3_refine/M1_000/sd2_gene_1_refine.png,EXCLUDED_CORRUPT,
SDXL_Refine/SDXL_Refine/id_0224/images_3_refine/M1_003/sd2_gene_1_refine.png,EXCLUDED_CORRUPT,
SDXL_Refine/SDXL_Refine/id_0224/images_3_refine/M1_001/sd2_gene_1_refine.png,EXCLUDED_CORRUPT,
SDXL_Refine/SDXL_Refine/id_0224/images_4_refine/M1_002/sd2_gene_1_refine.png,EXCLUDED_CORRUPT,
SDXL_Refine/SDXL_Refine/id_0224/images_4_refine/M1_000/sd2_gene_1_refine.png,EXCLUDED_CORRUPT,
SDXL_Refine/SDXL_Refine/id_0224/images_4_refine/M1_003/sd2_gene_1_refine.png,EXCLUDED_CORRUPT,
SDXL_Refine/SDXL_Refine/id_0224/images_4_refine/M1_001/sd2_gene_1_refine.png,EXCLUDED_CORRUPT,
SDXL_Refine/SDXL_Refine/id_0224/images_refine/M1_000/sd2_gene_1_refine.png,EXCLUDED_CORRUPT,
SDXL_Refine/SDXL_Refine/id_0224/images_refine/M1_003/sd2_gene_1_refine.png,EXCLUDED_CORRUPT,
SDXL_Refine/SDXL_Refine/id_0224/images_refine/M1_001/sd2_gene_1_refine.png,EXCLUDED_CORRUPT,
SDXL_Refine/SDXL_Refine/id_0224/images_2_refine/M1_000/sd2_gene_1_refine.png,EXCLUDED_CORRUPT,
SDXL_Refine/SDXL_Refine/id_0224/images_2_refine/M1_003/sd2_gene_1_refine.png,EXCLUDED_CORRUPT,
SDXL_Refine/SDXL_Refine/id_0224/images_2_refine/M1_001/sd2_gene_1_refine.png,EXCLUDED_CORRUPT,
SDXL_Refine/SDXL_Refine/id_1434/images_3_refine/M1_005/sd2_gene_1_refine.png,EXCLUDED_CORRUPT,
SDXL_Refine/SDXL_Refine/id_1434/images_3_refine/M1_002/sd2_gene_1_refine.png,EXCLUDED_CORRUPT,
SDXL_Refine/SDXL_Refine/id_1434/images_3_refine/M1_000/sd2_gene_1_refine.png,EXCLUDED_CORRUPT,
SDXL_Refine/SDXL_Refine/id_1434/images_3_refine/M1_004/sd2_gene_1_refine.png,EXCLUDED_CORRUPT,
SDXL_Refine/SDXL_Refine/id_1434/images_3_refine/M1_003/sd2_gene_1_refine.png,EXCLUDED_CORRUPT,
SDXL_Refine/SDXL_Refine/id_1434/images_3_refine/M1_001/sd2_gene_1_refine.png,EXCLUDED_CORRUPT,
SDXL_Refine/SDXL_Refine/id_1434/images_3_refine/M1_006/sd2_gene_1_refine.png,EXCLUDED_CORRUPT,
SDXL_Refine/SDXL_Refine/id_1434/images_3_refine/M1_007/sd2_gene_1_refine.png,EXCLUDED_CORRUPT,
SDXL_Refine/SDXL_Refine/id_1434/images_4_refine/M1_005/sd2_gene_1_refine.png,EXCLUDED_CORRUPT,
SDXL_Refine/SDXL_Refine/id_1434/images_4_refine/M1_002/sd2_gene_1_refine.png,EXCLUDED_CORRUPT,
SDXL_Refine/SDXL_Refine/id_1434/images_4_refine/M1_000/sd2_gene_1_refine.png,EXCLUDED_CORRUPT,
SDXL_Refine/SDXL_Refine/id_1434/images_4_refine/M1_004/sd2_gene_1_refine.png,EXCLUDED_CORRUPT,
SDXL_Refine/SDXL_Refine/id_1434/images_4_refine/M1_003/sd2_gene_1_refine.png,EXCLUDED_CORRUPT,
SDXL_Refine/SDXL_Refine/id_1434/images_4_refine/M1_001/sd2_gene_1_refine.png,EXCLUDED_CORRUPT,
SDXL_Refine/SDXL_Refine/id_1434/images_4_refine/M1_006/sd2_gene_1_refine.png,EXCLUDED_CORRUPT,
SDXL_Refine/SDXL_Refine/id_1434/images_4_refine/M1_007/sd2_gene_1_refine.png,EXCLUDED_CORRUPT,
SDXL_Refine/SDXL_Refine/id_1434/images_refine/M1_005/sd2_gene_1_refine.png,EXCLUDED_CORRUPT,
SDXL_Refine/SDXL_Refine/id_1434/images_refine/M1_002/sd2_gene_1_refine.png,EXCLUDED_CORRUPT,
SDXL_Refine/SDXL_Refine/id_1434/images_refine/M1_000/sd2_gene_1_refine.png,EXCLUDED_CORRUPT,
SDXL_Refine/SDXL_Refine/id_1434/images_refine/M1_004/sd2_gene_1_refine.png,EXCLUDED_CORRUPT,
SDXL_Refine/SDXL_Refine/id_1434/images_refine/M1_003/sd2_gene_1_refine.png,EXCLUDED_CORRUPT,
SDXL_Refine/SDXL_Refine/id_1434/images_refine/M1_001/sd2_gene_1_refine.png,EXCLUDED_CORRUPT,
SDXL_Refine/SDXL_Refine/id_1434/images_refine/M1_006/sd2_gene_1_refine.png,EXCLUDED_CORRUPT,
SDXL_Refine/SDXL_Refine/id_1434/images_refine/M1_007/sd2_gene_1_refine.png,EXCLUDED_CORRUPT,
SDXL_Refine/SDXL_Refine/id_1434/images_2_refine/M1_005/sd2_gene_1_refine.png,EXCLUDED_CORRUPT,
SDXL_Refine/SDXL_Refine/id_1434/images_2_refine/M1_002/sd2_gene_1_refine.png,EXCLUDED_CORRUPT,
SDXL_Refine/SDXL_Refine/id_1434/images_2_refine/M1_000/sd2_gene_1_refine.png,EXCLUDED_CORRUPT,
SDXL_Refine/SDXL_Refine/id_1434/images_2_refine/M1_004/sd2_gene_1_refine.png,EXCLUDED_CORRUPT,
SDXL_Refine/SDXL_Refine/id_1434/images_2_refine/M1_003/sd2_gene_1_refine.png,EXCLUDED_CORRUPT,
SDXL_Refine/SDXL_Refine/id_1434/images_2_refine/M1_001/sd2_gene_1_refine.png,EXCLUDED_CORRUPT,
SDXL_Refine/SDXL_Refine/id_1434/images_2_refine/M1_006/sd2_gene_1_refine.png,EXCLUDED_CORRUPT,
SDXL_Refine/SDXL_Refine/id_1434/images_2_refine/M1_007/sd2_gene_1_refine.png,EXCLUDED_CORRUPT,
SDXL_Refine/SDXL_Refine/id_0538/images_3_refine/M1_002/sd2_gene_1_refine.png,EXCLUDED_CORRUPT,
SDXL_Refine/SDXL_Refine/id_0538/images_3_refine/M1_000/sd2_gene_1_refine.png,EXCLUDED_CORRUPT,
SDXL_Refine/SDXL_Refine/id_0538/images_3_refine/M1_003/sd2_gene_1_refine.png,EXCLUDED_CORRUPT,
SDXL_Refine/SDXL_Refine/id_0538/images_3_refine/M1_001/sd2_gene_1_refine.png,EXCLUDED_CORRUPT,
SDXL_Refine/SDXL_Refine/id_0538/images_4_refine/M1_002/sd2_gene_1_refine.png,EXCLUDED_CORRUPT,
SDXL_Refine/SDXL_Refine/id_0538/images_4_refine/M1_000/sd2_gene_1_refine.png,EXCLUDED_CORRUPT,
SDXL_Refine/SDXL_Refine/id_0538/images_4_refine/M1_003/sd2_gene_1_refine.png,EXCLUDED_CORRUPT,
SDXL_Refine/SDXL_Refine/id_0538/images_4_refine/M1_001/sd2_gene_1_refine.png,EXCLUDED_CORRUPT,
SDXL_Refine/SDXL_Refine/id_0538/images_refine/M1_002/sd2_gene_1_refine.png,EXCLUDED_CORRUPT,
SDXL_Refine/SDXL_Refine/id_0538/images_refine/M1_000/sd2_gene_1_refine.png,EXCLUDED_CORRUPT,
SDXL_Refine/SDXL_Refine/id_0538/images_refine/M1_003/sd2_gene_1_refine.png,EXCLUDED_CORRUPT,
SDXL_Refine/SDXL_Refine/id_0538/images_refine/M1_001/sd2_gene_1_refine.png,EXCLUDED_CORRUPT,
SDXL_Refine/SDXL_Refine/id_0538/images_2_refine/M1_002/sd2_gene_1_refine.png,EXCLUDED_CORRUPT,
SDXL_Refine/SDXL_Refine/id_0538/images_2_refine/M1_000/sd2_gene_1_refine.png,EXCLUDED_CORRUPT,
SDXL_Refine/SDXL_Refine/id_0538/images_2_refine/M1_003/sd2_gene_1_refine.png,EXCLUDED_CORRUPT,
SDXL_Refine/SDXL_Refine/id_0538/images_2_refine/M1_001/sd2_gene_1_refine.png,EXCLUDED_CORRUPT,
SDXL_Refine/SDXL_Refine/id_1309/images_3_refine/M1_005/sd2_gene_1_refine.png,EXCLUDED_CORRUPT,
SDXL_Refine/SDXL_Refine/id_1309/images_3_refine/M1_002/sd2_gene_1_refine.png,EXCLUDED_CORRUPT,
SDXL_Refine/SDXL_Refine/id_1309/images_3_refine/M1_000/sd2_gene_1_refine.png,EXCLUDED_CORRUPT,
SDXL_Refine/SDXL_Refine/id_1309/images_3_refine/M1_004/sd2_gene_1_refine.png,EXCLUDED_CORRUPT,
SDXL_Refine/SDXL_Refine/id_1309/images_3_refine/M1_003/sd2_gene_1_refine.png,EXCLUDED_CORRUPT,
SDXL_Refine/SDXL_Refine/id_1309/images_3_refine/M1_001/sd2_gene_1_refine.png,EXCLUDED_CORRUPT,
SDXL_Refine/SDXL_Refine/id_1309/images_3_refine/M1_006/sd2_gene_1_refine.png,EXCLUDED_CORRUPT,
SDXL_Refine/SDXL_Refine/id_1309/images_3_refine/M1_007/sd2_gene_1_refine.png,EXCLUDED_CORRUPT,
SDXL_Refine/SDXL_Refine/id_1309/images_4_refine/M1_005/sd2_gene_1_refine.png,EXCLUDED_CORRUPT,
SDXL_Refine/SDXL_Refine/id_1309/images_4_refine/M1_002/sd2_gene_1_refine.png,EXCLUDED_CORRUPT,
SDXL_Refine/SDXL_Refine/id_1309/images_4_refine/M1_000/sd2_gene_1_refine.png,EXCLUDED_CORRUPT,
SDXL_Refine/SDXL_Refine/id_1309/images_4_refine/M1_004/sd2_gene_1_refine.png,EXCLUDED_CORRUPT,
SDXL_Refine/SDXL_Refine/id_1309/images_4_refine/M1_003/sd2_gene_1_refine.png,EXCLUDED_CORRUPT,
SDXL_Refine/SDXL_Refine/id_1309/images_4_refine/M1_001/sd2_gene_1_refine.png,EXCLUDED_CORRUPT,
SDXL_Refine/SDXL_Refine/id_1309/images_4_refine/M1_006/sd2_gene_1_refine.png,EXCLUDED_CORRUPT,
SDXL_Refine/SDXL_Refine/id_1309/images_4_refine/M1_007/sd2_gene_1_refine.png,EXCLUDED_CORRUPT,
SDXL_Refine/SDXL_Refine/id_1309/images_refine/M1_005/sd2_gene_1_refine.png,EXCLUDED_CORRUPT,
SDXL_Refine/SDXL_Refine/id_1309/images_refine/M1_002/sd2_gene_1_refine.png,EXCLUDED_CORRUPT,
SDXL_Refine/SDXL_Refine/id_1309/images_refine/M1_000/sd2_gene_1_refine.png,EXCLUDED_CORRUPT,
SDXL_Refine/SDXL_Refine/id_1309/images_refine/M1_004/sd2_gene_1_refine.png,EXCLUDED_CORRUPT,
SDXL_Refine/SDXL_Refine/id_1309/images_refine/M1_003/sd2_gene_1_refine.png,EXCLUDED_CORRUPT,
SDXL_Refine/SDXL_Refine/id_1309/images_refine/M1_001/sd2_gene_1_refine.png,EXCLUDED_CORRUPT,
SDXL_Refine/SDXL_Refine/id_1309/images_refine/M1_006/sd2_gene_1_refine.png,EXCLUDED_CORRUPT,
SDXL_Refine/SDXL_Refine/id_1309/images_refine/M1_007/sd2_gene_1_refine.png,EXCLUDED_CORRUPT,
SDXL_Refine/SDXL_Refine/id_1309/images_2_refine/M1_005/sd2_gene_1_refine.png,EXCLUDED_CORRUPT,
SDXL_Refine/SDXL_Refine/id_1309/images_2_refine/M1_002/sd2_gene_1_refine.png,EXCLUDED_CORRUPT,
SDXL_Refine/SDXL_Refine/id_1309/images_2_refine/M1_000/sd2_gene_1_refine.png,EXCLUDED_CORRUPT,
SDXL_Refine/SDXL_Refine/id_1309/images_2_refine/M1_004/sd2_gene_1_refine.png,EXCLUDED_CORRUPT,
SDXL_Refine/SDXL_Refine/id_1309/images_2_refine/M1_003/sd2_gene_1_refine.png,EXCLUDED_CORRUPT,
SDXL_Refine/SDXL_Refine/id_1309/images_2_refine/M1_001/sd2_gene_1_refine.png,EXCLUDED_CORRUPT,
SDXL_Refine/SDXL_Refine/id_1309/images_2_refine/M1_006/sd2_gene_1_refine.png,EXCLUDED_CORRUPT,
SDXL_Refine/SDXL_Refine/id_1309/images_2_refine/M1_007/sd2_gene_1_refine.png,EXCLUDED_CORRUPT,
SDXL_Refine/SDXL_Refine/id_2752/images_3_refine/M1_011/sd2_gene_1_refine.png,EXCLUDED_CORRUPT,
SDXL_Refine/SDXL_Refine/id_2752/images_3_refine/M1_008/sd2_gene_1_refine.png,EXCLUDED_CORRUPT,
SDXL_Refine/SDXL_Refine/id_2752/images_3_refine/M1_005/sd2_gene_1_refine.png,EXCLUDED_CORRUPT,
SDXL_Refine/SDXL_Refine/id_2752/images_3_refine/M1_002/sd2_gene_1_refine.png,EXCLUDED_CORRUPT,
SDXL_Refine/SDXL_Refine/id_2752/images_3_refine/M1_010/sd2_gene_1_refine.png,EXCLUDED_CORRUPT,
SDXL_Refine/SDXL_Refine/id_2752/images_3_refine/M1_000/sd2_gene_1_refine.png,EXCLUDED_CORRUPT,
SDXL_Refine/SDXL_Refine/id_2752/images_3_refine/M1_004/sd2_gene_1_refine.png,EXCLUDED_CORRUPT,
SDXL_Refine/SDXL_Refine/id_2752/images_3_refine/M1_009/sd2_gene_1_refine.png,EXCLUDED_CORRUPT,
SDXL_Refine/SDXL_Refine/id_2752/images_3_refine/M1_003/sd2_gene_1_refine.png,EXCLUDED_CORRUPT,
SDXL_Refine/SDXL_Refine/id_2752/images_3_refine/M1_001/sd2_gene_1_refine.png,EXCLUDED_CORRUPT,
SDXL_Refine/SDXL_Refine/id_2752/images_3_refine/M1_006/sd2_gene_1_refine.png,EXCLUDED_CORRUPT,
SDXL_Refine/SDXL_Refine/id_2752/images_3_refine/M1_007/sd2_gene_1_refine.png,EXCLUDED_CORRUPT,
SDXL_Refine/SDXL_Refine/id_2752/images_4_refine/M1_011/sd2_gene_1_refine.png,EXCLUDED_CORRUPT,
SDXL_Refine/SDXL_Refine/id_2752/images_4_refine/M1_008/sd2_gene_1_refine.png,EXCLUDED_CORRUPT,
SDXL_Refine/SDXL_Refine/id_2752/images_4_refine/M1_005/sd2_gene_1_refine.png,EXCLUDED_CORRUPT,
SDXL_Refine/SDXL_Refine/id_2752/images_4_refine/M1_002/sd2_gene_1_refine.png,EXCLUDED_CORRUPT,
SDXL_Refine/SDXL_Refine/id_2752/images_4_refine/M1_010/sd2_gene_1_refine.png,EXCLUDED_CORRUPT,
SDXL_Refine/SDXL_Refine/id_2752/images_4_refine/M1_000/sd2_gene_1_refine.png,EXCLUDED_CORRUPT,
SDXL_Refine/SDXL_Refine/id_2752/images_4_refine/M1_004/sd2_gene_1_refine.png,EXCLUDED_CORRUPT,
SDXL_Refine/SDXL_Refine/id_2752/images_4_refine/M1_009/sd2_gene_1_refine.png,EXCLUDED_CORRUPT,
SDXL_Refine/SDXL_Refine/id_2752/images_4_refine/M1_001/sd2_gene_1_refine.png,EXCLUDED_CORRUPT,
SDXL_Refine/SDXL_Refine/id_2752/images_4_refine/M1_006/sd2_gene_1_refine.png,EXCLUDED_CORRUPT,
SDXL_Refine/SDXL_Refine/id_2752/images_4_refine/M1_007/sd2_gene_1_refine.png,EXCLUDED_CORRUPT,
SDXL_Refine/SDXL_Refine/id_2752/images_refine/M1_011/sd2_gene_1_refine.png,EXCLUDED_CORRUPT,
SDXL_Refine/SDXL_Refine/id_2752/images_refine/M1_005/sd2_gene_1_refine.png,EXCLUDED_CORRUPT,
SDXL_Refine/SDXL_Refine/id_2752/images_refine/M1_002/sd2_gene_1_refine.png,EXCLUDED_CORRUPT,
SDXL_Refine/SDXL_Refine/id_2752/images_refine/M1_010/sd2_gene_1_refine.png,EXCLUDED_CORRUPT,
SDXL_Refine/SDXL_Refine/id_2752/images_refine/M1_000/sd2_gene_1_refine.png,EXCLUDED_CORRUPT,
SDXL_Refine/SDXL_Refine/id_2752/images_refine/M1_004/sd2_gene_1_refine.png,EXCLUDED_CORRUPT,
SDXL_Refine/SDXL_Refine/id_2752/images_refine/M1_009/sd2_gene_1_refine.png,EXCLUDED_CORRUPT,
SDXL_Refine/SDXL_Refine/id_2752/images_refine/M1_003/sd2_gene_1_refine.png,EXCLUDED_CORRUPT,
SDXL_Refine/SDXL_Refine/id_2752/images_refine/M1_001/sd2_gene_1_refine.png,EXCLUDED_CORRUPT,
SDXL_Refine/SDXL_Refine/id_2752/images_refine/M1_006/sd2_gene_1_refine.png,EXCLUDED_CORRUPT,
SDXL_Refine/SDXL_Refine/id_2752/images_refine/M1_007/sd2_gene_1_refine.png,EXCLUDED_CORRUPT,
SDXL_Refine/SDXL_Refine/id_2752/images_2_refine/M1_008/sd2_gene_1_refine.png,EXCLUDED_CORRUPT,
SDXL_Refine/SDXL_Refine/id_2752/images_2_refine/M1_005/sd2_gene_1_refine.png,EXCLUDED_CORRUPT,
SDXL_Refine/SDXL_Refine/id_2752/images_2_refine/M1_010/sd2_gene_1_refine.png,EXCLUDED_CORRUPT,
SDXL_Refine/SDXL_Refine/id_2752/images_2_refine/M1_000/sd2_gene_1_refine.png,EXCLUDED_CORRUPT,
SDXL_Refine/SDXL_Refine/id_2752/images_2_refine/M1_004/sd2_gene_1_refine.png,EXCLUDED_CORRUPT,
SDXL_Refine/SDXL_Refine/id_2752/images_2_refine/M1_009/sd2_gene_1_refine.png,EXCLUDED_CORRUPT,
SDXL_Refine/SDXL_Refine/id_2752/images_2_refine/M1_001/sd2_gene_1_refine.png,EXCLUDED_CORRUPT,
SDXL_Refine/SDXL_Refine/id_2752/images_2_refine/M1_006/sd2_gene_1_refine.png,EXCLUDED_CORRUPT,
SDXL_Refine/SDXL_Refine/id_2752/images_2_refine/M1_007/sd2_gene_1_refine.png,EXCLUDED_CORRUPT,
SDXL_Refine/SDXL_Refine/id_1492/images_3_refine/M1_002/sd2_gene_1_refine.png,EXCLUDED_CORRUPT,
SDXL_Refine/SDXL_Refine/id_1492/images_3_refine/M1_000/sd2_gene_1_refine.png,EXCLUDED_CORRUPT,
SDXL_Refine/SDXL_Refine/id_1492/images_3_refine/M1_003/sd2_gene_1_refine.png,EXCLUDED_CORRUPT,
SDXL_Refine/SDXL_Refine/id_1492/images_3_refine/M1_001/sd2_gene_1_refine.png,EXCLUDED_CORRUPT,
SDXL_Refine/SDXL_Refine/id_1492/images_4_refine/M1_000/sd2_gene_1_refine.png,EXCLUDED_CORRUPT,
SDXL_Refine/SDXL_Refine/id_1492/images_4_refine/M1_003/sd2_gene_1_refine.png,EXCLUDED_CORRUPT,
SDXL_Refine/SDXL_Refine/id_1492/images_4_refine/M1_001/sd2_gene_1_refine.png,EXCLUDED_CORRUPT,
SDXL_Refine/SDXL_Refine/id_1492/images_refine/M1_002/sd2_gene_1_refine.png,EXCLUDED_CORRUPT,
SDXL_Refine/SDXL_Refine/id_1492/images_refine/M1_000/sd2_gene_1_refine.png,EXCLUDED_CORRUPT,
SDXL_Refine/SDXL_Refine/id_1492/images_refine/M1_003/sd2_gene_1_refine.png,EXCLUDED_CORRUPT,
SDXL_Refine/SDXL_Refine/id_1492/images_refine/M1_001/sd2_gene_1_refine.png,EXCLUDED_CORRUPT,
SDXL_Refine/SDXL_Refine/id_1492/images_2_refine/M1_002/sd2_gene_1_refine.png,EXCLUDED_CORRUPT,
SDXL_Refine/SDXL_Refine/id_1492/images_2_refine/M1_000/sd2_gene_1_refine.png,EXCLUDED_CORRUPT,
SDXL_Refine/SDXL_Refine/id_1492/images_2_refine/M1_003/sd2_gene_1_refine.png,EXCLUDED_CORRUPT,
SDXL_Refine/SDXL_Refine/id_1492/images_2_refine/M1_001/sd2_gene_1_refine.png,EXCLUDED_CORRUPT,
SDXL_Refine/SDXL_Refine/id_2352/images_3_refine/M1_002/sd2_gene_1_refine.png,EXCLUDED_CORRUPT,
SDXL_Refine/SDXL_Refine/id_2352/images_3_refine/M1_000/sd2_gene_1_refine.png,EXCLUDED_CORRUPT,
SDXL_Refine/SDXL_Refine/id_2352/images_3_refine/M1_003/sd2_gene_1_refine.png,EXCLUDED_CORRUPT,
SDXL_Refine/SDXL_Refine/id_2352/images_3_refine/M1_001/sd2_gene_1_refine.png,EXCLUDED_CORRUPT,
SDXL_Refine/SDXL_Refine/id_2352/images_4_refine/M1_002/sd2_gene_1_refine.png,EXCLUDED_CORRUPT,
SDXL_Refine/SDXL_Refine/id_2352/images_4_refine/M1_000/sd2_gene_1_refine.png,EXCLUDED_CORRUPT,
SDXL_Refine/SDXL_Refine/id_2352/images_4_refine/M1_003/sd2_gene_1_refine.png,EXCLUDED_CORRUPT,
SDXL_Refine/SDXL_Refine/id_2352/images_4_refine/M1_001/sd2_gene_1_refine.png,EXCLUDED_CORRUPT,
SDXL_Refine/SDXL_Refine/id_2352/images_refine/M1_002/sd2_gene_1_refine.png,EXCLUDED_CORRUPT,
SDXL_Refine/SDXL_Refine/id_2352/images_refine/M1_000/sd2_gene_1_refine.png,EXCLUDED_CORRUPT,
SDXL_Refine/SDXL_Refine/id_2352/images_refine/M1_003/sd2_gene_1_refine.png,EXCLUDED_CORRUPT,
SDXL_Refine/SDXL_Refine/id_2352/images_refine/M1_001/sd2_gene_1_refine.png,EXCLUDED_CORRUPT,
SDXL_Refine/SDXL_Refine/id_2352/images_2_refine/M1_002/sd2_gene_1_refine.png,EXCLUDED_CORRUPT,
SDXL_Refine/SDXL_Refine/id_2352/images_2_refine/M1_000/sd2_gene_1_refine.png,EXCLUDED_CORRUPT,
SDXL_Refine/SDXL_Refine/id_2352/images_2_refine/M1_003/sd2_gene_1_refine.png,EXCLUDED_CORRUPT,
SDXL_Refine/SDXL_Refine/id_2352/images_2_refine/M1_001/sd2_gene_1_refine.png,EXCLUDED_CORRUPT,
SDXL_Refine/SDXL_Refine/id_1577/images_3_refine/M1_002/sd2_gene_1_refine.png,EXCLUDED_CORRUPT,
SDXL_Refine/SDXL_Refine/id_1577/images_3_refine/M1_000/sd2_gene_1_refine.png,EXCLUDED_CORRUPT,
SDXL_Refine/SDXL_Refine/id_1577/images_3_refine/M1_003/sd2_gene_1_refine.png,EXCLUDED_CORRUPT,
SDXL_Refine/SDXL_Refine/id_1577/images_3_refine/M1_001/sd2_gene_1_refine.png,EXCLUDED_CORRUPT,
SDXL_Refine/SDXL_Refine/id_1577/images_4_refine/M1_002/sd2_gene_1_refine.png,EXCLUDED_CORRUPT,
SDXL_Refine/SDXL_Refine/id_1577/images_4_refine/M1_000/sd2_gene_1_refine.png,EXCLUDED_CORRUPT,
SDXL_Refine/SDXL_Refine/id_1577/images_4_refine/M1_003/sd2_gene_1_refine.png,EXCLUDED_CORRUPT,
SDXL_Refine/SDXL_Refine/id_1577/images_4_refine/M1_001/sd2_gene_1_refine.png,EXCLUDED_CORRUPT,
SDXL_Refine/SDXL_Refine/id_1577/images_refine/M1_002/sd2_gene_1_refine.png,EXCLUDED_CORRUPT,
SDXL_Refine/SDXL_Refine/id_1577/images_refine/M1_000/sd2_gene_1_refine.png,EXCLUDED_CORRUPT,
SDXL_Refine/SDXL_Refine/id_1577/images_refine/M1_003/sd2_gene_1_refine.png,EXCLUDED_CORRUPT,
SDXL_Refine/SDXL_Refine/id_1577/images_refine/M1_001/sd2_gene_1_refine.png,EXCLUDED_CORRUPT,
SDXL_Refine/SDXL_Refine/id_1577/images_2_refine/M1_002/sd2_gene_1_refine.png,EXCLUDED_CORRUPT,
SDXL_Refine/SDXL_Refine/id_1577/images_2_refine/M1_000/sd2_gene_1_refine.png,EXCLUDED_CORRUPT,
SDXL_Refine/SDXL_Refine/id_1577/images_2_refine/M1_003/sd2_gene_1_refine.png,EXCLUDED_CORRUPT,
SDXL_Refine/SDXL_Refine/id_1577/images_2_refine/M1_001/sd2_gene_1_refine.png,EXCLUDED_CORRUPT,
SDXL_Refine/SDXL_Refine/id_0232/images_3_refine/M1_002/sd2_gene_1_refine.png,EXCLUDED_CORRUPT,
SDXL_Refine/SDXL_Refine/id_0232/images_3_refine/M1_000/sd2_gene_1_refine.png,EXCLUDED_CORRUPT,
SDXL_Refine/SDXL_Refine/id_0232/images_3_refine/M1_003/sd2_gene_1_refine.png,EXCLUDED_CORRUPT,
SDXL_Refine/SDXL_Refine/id_0232/images_3_refine/M1_001/sd2_gene_1_refine.png,EXCLUDED_CORRUPT,
SDXL_Refine/SDXL_Refine/id_0232/images_4_refine/M1_002/sd2_gene_1_refine.png,EXCLUDED_CORRUPT,
SDXL_Refine/SDXL_Refine/id_0232/images_4_refine/M1_000/sd2_gene_1_refine.png,EXCLUDED_CORRUPT,
SDXL_Refine/SDXL_Refine/id_0232/images_4_refine/M1_003/sd2_gene_1_refine.png,EXCLUDED_CORRUPT,
SDXL_Refine/SDXL_Refine/id_0232/images_4_refine/M1_001/sd2_gene_1_refine.png,EXCLUDED_CORRUPT,
SDXL_Refine/SDXL_Refine/id_0232/images_refine/M1_002/sd2_gene_1_refine.png,EXCLUDED_CORRUPT,
SDXL_Refine/SDXL_Refine/id_0232/images_refine/M1_000/sd2_gene_1_refine.png,EXCLUDED_CORRUPT,
SDXL_Refine/SDXL_Refine/id_0232/images_refine/M1_003/sd2_gene_1_refine.png,EXCLUDED_CORRUPT,
SDXL_Refine/SDXL_Refine/id_0232/images_refine/M1_001/sd2_gene_1_refine.png,EXCLUDED_CORRUPT,
SDXL_Refine/SDXL_Refine/id_0232/images_2_refine/M1_002/sd2_gene_1_refine.png,EXCLUDED_CORRUPT,
SDXL_Refine/SDXL_Refine/id_0232/images_2_refine/M1_000/sd2_gene_1_refine.png,EXCLUDED_CORRUPT,
SDXL_Refine/SDXL_Refine/id_0232/images_2_refine/M1_003/sd2_gene_1_refine.png,EXCLUDED_CORRUPT,
SDXL_Refine/SDXL_Refine/id_0232/images_2_refine/M1_001/sd2_gene_1_refine.png,EXCLUDED_CORRUPT,
SDXL_Refine/SDXL_Refine/id_2366/images_3_refine/M1_017/sd2_gene_1_refine.png,EXCLUDED_CORRUPT,
SDXL_Refine/SDXL_Refine/id_2366/images_3_refine/M1_011/sd2_gene_1_refine.png,EXCLUDED_CORRUPT,
SDXL_Refine/SDXL_Refine/id_2366/images_3_refine/M1_008/sd2_gene_1_refine.png,EXCLUDED_CORRUPT,
SDXL_Refine/SDXL_Refine/id_2366/images_3_refine/M1_005/sd2_gene_1_refine.png,EXCLUDED_CORRUPT,
SDXL_Refine/SDXL_Refine/id_2366/images_3_refine/M1_002/sd2_gene_1_refine.png,EXCLUDED_CORRUPT,
SDXL_Refine/SDXL_Refine/id_2366/images_3_refine/M1_010/sd2_gene_1_refine.png,EXCLUDED_CORRUPT,
SDXL_Refine/SDXL_Refine/id_2366/images_3_refine/M1_000/sd2_gene_1_refine.png,EXCLUDED_CORRUPT,
SDXL_Refine/SDXL_Refine/id_2366/images_3_refine/M1_019/sd2_gene_1_refine.png,EXCLUDED_CORRUPT,
SDXL_Refine/SDXL_Refine/id_2366/images_3_refine/M1_004/sd2_gene_1_refine.png,EXCLUDED_CORRUPT,
SDXL_Refine/SDXL_Refine/id_2366/images_3_refine/M1_018/sd2_gene_1_refine.png,EXCLUDED_CORRUPT,
SDXL_Refine/SDXL_Refine/id_2366/images_3_refine/M1_016/sd2_gene_1_refine.png,EXCLUDED_CORRUPT,
SDXL_Refine/SDXL_Refine/id_2366/images_3_refine/M1_009/sd2_gene_1_refine.png,EXCLUDED_CORRUPT,
SDXL_Refine/SDXL_Refine/id_2366/images_3_refine/M1_015/sd2_gene_1_refine.png,EXCLUDED_CORRUPT,
SDXL_Refine/SDXL_Refine/id_2366/images_3_refine/M1_003/sd2_gene_1_refine.png,EXCLUDED_CORRUPT,
SDXL_Refine/SDXL_Refine/id_2366/images_3_refine/M1_001/sd2_gene_1_refine.png,EXCLUDED_CORRUPT,
SDXL_Refine/SDXL_Refine/id_2366/images_3_refine/M1_014/sd2_gene_1_refine.png,EXCLUDED_CORRUPT,
SDXL_Refine/SDXL_Refine/id_2366/images_3_refine/M1_006/sd2_gene_1_refine.png,EXCLUDED_CORRUPT,
SDXL_Refine/SDXL_Refine/id_2366/images_3_refine/M1_007/sd2_gene_1_refine.png,EXCLUDED_CORRUPT,
SDXL_Refine/SDXL_Refine/id_2366/images_3_refine/M1_012/sd2_gene_1_refine.png,EXCLUDED_CORRUPT,
SDXL_Refine/SDXL_Refine/id_2366/images_3_refine/M1_013/sd2_gene_1_refine.png,EXCLUDED_CORRUPT,
SDXL_Refine/SDXL_Refine/id_2366/images_4_refine/M1_017/sd2_gene_1_refine.png,EXCLUDED_CORRUPT,
SDXL_Refine/SDXL_Refine/id_2366/images_4_refine/M1_011/sd2_gene_1_refine.png,EXCLUDED_CORRUPT,
SDXL_Refine/SDXL_Refine/id_2366/images_4_refine/M1_008/sd2_gene_1_refine.png,EXCLUDED_CORRUPT,
SDXL_Refine/SDXL_Refine/id_2366/images_4_refine/M1_005/sd2_gene_1_refine.png,EXCLUDED_CORRUPT,
SDXL_Refine/SDXL_Refine/id_2366/images_4_refine/M1_002/sd2_gene_1_refine.png,EXCLUDED_CORRUPT,
SDXL_Refine/SDXL_Refine/id_2366/images_4_refine/M1_010/sd2_gene_1_refine.png,EXCLUDED_CORRUPT,
SDXL_Refine/SDXL_Refine/id_2366/images_4_refine/M1_000/sd2_gene_1_refine.png,EXCLUDED_CORRUPT,
SDXL_Refine/SDXL_Refine/id_2366/images_4_refine/M1_019/sd2_gene_1_refine.png,EXCLUDED_CORRUPT,
SDXL_Refine/SDXL_Refine/id_2366/images_4_refine/M1_004/sd2_gene_1_refine.png,EXCLUDED_CORRUPT,
SDXL_Refine/SDXL_Refine/id_2366/images_4_refine/M1_018/sd2_gene_1_refine.png,EXCLUDED_CORRUPT,
SDXL_Refine/SDXL_Refine/id_2366/images_4_refine/M1_016/sd2_gene_1_refine.png,EXCLUDED_CORRUPT,
SDXL_Refine/SDXL_Refine/id_2366/images_4_refine/M1_009/sd2_gene_1_refine.png,EXCLUDED_CORRUPT,
SDXL_Refine/SDXL_Refine/id_2366/images_4_refine/M1_015/sd2_gene_1_refine.png,EXCLUDED_CORRUPT,
SDXL_Refine/SDXL_Refine/id_2366/images_4_refine/M1_003/sd2_gene_1_refine.png,EXCLUDED_CORRUPT,
SDXL_Refine/SDXL_Refine/id_2366/images_4_refine/M1_001/sd2_gene_1_refine.png,EXCLUDED_CORRUPT,
SDXL_Refine/SDXL_Refine/id_2366/images_4_refine/M1_014/sd2_gene_1_refine.png,EXCLUDED_CORRUPT,
SDXL_Refine/SDXL_Refine/id_2366/images_4_refine/M1_006/sd2_gene_1_refine.png,EXCLUDED_CORRUPT,
SDXL_Refine/SDXL_Refine/id_2366/images_4_refine/M1_007/sd2_gene_1_refine.png,EXCLUDED_CORRUPT,
SDXL_Refine/SDXL_Refine/id_2366/images_4_refine/M1_012/sd2_gene_1_refine.png,EXCLUDED_CORRUPT,
SDXL_Refine/SDXL_Refine/id_2366/images_4_refine/M1_013/sd2_gene_1_refine.png,EXCLUDED_CORRUPT,
SDXL_Refine/SDXL_Refine/id_2366/images_refine/M1_017/sd2_gene_1_refine.png,EXCLUDED_CORRUPT,
SDXL_Refine/SDXL_Refine/id_2366/images_refine/M1_011/sd2_gene_1_refine.png,EXCLUDED_CORRUPT,
SDXL_Refine/SDXL_Refine/id_2366/images_refine/M1_008/sd2_gene_1_refine.png,EXCLUDED_CORRUPT,
SDXL_Refine/SDXL_Refine/id_2366/images_refine/M1_005/sd2_gene_1_refine.png,EXCLUDED_CORRUPT,
SDXL_Refine/SDXL_Refine/id_2366/images_refine/M1_010/sd2_gene_1_refine.png,EXCLUDED_CORRUPT,
SDXL_Refine/SDXL_Refine/id_2366/images_refine/M1_000/sd2_gene_1_refine.png,EXCLUDED_CORRUPT,
SDXL_Refine/SDXL_Refine/id_2366/images_refine/M1_019/sd2_gene_1_refine.png,EXCLUDED_CORRUPT,
SDXL_Refine/SDXL_Refine/id_2366/images_refine/M1_004/sd2_gene_1_refine.png,EXCLUDED_CORRUPT,
SDXL_Refine/SDXL_Refine/id_2366/images_refine/M1_018/sd2_gene_1_refine.png,EXCLUDED_CORRUPT,
SDXL_Refine/SDXL_Refine/id_2366/images_refine/M1_016/sd2_gene_1_refine.png,EXCLUDED_CORRUPT,
SDXL_Refine/SDXL_Refine/id_2366/images_refine/M1_009/sd2_gene_1_refine.png,EXCLUDED_CORRUPT,
SDXL_Refine/SDXL_Refine/id_2366/images_refine/M1_015/sd2_gene_1_refine.png,EXCLUDED_CORRUPT,
SDXL_Refine/SDXL_Refine/id_2366/images_refine/M1_003/sd2_gene_1_refine.png,EXCLUDED_CORRUPT,
SDXL_Refine/SDXL_Refine/id_2366/images_refine/M1_001/sd2_gene_1_refine.png,EXCLUDED_CORRUPT,
SDXL_Refine/SDXL_Refine/id_2366/images_refine/M1_014/sd2_gene_1_refine.png,EXCLUDED_CORRUPT,
SDXL_Refine/SDXL_Refine/id_2366/images_refine/M1_006/sd2_gene_1_refine.png,EXCLUDED_CORRUPT,
SDXL_Refine/SDXL_Refine/id_2366/images_refine/M1_007/sd2_gene_1_refine.png,EXCLUDED_CORRUPT,
SDXL_Refine/SDXL_Refine/id_2366/images_refine/M1_012/sd2_gene_1_refine.png,EXCLUDED_CORRUPT,
SDXL_Refine/SDXL_Refine/id_2366/images_refine/M1_013/sd2_gene_1_refine.png,EXCLUDED_CORRUPT,
SDXL_Refine/SDXL_Refine/id_2366/images_2_refine/M1_017/sd2_gene_1_refine.png,EXCLUDED_CORRUPT,
SDXL_Refine/SDXL_Refine/id_2366/images_2_refine/M1_011/sd2_gene_1_refine.png,EXCLUDED_CORRUPT,
SDXL_Refine/SDXL_Refine/id_2366/images_2_refine/M1_008/sd2_gene_1_refine.png,EXCLUDED_CORRUPT,
SDXL_Refine/SDXL_Refine/id_2366/images_2_refine/M1_005/sd2_gene_1_refine.png,EXCLUDED_CORRUPT,
SDXL_Refine/SDXL_Refine/id_2366/images_2_refine/M1_002/sd2_gene_1_refine.png,EXCLUDED_CORRUPT,
SDXL_Refine/SDXL_Refine/id_2366/images_2_refine/M1_010/sd2_gene_1_refine.png,EXCLUDED_CORRUPT,
SDXL_Refine/SDXL_Refine/id_2366/images_2_refine/M1_000/sd2_gene_1_refine.png,EXCLUDED_CORRUPT,
SDXL_Refine/SDXL_Refine/id_2366/images_2_refine/M1_019/sd2_gene_1_refine.png,EXCLUDED_CORRUPT,
SDXL_Refine/SDXL_Refine/id_2366/images_2_refine/M1_004/sd2_gene_1_refine.png,EXCLUDED_CORRUPT,
SDXL_Refine/SDXL_Refine/id_2366/images_2_refine/M1_018/sd2_gene_1_refine.png,EXCLUDED_CORRUPT,
SDXL_Refine/SDXL_Refine/id_2366/images_2_refine/M1_016/sd2_gene_1_refine.png,EXCLUDED_CORRUPT,
SDXL_Refine/SDXL_Refine/id_2366/images_2_refine/M1_009/sd2_gene_1_refine.png,EXCLUDED_CORRUPT,
SDXL_Refine/SDXL_Refine/id_2366/images_2_refine/M1_015/sd2_gene_1_refine.png,EXCLUDED_CORRUPT,
SDXL_Refine/SDXL_Refine/id_2366/images_2_refine/M1_003/sd2_gene_1_refine.png,EXCLUDED_CORRUPT,
SDXL_Refine/SDXL_Refine/id_2366/images_2_refine/M1_001/sd2_gene_1_refine.png,EXCLUDED_CORRUPT,
SDXL_Refine/SDXL_Refine/id_2366/images_2_refine/M1_014/sd2_gene_1_refine.png,EXCLUDED_CORRUPT,
SDXL_Refine/SDXL_Refine/id_2366/images_2_refine/M1_006/sd2_gene_1_refine.png,EXCLUDED_CORRUPT,
SDXL_Refine/SDXL_Refine/id_2366/images_2_refine/M1_007/sd2_gene_1_refine.png,EXCLUDED_CORRUPT,
SDXL_Refine/SDXL_Refine/id_2366/images_2_refine/M1_012/sd2_gene_1_refine.png,EXCLUDED_CORRUPT,
SDXL_Refine/SDXL_Refine/id_2366/images_2_refine/M1_013/sd2_gene_1_refine.png,EXCLUDED_CORRUPT,
SDXL_Refine/SDXL_Refine/id_1344/images_3_refine/M1_000/sd2_gene_1_refine.png,EXCLUDED_CORRUPT,
SDXL_Refine/SDXL_Refine/id_1344/images_3_refine/M1_003/sd2_gene_1_refine.png,EXCLUDED_CORRUPT,
SDXL_Refine/SDXL_Refine/id_1344/images_3_refine/M1_001/sd2_gene_1_refine.png,EXCLUDED_CORRUPT,
SDXL_Refine/SDXL_Refine/id_1344/images_4_refine/M1_002/sd2_gene_1_refine.png,EXCLUDED_CORRUPT,
SDXL_Refine/SDXL_Refine/id_1344/images_4_refine/M1_000/sd2_gene_1_refine.png,EXCLUDED_CORRUPT,
SDXL_Refine/SDXL_Refine/id_1344/images_4_refine/M1_003/sd2_gene_1_refine.png,EXCLUDED_CORRUPT,
SDXL_Refine/SDXL_Refine/id_1344/images_4_refine/M1_001/sd2_gene_1_refine.png,EXCLUDED_CORRUPT,
SDXL_Refine/SDXL_Refine/id_1344/images_refine/M1_000/sd2_gene_1_refine.png,EXCLUDED_CORRUPT,
SDXL_Refine/SDXL_Refine/id_1344/images_refine/M1_003/sd2_gene_1_refine.png,EXCLUDED_CORRUPT,
SDXL_Refine/SDXL_Refine/id_1344/images_refine/M1_001/sd2_gene_1_refine.png,EXCLUDED_CORRUPT,
SDXL_Refine/SDXL_Refine/id_1344/images_2_refine/M1_000/sd2_gene_1_refine.png,EXCLUDED_CORRUPT,
SDXL_Refine/SDXL_Refine/id_1344/images_2_refine/M1_003/sd2_gene_1_refine.png,EXCLUDED_CORRUPT,
SDXL_Refine/SDXL_Refine/id_1344/images_2_refine/M1_001/sd2_gene_1_refine.png,EXCLUDED_CORRUPT,
SDXL_Refine/SDXL_Refine/id_1887/images_3_refine/M1_025/sd2_gene_1_refine.png,EXCLUDED_CORRUPT,
SDXL_Refine/SDXL_Refine/id_1887/images_3_refine/M1_017/sd2_gene_1_refine.png,EXCLUDED_CORRUPT,
SDXL_Refine/SDXL_Refine/id_1887/images_3_refine/M1_011/sd2_gene_1_refine.png,EXCLUDED_CORRUPT,
SDXL_Refine/SDXL_Refine/id_1887/images_3_refine/M1_008/sd2_gene_1_refine.png,EXCLUDED_CORRUPT,
SDXL_Refine/SDXL_Refine/id_1887/images_3_refine/M1_005/sd2_gene_1_refine.png,EXCLUDED_CORRUPT,
SDXL_Refine/SDXL_Refine/id_1887/images_3_refine/M1_002/sd2_gene_1_refine.png,EXCLUDED_CORRUPT,
SDXL_Refine/SDXL_Refine/id_1887/images_3_refine/M1_010/sd2_gene_1_refine.png,EXCLUDED_CORRUPT,
SDXL_Refine/SDXL_Refine/id_1887/images_3_refine/M1_027/sd2_gene_1_refine.png,EXCLUDED_CORRUPT,
SDXL_Refine/SDXL_Refine/id_1887/images_3_refine/M1_026/sd2_gene_1_refine.png,EXCLUDED_CORRUPT,
SDXL_Refine/SDXL_Refine/id_1887/images_3_refine/M1_023/sd2_gene_1_refine.png,EXCLUDED_CORRUPT,
SDXL_Refine/SDXL_Refine/id_1887/images_3_refine/M1_000/sd2_gene_1_refine.png,EXCLUDED_CORRUPT,
SDXL_Refine/SDXL_Refine/id_1887/images_3_refine/M1_019/sd2_gene_1_refine.png,EXCLUDED_CORRUPT,
SDXL_Refine/SDXL_Refine/id_1887/images_3_refine/M1_004/sd2_gene_1_refine.png,EXCLUDED_CORRUPT,
SDXL_Refine/SDXL_Refine/id_1887/images_3_refine/M1_018/sd2_gene_1_refine.png,EXCLUDED_CORRUPT,
SDXL_Refine/SDXL_Refine/id_1887/images_3_refine/M1_016/sd2_gene_1_refine.png,EXCLUDED_CORRUPT,
SDXL_Refine/SDXL_Refine/id_1887/images_3_refine/M1_009/sd2_gene_1_refine.png,EXCLUDED_CORRUPT,
SDXL_Refine/SDXL_Refine/id_1887/images_3_refine/M1_022/sd2_gene_1_refine.png,EXCLUDED_CORRUPT,
SDXL_Refine/SDXL_Refine/id_1887/images_3_refine/M1_015/sd2_gene_1_refine.png,EXCLUDED_CORRUPT,
SDXL_Refine/SDXL_Refine/id_1887/images_3_refine/M1_024/sd2_gene_1_refine.png,EXCLUDED_CORRUPT,
SDXL_Refine/SDXL_Refine/id_1887/images_3_refine/M1_021/sd2_gene_1_refine.png,EXCLUDED_CORRUPT,
SDXL_Refine/SDXL_Refine/id_1887/images_3_refine/M1_003/sd2_gene_1_refine.png,EXCLUDED_CORRUPT,
SDXL_Refine/SDXL_Refine/id_1887/images_3_refine/M1_001/sd2_gene_1_refine.png,EXCLUDED_CORRUPT,
SDXL_Refine/SDXL_Refine/id_1887/images_3_refine/M1_020/sd2_gene_1_refine.png,EXCLUDED_CORRUPT,
SDXL_Refine/SDXL_Refine/id_1887/images_3_refine/M1_014/sd2_gene_1_refine.png,EXCLUDED_CORRUPT,
SDXL_Refine/SDXL_Refine/id_1887/images_3_refine/M1_006/sd2_gene_1_refine.png,EXCLUDED_CORRUPT,
SDXL_Refine/SDXL_Refine/id_1887/images_3_refine/M1_007/sd2_gene_1_refine.png,EXCLUDED_CORRUPT,
SDXL_Refine/SDXL_Refine/id_1887/images_3_refine/M1_012/sd2_gene_1_refine.png,EXCLUDED_CORRUPT,
SDXL_Refine/SDXL_Refine/id_1887/images_3_refine/M1_013/sd2_gene_1_refine.png,EXCLUDED_CORRUPT,
SDXL_Refine/SDXL_Refine/id_1887/images_4_refine/M1_025/sd2_gene_1_refine.png,EXCLUDED_CORRUPT,
SDXL_Refine/SDXL_Refine/id_1887/images_4_refine/M1_017/sd2_gene_1_refine.png,EXCLUDED_CORRUPT,
SDXL_Refine/SDXL_Refine/id_1887/images_4_refine/M1_011/sd2_gene_1_refine.png,EXCLUDED_CORRUPT,
SDXL_Refine/SDXL_Refine/id_1887/images_4_refine/M1_008/sd2_gene_1_refine.png,EXCLUDED_CORRUPT,
SDXL_Refine/SDXL_Refine/id_1887/images_4_refine/M1_005/sd2_gene_1_refine.png,EXCLUDED_CORRUPT,
SDXL_Refine/SDXL_Refine/id_1887/images_4_refine/M1_002/sd2_gene_1_refine.png,EXCLUDED_CORRUPT,
SDXL_Refine/SDXL_Refine/id_1887/images_4_refine/M1_010/sd2_gene_1_refine.png,EXCLUDED_CORRUPT,
SDXL_Refine/SDXL_Refine/id_1887/images_4_refine/M1_027/sd2_gene_1_refine.png,EXCLUDED_CORRUPT,
SDXL_Refine/SDXL_Refine/id_1887/images_4_refine/M1_026/sd2_gene_1_refine.png,EXCLUDED_CORRUPT,
SDXL_Refine/SDXL_Refine/id_1887/images_4_refine/M1_023/sd2_gene_1_refine.png,EXCLUDED_CORRUPT,
SDXL_Refine/SDXL_Refine/id_1887/images_4_refine/M1_000/sd2_gene_1_refine.png,EXCLUDED_CORRUPT,
SDXL_Refine/SDXL_Refine/id_1887/images_4_refine/M1_019/sd2_gene_1_refine.png,EXCLUDED_CORRUPT,
SDXL_Refine/SDXL_Refine/id_1887/images_4_refine/M1_004/sd2_gene_1_refine.png,EXCLUDED_CORRUPT,
SDXL_Refine/SDXL_Refine/id_1887/images_4_refine/M1_018/sd2_gene_1_refine.png,EXCLUDED_CORRUPT,
SDXL_Refine/SDXL_Refine/id_1887/images_4_refine/M1_016/sd2_gene_1_refine.png,EXCLUDED_CORRUPT,
SDXL_Refine/SDXL_Refine/id_1887/images_4_refine/M1_009/sd2_gene_1_refine.png,EXCLUDED_CORRUPT,
SDXL_Refine/SDXL_Refine/id_1887/images_4_refine/M1_022/sd2_gene_1_refine.png,EXCLUDED_CORRUPT,
SDXL_Refine/SDXL_Refine/id_1887/images_4_refine/M1_015/sd2_gene_1_refine.png,EXCLUDED_CORRUPT,
SDXL_Refine/SDXL_Refine/id_1887/images_4_refine/M1_024/sd2_gene_1_refine.png,EXCLUDED_CORRUPT,
SDXL_Refine/SDXL_Refine/id_1887/images_4_refine/M1_021/sd2_gene_1_refine.png,EXCLUDED_CORRUPT,
SDXL_Refine/SDXL_Refine/id_1887/images_4_refine/M1_003/sd2_gene_1_refine.png,EXCLUDED_CORRUPT,
SDXL_Refine/SDXL_Refine/id_1887/images_4_refine/M1_001/sd2_gene_1_refine.png,EXCLUDED_CORRUPT,
SDXL_Refine/SDXL_Refine/id_1887/images_4_refine/M1_020/sd2_gene_1_refine.png,EXCLUDED_CORRUPT,
SDXL_Refine/SDXL_Refine/id_1887/images_4_refine/M1_014/sd2_gene_1_refine.png,EXCLUDED_CORRUPT,
SDXL_Refine/SDXL_Refine/id_1887/images_4_refine/M1_006/sd2_gene_1_refine.png,EXCLUDED_CORRUPT,
SDXL_Refine/SDXL_Refine/id_1887/images_4_refine/M1_007/sd2_gene_1_refine.png,EXCLUDED_CORRUPT,
SDXL_Refine/SDXL_Refine/id_1887/images_4_refine/M1_012/sd2_gene_1_refine.png,EXCLUDED_CORRUPT,
SDXL_Refine/SDXL_Refine/id_1887/images_4_refine/M1_013/sd2_gene_1_refine.png,EXCLUDED_CORRUPT,
SDXL_Refine/SDXL_Refine/id_1887/images_refine/M1_025/sd2_gene_1_refine.png,EXCLUDED_CORRUPT,
SDXL_Refine/SDXL_Refine/id_1887/images_refine/M1_017/sd2_gene_1_refine.png,EXCLUDED_CORRUPT,
SDXL_Refine/SDXL_Refine/id_1887/images_refine/M1_011/sd2_gene_1_refine.png,EXCLUDED_CORRUPT,
SDXL_Refine/SDXL_Refine/id_1887/images_refine/M1_008/sd2_gene_1_refine.png,EXCLUDED_CORRUPT,
SDXL_Refine/SDXL_Refine/id_1887/images_refine/M1_005/sd2_gene_1_refine.png,EXCLUDED_CORRUPT,
SDXL_Refine/SDXL_Refine/id_1887/images_refine/M1_002/sd2_gene_1_refine.png,EXCLUDED_CORRUPT,
SDXL_Refine/SDXL_Refine/id_1887/images_refine/M1_010/sd2_gene_1_refine.png,EXCLUDED_CORRUPT,
SDXL_Refine/SDXL_Refine/id_1887/images_refine/M1_027/sd2_gene_1_refine.png,EXCLUDED_CORRUPT,
SDXL_Refine/SDXL_Refine/id_1887/images_refine/M1_026/sd2_gene_1_refine.png,EXCLUDED_CORRUPT,
SDXL_Refine/SDXL_Refine/id_1887/images_refine/M1_000/sd2_gene_1_refine.png,EXCLUDED_CORRUPT,
SDXL_Refine/SDXL_Refine/id_1887/images_refine/M1_019/sd2_gene_1_refine.png,EXCLUDED_CORRUPT,
SDXL_Refine/SDXL_Refine/id_1887/images_refine/M1_004/sd2_gene_1_refine.png,EXCLUDED_CORRUPT,
SDXL_Refine/SDXL_Refine/id_1887/images_refine/M1_018/sd2_gene_1_refine.png,EXCLUDED_CORRUPT,
SDXL_Refine/SDXL_Refine/id_1887/images_refine/M1_016/sd2_gene_1_refine.png,EXCLUDED_CORRUPT,
SDXL_Refine/SDXL_Refine/id_1887/images_refine/M1_009/sd2_gene_1_refine.png,EXCLUDED_CORRUPT,
SDXL_Refine/SDXL_Refine/id_1887/images_refine/M1_022/sd2_gene_1_refine.png,EXCLUDED_CORRUPT,
SDXL_Refine/SDXL_Refine/id_1887/images_refine/M1_015/sd2_gene_1_refine.png,EXCLUDED_CORRUPT,
SDXL_Refine/SDXL_Refine/id_1887/images_refine/M1_024/sd2_gene_1_refine.png,EXCLUDED_CORRUPT,
SDXL_Refine/SDXL_Refine/id_1887/images_refine/M1_003/sd2_gene_1_refine.png,EXCLUDED_CORRUPT,
SDXL_Refine/SDXL_Refine/id_1887/images_refine/M1_001/sd2_gene_1_refine.png,EXCLUDED_CORRUPT,
SDXL_Refine/SDXL_Refine/id_1887/images_refine/M1_020/sd2_gene_1_refine.png,EXCLUDED_CORRUPT,
SDXL_Refine/SDXL_Refine/id_1887/images_refine/M1_014/sd2_gene_1_refine.png,EXCLUDED_CORRUPT,
SDXL_Refine/SDXL_Refine/id_1887/images_refine/M1_006/sd2_gene_1_refine.png,EXCLUDED_CORRUPT,
SDXL_Refine/SDXL_Refine/id_1887/images_refine/M1_007/sd2_gene_1_refine.png,EXCLUDED_CORRUPT,
SDXL_Refine/SDXL_Refine/id_1887/images_refine/M1_012/sd2_gene_1_refine.png,EXCLUDED_CORRUPT,
SDXL_Refine/SDXL_Refine/id_1887/images_refine/M1_013/sd2_gene_1_refine.png,EXCLUDED_CORRUPT,
SDXL_Refine/SDXL_Refine/id_1887/images_2_refine/M1_025/sd2_gene_1_refine.png,EXCLUDED_CORRUPT,
SDXL_Refine/SDXL_Refine/id_1887/images_2_refine/M1_017/sd2_gene_1_refine.png,EXCLUDED_CORRUPT,
SDXL_Refine/SDXL_Refine/id_1887/images_2_refine/M1_011/sd2_gene_1_refine.png,EXCLUDED_CORRUPT,
SDXL_Refine/SDXL_Refine/id_1887/images_2_refine/M1_008/sd2_gene_1_refine.png,EXCLUDED_CORRUPT,
SDXL_Refine/SDXL_Refine/id_1887/images_2_refine/M1_005/sd2_gene_1_refine.png,EXCLUDED_CORRUPT,
SDXL_Refine/SDXL_Refine/id_1887/images_2_refine/M1_002/sd2_gene_1_refine.png,EXCLUDED_CORRUPT,
SDXL_Refine/SDXL_Refine/id_1887/images_2_refine/M1_010/sd2_gene_1_refine.png,EXCLUDED_CORRUPT,
SDXL_Refine/SDXL_Refine/id_1887/images_2_refine/M1_027/sd2_gene_1_refine.png,EXCLUDED_CORRUPT,
SDXL_Refine/SDXL_Refine/id_1887/images_2_refine/M1_026/sd2_gene_1_refine.png,EXCLUDED_CORRUPT,
SDXL_Refine/SDXL_Refine/id_1887/images_2_refine/M1_000/sd2_gene_1_refine.png,EXCLUDED_CORRUPT,
SDXL_Refine/SDXL_Refine/id_1887/images_2_refine/M1_019/sd2_gene_1_refine.png,EXCLUDED_CORRUPT,
SDXL_Refine/SDXL_Refine/id_1887/images_2_refine/M1_004/sd2_gene_1_refine.png,EXCLUDED_CORRUPT,
SDXL_Refine/SDXL_Refine/id_1887/images_2_refine/M1_018/sd2_gene_1_refine.png,EXCLUDED_CORRUPT,
SDXL_Refine/SDXL_Refine/id_1887/images_2_refine/M1_016/sd2_gene_1_refine.png,EXCLUDED_CORRUPT,
SDXL_Refine/SDXL_Refine/id_1887/images_2_refine/M1_009/sd2_gene_1_refine.png,EXCLUDED_CORRUPT,
SDXL_Refine/SDXL_Refine/id_1887/images_2_refine/M1_022/sd2_gene_1_refine.png,EXCLUDED_CORRUPT,
SDXL_Refine/SDXL_Refine/id_1887/images_2_refine/M1_015/sd2_gene_1_refine.png,EXCLUDED_CORRUPT,
SDXL_Refine/SDXL_Refine/id_1887/images_2_refine/M1_024/sd2_gene_1_refine.png,EXCLUDED_CORRUPT,
SDXL_Refine/SDXL_Refine/id_1887/images_2_refine/M1_021/sd2_gene_1_refine.png,EXCLUDED_CORRUPT,
SDXL_Refine/SDXL_Refine/id_1887/images_2_refine/M1_003/sd2_gene_1_refine.png,EXCLUDED_CORRUPT,
SDXL_Refine/SDXL_Refine/id_1887/images_2_refine/M1_001/sd2_gene_1_refine.png,EXCLUDED_CORRUPT,
SDXL_Refine/SDXL_Refine/id_1887/images_2_refine/M1_020/sd2_gene_1_refine.png,EXCLUDED_CORRUPT,
SDXL_Refine/SDXL_Refine/id_1887/images_2_refine/M1_014/sd2_gene_1_refine.png,EXCLUDED_CORRUPT,
SDXL_Refine/SDXL_Refine/id_1887/images_2_refine/M1_006/sd2_gene_1_refine.png,EXCLUDED_CORRUPT,
SDXL_Refine/SDXL_Refine/id_1887/images_2_refine/M1_007/sd2_gene_1_refine.png,EXCLUDED_CORRUPT,
SDXL_Refine/SDXL_Refine/id_1887/images_2_refine/M1_012/sd2_gene_1_refine.png,EXCLUDED_CORRUPT,
SDXL_Refine/SDXL_Refine/id_1887/images_2_refine/M1_013/sd2_gene_1_refine.png,EXCLUDED_CORRUPT,
SDXL_Refine/SDXL_Refine/id_2310/images_3_refine/M1_017/sd2_gene_1_refine.png,EXCLUDED_CORRUPT,
SDXL_Refine/SDXL_Refine/id_2310/images_3_refine/M1_011/sd2_gene_1_refine.png,EXCLUDED_CORRUPT,
SDXL_Refine/SDXL_Refine/id_2310/images_3_refine/M1_008/sd2_gene_1_refine.png,EXCLUDED_CORRUPT,
SDXL_Refine/SDXL_Refine/id_2310/images_3_refine/M1_005/sd2_gene_1_refine.png,EXCLUDED_CORRUPT,
SDXL_Refine/SDXL_Refine/id_2310/images_3_refine/M1_002/sd2_gene_1_refine.png,EXCLUDED_CORRUPT,
SDXL_Refine/SDXL_Refine/id_2310/images_3_refine/M1_010/sd2_gene_1_refine.png,EXCLUDED_CORRUPT,
SDXL_Refine/SDXL_Refine/id_2310/images_3_refine/M1_023/sd2_gene_1_refine.png,EXCLUDED_CORRUPT,
SDXL_Refine/SDXL_Refine/id_2310/images_3_refine/M1_000/sd2_gene_1_refine.png,EXCLUDED_CORRUPT,
SDXL_Refine/SDXL_Refine/id_2310/images_3_refine/M1_019/sd2_gene_1_refine.png,EXCLUDED_CORRUPT,
SDXL_Refine/SDXL_Refine/id_2310/images_3_refine/M1_004/sd2_gene_1_refine.png,EXCLUDED_CORRUPT,
SDXL_Refine/SDXL_Refine/id_2310/images_3_refine/M1_018/sd2_gene_1_refine.png,EXCLUDED_CORRUPT,
SDXL_Refine/SDXL_Refine/id_2310/images_3_refine/M1_016/sd2_gene_1_refine.png,EXCLUDED_CORRUPT,
SDXL_Refine/SDXL_Refine/id_2310/images_3_refine/M1_009/sd2_gene_1_refine.png,EXCLUDED_CORRUPT,
SDXL_Refine/SDXL_Refine/id_2310/images_3_refine/M1_022/sd2_gene_1_refine.png,EXCLUDED_CORRUPT,
SDXL_Refine/SDXL_Refine/id_2310/images_3_refine/M1_015/sd2_gene_1_refine.png,EXCLUDED_CORRUPT,
SDXL_Refine/SDXL_Refine/id_2310/images_3_refine/M1_021/sd2_gene_1_refine.png,EXCLUDED_CORRUPT,
SDXL_Refine/SDXL_Refine/id_2310/images_3_refine/M1_003/sd2_gene_1_refine.png,EXCLUDED_CORRUPT,
SDXL_Refine/SDXL_Refine/id_2310/images_3_refine/M1_001/sd2_gene_1_refine.png,EXCLUDED_CORRUPT,
SDXL_Refine/SDXL_Refine/id_2310/images_3_refine/M1_020/sd2_gene_1_refine.png,EXCLUDED_CORRUPT,
SDXL_Refine/SDXL_Refine/id_2310/images_3_refine/M1_014/sd2_gene_1_refine.png,EXCLUDED_CORRUPT,
SDXL_Refine/SDXL_Refine/id_2310/images_3_refine/M1_006/sd2_gene_1_refine.png,EXCLUDED_CORRUPT,
SDXL_Refine/SDXL_Refine/id_2310/images_3_refine/M1_007/sd2_gene_1_refine.png,EXCLUDED_CORRUPT,
SDXL_Refine/SDXL_Refine/id_2310/images_3_refine/M1_012/sd2_gene_1_refine.png,EXCLUDED_CORRUPT,
SDXL_Refine/SDXL_Refine/id_2310/images_3_refine/M1_013/sd2_gene_1_refine.png,EXCLUDED_CORRUPT,
SDXL_Refine/SDXL_Refine/id_2310/images_4_refine/M1_017/sd2_gene_1_refine.png,EXCLUDED_CORRUPT,
SDXL_Refine/SDXL_Refine/id_2310/images_4_refine/M1_011/sd2_gene_1_refine.png,EXCLUDED_CORRUPT,
SDXL_Refine/SDXL_Refine/id_2310/images_4_refine/M1_008/sd2_gene_1_refine.png,EXCLUDED_CORRUPT,
SDXL_Refine/SDXL_Refine/id_2310/images_4_refine/M1_005/sd2_gene_1_refine.png,EXCLUDED_CORRUPT,
SDXL_Refine/SDXL_Refine/id_2310/images_4_refine/M1_002/sd2_gene_1_refine.png,EXCLUDED_CORRUPT,
SDXL_Refine/SDXL_Refine/id_2310/images_4_refine/M1_010/sd2_gene_1_refine.png,EXCLUDED_CORRUPT,
SDXL_Refine/SDXL_Refine/id_2310/images_4_refine/M1_023/sd2_gene_1_refine.png,EXCLUDED_CORRUPT,
SDXL_Refine/SDXL_Refine/id_2310/images_4_refine/M1_000/sd2_gene_1_refine.png,EXCLUDED_CORRUPT,
SDXL_Refine/SDXL_Refine/id_2310/images_4_refine/M1_019/sd2_gene_1_refine.png,EXCLUDED_CORRUPT,
SDXL_Refine/SDXL_Refine/id_2310/images_4_refine/M1_004/sd2_gene_1_refine.png,EXCLUDED_CORRUPT,
SDXL_Refine/SDXL_Refine/id_2310/images_4_refine/M1_018/sd2_gene_1_refine.png,EXCLUDED_CORRUPT,
SDXL_Refine/SDXL_Refine/id_2310/images_4_refine/M1_016/sd2_gene_1_refine.png,EXCLUDED_CORRUPT,
SDXL_Refine/SDXL_Refine/id_2310/images_4_refine/M1_009/sd2_gene_1_refine.png,EXCLUDED_CORRUPT,
SDXL_Refine/SDXL_Refine/id_2310/images_4_refine/M1_022/sd2_gene_1_refine.png,EXCLUDED_CORRUPT,
SDXL_Refine/SDXL_Refine/id_2310/images_4_refine/M1_015/sd2_gene_1_refine.png,EXCLUDED_CORRUPT,
SDXL_Refine/SDXL_Refine/id_2310/images_4_refine/M1_021/sd2_gene_1_refine.png,EXCLUDED_CORRUPT,
SDXL_Refine/SDXL_Refine/id_2310/images_4_refine/M1_003/sd2_gene_1_refine.png,EXCLUDED_CORRUPT,
SDXL_Refine/SDXL_Refine/id_2310/images_4_refine/M1_001/sd2_gene_1_refine.png,EXCLUDED_CORRUPT,
SDXL_Refine/SDXL_Refine/id_2310/images_4_refine/M1_020/sd2_gene_1_refine.png,EXCLUDED_CORRUPT,
SDXL_Refine/SDXL_Refine/id_2310/images_4_refine/M1_014/sd2_gene_1_refine.png,EXCLUDED_CORRUPT,
SDXL_Refine/SDXL_Refine/id_2310/images_4_refine/M1_006/sd2_gene_1_refine.png,EXCLUDED_CORRUPT,
SDXL_Refine/SDXL_Refine/id_2310/images_4_refine/M1_007/sd2_gene_1_refine.png,EXCLUDED_CORRUPT,
SDXL_Refine/SDXL_Refine/id_2310/images_4_refine/M1_012/sd2_gene_1_refine.png,EXCLUDED_CORRUPT,
SDXL_Refine/SDXL_Refine/id_2310/images_4_refine/M1_013/sd2_gene_1_refine.png,EXCLUDED_CORRUPT,
SDXL_Refine/SDXL_Refine/id_2310/images_refine/M1_017/sd2_gene_1_refine.png,EXCLUDED_CORRUPT,
SDXL_Refine/SDXL_Refine/id_2310/images_refine/M1_011/sd2_gene_1_refine.png,EXCLUDED_CORRUPT,
SDXL_Refine/SDXL_Refine/id_2310/images_refine/M1_008/sd2_gene_1_refine.png,EXCLUDED_CORRUPT,
SDXL_Refine/SDXL_Refine/id_2310/images_refine/M1_005/sd2_gene_1_refine.png,EXCLUDED_CORRUPT,
SDXL_Refine/SDXL_Refine/id_2310/images_refine/M1_002/sd2_gene_1_refine.png,EXCLUDED_CORRUPT,
SDXL_Refine/SDXL_Refine/id_2310/images_refine/M1_010/sd2_gene_1_refine.png,EXCLUDED_CORRUPT,
SDXL_Refine/SDXL_Refine/id_2310/images_refine/M1_023/sd2_gene_1_refine.png,EXCLUDED_CORRUPT,
SDXL_Refine/SDXL_Refine/id_2310/images_refine/M1_000/sd2_gene_1_refine.png,EXCLUDED_CORRUPT,
SDXL_Refine/SDXL_Refine/id_2310/images_refine/M1_019/sd2_gene_1_refine.png,EXCLUDED_CORRUPT,
SDXL_Refine/SDXL_Refine/id_2310/images_refine/M1_004/sd2_gene_1_refine.png,EXCLUDED_CORRUPT,
SDXL_Refine/SDXL_Refine/id_2310/images_refine/M1_018/sd2_gene_1_refine.png,EXCLUDED_CORRUPT,
SDXL_Refine/SDXL_Refine/id_2310/images_refine/M1_016/sd2_gene_1_refine.png,EXCLUDED_CORRUPT,
SDXL_Refine/SDXL_Refine/id_2310/images_refine/M1_009/sd2_gene_1_refine.png,EXCLUDED_CORRUPT,
SDXL_Refine/SDXL_Refine/id_2310/images_refine/M1_022/sd2_gene_1_refine.png,EXCLUDED_CORRUPT,
SDXL_Refine/SDXL_Refine/id_2310/images_refine/M1_015/sd2_gene_1_refine.png,EXCLUDED_CORRUPT,
SDXL_Refine/SDXL_Refine/id_2310/images_refine/M1_021/sd2_gene_1_refine.png,EXCLUDED_CORRUPT,
SDXL_Refine/SDXL_Refine/id_2310/images_refine/M1_003/sd2_gene_1_refine.png,EXCLUDED_CORRUPT,
SDXL_Refine/SDXL_Refine/id_2310/images_refine/M1_001/sd2_gene_1_refine.png,EXCLUDED_CORRUPT,
SDXL_Refine/SDXL_Refine/id_2310/images_refine/M1_020/sd2_gene_1_refine.png,EXCLUDED_CORRUPT,
SDXL_Refine/SDXL_Refine/id_2310/images_refine/M1_014/sd2_gene_1_refine.png,EXCLUDED_CORRUPT,
SDXL_Refine/SDXL_Refine/id_2310/images_refine/M1_006/sd2_gene_1_refine.png,EXCLUDED_CORRUPT,
SDXL_Refine/SDXL_Refine/id_2310/images_refine/M1_007/sd2_gene_1_refine.png,EXCLUDED_CORRUPT,
SDXL_Refine/SDXL_Refine/id_2310/images_refine/M1_012/sd2_gene_1_refine.png,EXCLUDED_CORRUPT,
SDXL_Refine/SDXL_Refine/id_2310/images_refine/M1_013/sd2_gene_1_refine.png,EXCLUDED_CORRUPT,
SDXL_Refine/SDXL_Refine/id_2310/images_2_refine/M1_017/sd2_gene_1_refine.png,EXCLUDED_CORRUPT,
SDXL_Refine/SDXL_Refine/id_2310/images_2_refine/M1_011/sd2_gene_1_refine.png,EXCLUDED_CORRUPT,
SDXL_Refine/SDXL_Refine/id_2310/images_2_refine/M1_008/sd2_gene_1_refine.png,EXCLUDED_CORRUPT,
SDXL_Refine/SDXL_Refine/id_2310/images_2_refine/M1_005/sd2_gene_1_refine.png,EXCLUDED_CORRUPT,
SDXL_Refine/SDXL_Refine/id_2310/images_2_refine/M1_002/sd2_gene_1_refine.png,EXCLUDED_CORRUPT,
SDXL_Refine/SDXL_Refine/id_2310/images_2_refine/M1_010/sd2_gene_1_refine.png,EXCLUDED_CORRUPT,
SDXL_Refine/SDXL_Refine/id_2310/images_2_refine/M1_023/sd2_gene_1_refine.png,EXCLUDED_CORRUPT,
SDXL_Refine/SDXL_Refine/id_2310/images_2_refine/M1_000/sd2_gene_1_refine.png,EXCLUDED_CORRUPT,
SDXL_Refine/SDXL_Refine/id_2310/images_2_refine/M1_019/sd2_gene_1_refine.png,EXCLUDED_CORRUPT,
SDXL_Refine/SDXL_Refine/id_2310/images_2_refine/M1_004/sd2_gene_1_refine.png,EXCLUDED_CORRUPT,
SDXL_Refine/SDXL_Refine/id_2310/images_2_refine/M1_018/sd2_gene_1_refine.png,EXCLUDED_CORRUPT,
SDXL_Refine/SDXL_Refine/id_2310/images_2_refine/M1_016/sd2_gene_1_refine.png,EXCLUDED_CORRUPT,
SDXL_Refine/SDXL_Refine/id_2310/images_2_refine/M1_009/sd2_gene_1_refine.png,EXCLUDED_CORRUPT,
SDXL_Refine/SDXL_Refine/id_2310/images_2_refine/M1_022/sd2_gene_1_refine.png,EXCLUDED_CORRUPT,
SDXL_Refine/SDXL_Refine/id_2310/images_2_refine/M1_015/sd2_gene_1_refine.png,EXCLUDED_CORRUPT,
SDXL_Refine/SDXL_Refine/id_2310/images_2_refine/M1_021/sd2_gene_1_refine.png,EXCLUDED_CORRUPT,
SDXL_Refine/SDXL_Refine/id_2310/images_2_refine/M1_003/sd2_gene_1_refine.png,EXCLUDED_CORRUPT,
SDXL_Refine/SDXL_Refine/id_2310/images_2_refine/M1_001/sd2_gene_1_refine.png,EXCLUDED_CORRUPT,
SDXL_Refine/SDXL_Refine/id_2310/images_2_refine/M1_020/sd2_gene_1_refine.png,EXCLUDED_CORRUPT,
SDXL_Refine/SDXL_Refine/id_2310/images_2_refine/M1_014/sd2_gene_1_refine.png,EXCLUDED_CORRUPT,
SDXL_Refine/SDXL_Refine/id_2310/images_2_refine/M1_006/sd2_gene_1_refine.png,EXCLUDED_CORRUPT,
SDXL_Refine/SDXL_Refine/id_2310/images_2_refine/M1_007/sd2_gene_1_refine.png,EXCLUDED_CORRUPT,
SDXL_Refine/SDXL_Refine/id_2310/images_2_refine/M1_012/sd2_gene_1_refine.png,EXCLUDED_CORRUPT,
SDXL_Refine/SDXL_Refine/id_2310/images_2_refine/M1_013/sd2_gene_1_refine.png,EXCLUDED_CORRUPT,
SDXL_Refine/SDXL_Refine/id_2508/images_3_refine/M1_002/sd2_gene_1_refine.png,EXCLUDED_CORRUPT,
SDXL_Refine/SDXL_Refine/id_2508/images_3_refine/M1_000/sd2_gene_1_refine.png,EXCLUDED_CORRUPT,
SDXL_Refine/SDXL_Refine/id_2508/images_3_refine/M1_003/sd2_gene_1_refine.png,EXCLUDED_CORRUPT,
SDXL_Refine/SDXL_Refine/id_2508/images_3_refine/M1_001/sd2_gene_1_refine.png,EXCLUDED_CORRUPT,
SDXL_Refine/SDXL_Refine/id_2508/images_4_refine/M1_002/sd2_gene_1_refine.png,EXCLUDED_CORRUPT,
SDXL_Refine/SDXL_Refine/id_2508/images_4_refine/M1_000/sd2_gene_1_refine.png,EXCLUDED_CORRUPT,
SDXL_Refine/SDXL_Refine/id_2508/images_4_refine/M1_003/sd2_gene_1_refine.png,EXCLUDED_CORRUPT,
SDXL_Refine/SDXL_Refine/id_2508/images_4_refine/M1_001/sd2_gene_1_refine.png,EXCLUDED_CORRUPT,
SDXL_Refine/SDXL_Refine/id_2508/images_refine/M1_002/sd2_gene_1_refine.png,EXCLUDED_CORRUPT,
SDXL_Refine/SDXL_Refine/id_2508/images_refine/M1_000/sd2_gene_1_refine.png,EXCLUDED_CORRUPT,
SDXL_Refine/SDXL_Refine/id_2508/images_refine/M1_003/sd2_gene_1_refine.png,EXCLUDED_CORRUPT,
SDXL_Refine/SDXL_Refine/id_2508/images_refine/M1_001/sd2_gene_1_refine.png,EXCLUDED_CORRUPT,
SDXL_Refine/SDXL_Refine/id_2508/images_2_refine/M1_002/sd2_gene_1_refine.png,EXCLUDED_CORRUPT,
SDXL_Refine/SDXL_Refine/id_2508/images_2_refine/M1_000/sd2_gene_1_refine.png,EXCLUDED_CORRUPT,
SDXL_Refine/SDXL_Refine/id_2508/images_2_refine/M1_003/sd2_gene_1_refine.png,EXCLUDED_CORRUPT,
SDXL_Refine/SDXL_Refine/id_2508/images_2_refine/M1_001/sd2_gene_1_refine.png,EXCLUDED_CORRUPT,
SDXL_Refine/SDXL_Refine/id_1295/images_3_refine/M1_002/sd2_gene_1_refine.png,EXCLUDED_CORRUPT,
SDXL_Refine/SDXL_Refine/id_1295/images_3_refine/M1_000/sd2_gene_1_refine.png,EXCLUDED_CORRUPT,
SDXL_Refine/SDXL_Refine/id_1295/images_3_refine/M1_003/sd2_gene_1_refine.png,EXCLUDED_CORRUPT,
SDXL_Refine/SDXL_Refine/id_1295/images_3_refine/M1_001/sd2_gene_1_refine.png,EXCLUDED_CORRUPT,
SDXL_Refine/SDXL_Refine/id_1295/images_4_refine/M1_000/sd2_gene_1_refine.png,EXCLUDED_CORRUPT,
SDXL_Refine/SDXL_Refine/id_1295/images_4_refine/M1_003/sd2_gene_1_refine.png,EXCLUDED_CORRUPT,
SDXL_Refine/SDXL_Refine/id_1295/images_refine/M1_003/sd2_gene_1_refine.png,EXCLUDED_CORRUPT,
SDXL_Refine/SDXL_Refine/id_1295/images_refine/M1_001/sd2_gene_1_refine.png,EXCLUDED_CORRUPT,
SDXL_Refine/SDXL_Refine/id_1295/images_2_refine/M1_002/sd2_gene_1_refine.png,EXCLUDED_CORRUPT,
SDXL_Refine/SDXL_Refine/id_1295/images_2_refine/M1_000/sd2_gene_1_refine.png,EXCLUDED_CORRUPT,
SDXL_Refine/SDXL_Refine/id_1295/images_2_refine/M1_003/sd2_gene_1_refine.png,EXCLUDED_CORRUPT,
SDXL_Refine/SDXL_Refine/id_1295/images_2_refine/M1_001/sd2_gene_1_refine.png,EXCLUDED_CORRUPT,
SDXL_Refine/SDXL_Refine/id_1058/images_3_refine/M1_011/sd2_gene_1_refine.png,EXCLUDED_CORRUPT,
SDXL_Refine/SDXL_Refine/id_1058/images_3_refine/M1_008/sd2_gene_1_refine.png,EXCLUDED_CORRUPT,
SDXL_Refine/SDXL_Refine/id_1058/images_3_refine/M1_005/sd2_gene_1_refine.png,EXCLUDED_CORRUPT,
SDXL_Refine/SDXL_Refine/id_1058/images_3_refine/M1_002/sd2_gene_1_refine.png,EXCLUDED_CORRUPT,
SDXL_Refine/SDXL_Refine/id_1058/images_3_refine/M1_010/sd2_gene_1_refine.png,EXCLUDED_CORRUPT,
SDXL_Refine/SDXL_Refine/id_1058/images_3_refine/M1_000/sd2_gene_1_refine.png,EXCLUDED_CORRUPT,
SDXL_Refine/SDXL_Refine/id_1058/images_3_refine/M1_004/sd2_gene_1_refine.png,EXCLUDED_CORRUPT,
SDXL_Refine/SDXL_Refine/id_1058/images_3_refine/M1_009/sd2_gene_1_refine.png,EXCLUDED_CORRUPT,
SDXL_Refine/SDXL_Refine/id_1058/images_3_refine/M1_003/sd2_gene_1_refine.png,EXCLUDED_CORRUPT,
SDXL_Refine/SDXL_Refine/id_1058/images_3_refine/M1_001/sd2_gene_1_refine.png,EXCLUDED_CORRUPT,
SDXL_Refine/SDXL_Refine/id_1058/images_3_refine/M1_006/sd2_gene_1_refine.png,EXCLUDED_CORRUPT,
SDXL_Refine/SDXL_Refine/id_1058/images_3_refine/M1_007/sd2_gene_1_refine.png,EXCLUDED_CORRUPT,
SDXL_Refine/SDXL_Refine/id_1058/images_4_refine/M1_011/sd2_gene_1_refine.png,EXCLUDED_CORRUPT,
SDXL_Refine/SDXL_Refine/id_1058/images_4_refine/M1_008/sd2_gene_1_refine.png,EXCLUDED_CORRUPT,
SDXL_Refine/SDXL_Refine/id_1058/images_4_refine/M1_005/sd2_gene_1_refine.png,EXCLUDED_CORRUPT,
SDXL_Refine/SDXL_Refine/id_1058/images_4_refine/M1_002/sd2_gene_1_refine.png,EXCLUDED_CORRUPT,
SDXL_Refine/SDXL_Refine/id_1058/images_4_refine/M1_010/sd2_gene_1_refine.png,EXCLUDED_CORRUPT,
SDXL_Refine/SDXL_Refine/id_1058/images_4_refine/M1_000/sd2_gene_1_refine.png,EXCLUDED_CORRUPT,
SDXL_Refine/SDXL_Refine/id_1058/images_4_refine/M1_004/sd2_gene_1_refine.png,EXCLUDED_CORRUPT,
SDXL_Refine/SDXL_Refine/id_1058/images_4_refine/M1_009/sd2_gene_1_refine.png,EXCLUDED_CORRUPT,
SDXL_Refine/SDXL_Refine/id_1058/images_4_refine/M1_003/sd2_gene_1_refine.png,EXCLUDED_CORRUPT,
SDXL_Refine/SDXL_Refine/id_1058/images_4_refine/M1_001/sd2_gene_1_refine.png,EXCLUDED_CORRUPT,
SDXL_Refine/SDXL_Refine/id_1058/images_4_refine/M1_006/sd2_gene_1_refine.png,EXCLUDED_CORRUPT,
SDXL_Refine/SDXL_Refine/id_1058/images_4_refine/M1_007/sd2_gene_1_refine.png,EXCLUDED_CORRUPT,
SDXL_Refine/SDXL_Refine/id_1058/images_refine/M1_011/sd2_gene_1_refine.png,EXCLUDED_CORRUPT,
SDXL_Refine/SDXL_Refine/id_1058/images_refine/M1_008/sd2_gene_1_refine.png,EXCLUDED_CORRUPT,
SDXL_Refine/SDXL_Refine/id_1058/images_refine/M1_005/sd2_gene_1_refine.png,EXCLUDED_CORRUPT,
SDXL_Refine/SDXL_Refine/id_1058/images_refine/M1_002/sd2_gene_1_refine.png,EXCLUDED_CORRUPT,
SDXL_Refine/SDXL_Refine/id_1058/images_refine/M1_010/sd2_gene_1_refine.png,EXCLUDED_CORRUPT,
SDXL_Refine/SDXL_Refine/id_1058/images_refine/M1_000/sd2_gene_1_refine.png,EXCLUDED_CORRUPT,
SDXL_Refine/SDXL_Refine/id_1058/images_refine/M1_004/sd2_gene_1_refine.png,EXCLUDED_CORRUPT,
SDXL_Refine/SDXL_Refine/id_1058/images_refine/M1_009/sd2_gene_1_refine.png,EXCLUDED_CORRUPT,
SDXL_Refine/SDXL_Refine/id_1058/images_refine/M1_003/sd2_gene_1_refine.png,EXCLUDED_CORRUPT,
SDXL_Refine/SDXL_Refine/id_1058/images_refine/M1_001/sd2_gene_1_refine.png,EXCLUDED_CORRUPT,
SDXL_Refine/SDXL_Refine/id_1058/images_refine/M1_006/sd2_gene_1_refine.png,EXCLUDED_CORRUPT,
SDXL_Refine/SDXL_Refine/id_1058/images_refine/M1_007/sd2_gene_1_refine.png,EXCLUDED_CORRUPT,
SDXL_Refine/SDXL_Refine/id_1058/images_2_refine/M1_011/sd2_gene_1_refine.png,EXCLUDED_CORRUPT,
SDXL_Refine/SDXL_Refine/id_1058/images_2_refine/M1_008/sd2_gene_1_refine.png,EXCLUDED_CORRUPT,
SDXL_Refine/SDXL_Refine/id_1058/images_2_refine/M1_005/sd2_gene_1_refine.png,EXCLUDED_CORRUPT,
SDXL_Refine/SDXL_Refine/id_1058/images_2_refine/M1_002/sd2_gene_1_refine.png,EXCLUDED_CORRUPT,
SDXL_Refine/SDXL_Refine/id_1058/images_2_refine/M1_010/sd2_gene_1_refine.png,EXCLUDED_CORRUPT,
SDXL_Refine/SDXL_Refine/id_1058/images_2_refine/M1_000/sd2_gene_1_refine.png,EXCLUDED_CORRUPT,
SDXL_Refine/SDXL_Refine/id_1058/images_2_refine/M1_004/sd2_gene_1_refine.png,EXCLUDED_CORRUPT,
SDXL_Refine/SDXL_Refine/id_1058/images_2_refine/M1_009/sd2_gene_1_refine.png,EXCLUDED_CORRUPT,
SDXL_Refine/SDXL_Refine/id_1058/images_2_refine/M1_003/sd2_gene_1_refine.png,EXCLUDED_CORRUPT,
SDXL_Refine/SDXL_Refine/id_1058/images_2_refine/M1_001/sd2_gene_1_refine.png,EXCLUDED_CORRUPT,
SDXL_Refine/SDXL_Refine/id_1058/images_2_refine/M1_006/sd2_gene_1_refine.png,EXCLUDED_CORRUPT,
SDXL_Refine/SDXL_Refine/id_1058/images_2_refine/M1_007/sd2_gene_1_refine.png,EXCLUDED_CORRUPT,
SDXL_Refine/SDXL_Refine/id_1372/images_3_refine/M1_002/sd2_gene_1_refine.png,EXCLUDED_CORRUPT,
SDXL_Refine/SDXL_Refine/id_1372/images_3_refine/M1_000/sd2_gene_1_refine.png,EXCLUDED_CORRUPT,
SDXL_Refine/SDXL_Refine/id_1372/images_3_refine/M1_003/sd2_gene_1_refine.png,EXCLUDED_CORRUPT,
SDXL_Refine/SDXL_Refine/id_1372/images_3_refine/M1_001/sd2_gene_1_refine.png,EXCLUDED_CORRUPT,
SDXL_Refine/SDXL_Refine/id_1372/images_4_refine/M1_002/sd2_gene_1_refine.png,EXCLUDED_CORRUPT,
SDXL_Refine/SDXL_Refine/id_1372/images_4_refine/M1_000/sd2_gene_1_refine.png,EXCLUDED_CORRUPT,
SDXL_Refine/SDXL_Refine/id_1372/images_4_refine/M1_003/sd2_gene_1_refine.png,EXCLUDED_CORRUPT,
SDXL_Refine/SDXL_Refine/id_1372/images_4_refine/M1_001/sd2_gene_1_refine.png,EXCLUDED_CORRUPT,
SDXL_Refine/SDXL_Refine/id_1372/images_refine/M1_002/sd2_gene_1_refine.png,EXCLUDED_CORRUPT,
SDXL_Refine/SDXL_Refine/id_1372/images_refine/M1_003/sd2_gene_1_refine.png,EXCLUDED_CORRUPT,
SDXL_Refine/SDXL_Refine/id_1372/images_refine/M1_001/sd2_gene_1_refine.png,EXCLUDED_CORRUPT,
SDXL_Refine/SDXL_Refine/id_1372/images_2_refine/M1_003/sd2_gene_1_refine.png,EXCLUDED_CORRUPT,
SDXL_Refine/SDXL_Refine/id_1372/images_2_refine/M1_001/sd2_gene_1_refine.png,EXCLUDED_CORRUPT,
SDXL_Refine/SDXL_Refine/id_2651/images_3_refine/M1_011/sd2_gene_1_refine.png,EXCLUDED_CORRUPT,
SDXL_Refine/SDXL_Refine/id_2651/images_3_refine/M1_008/sd2_gene_1_refine.png,EXCLUDED_CORRUPT,
SDXL_Refine/SDXL_Refine/id_2651/images_3_refine/M1_005/sd2_gene_1_refine.png,EXCLUDED_CORRUPT,
SDXL_Refine/SDXL_Refine/id_2651/images_3_refine/M1_002/sd2_gene_1_refine.png,EXCLUDED_CORRUPT,
SDXL_Refine/SDXL_Refine/id_2651/images_3_refine/M1_023/sd2_gene_1_refine.png,EXCLUDED_CORRUPT,
SDXL_Refine/SDXL_Refine/id_2651/images_3_refine/M1_000/sd2_gene_1_refine.png,EXCLUDED_CORRUPT,
SDXL_Refine/SDXL_Refine/id_2651/images_3_refine/M1_019/sd2_gene_1_refine.png,EXCLUDED_CORRUPT,
SDXL_Refine/SDXL_Refine/id_2651/images_3_refine/M1_004/sd2_gene_1_refine.png,EXCLUDED_CORRUPT,
SDXL_Refine/SDXL_Refine/id_2651/images_3_refine/M1_018/sd2_gene_1_refine.png,EXCLUDED_CORRUPT,
SDXL_Refine/SDXL_Refine/id_2651/images_3_refine/M1_016/sd2_gene_1_refine.png,EXCLUDED_CORRUPT,
SDXL_Refine/SDXL_Refine/id_2651/images_3_refine/M1_009/sd2_gene_1_refine.png,EXCLUDED_CORRUPT,
SDXL_Refine/SDXL_Refine/id_2651/images_3_refine/M1_022/sd2_gene_1_refine.png,EXCLUDED_CORRUPT,
SDXL_Refine/SDXL_Refine/id_2651/images_3_refine/M1_015/sd2_gene_1_refine.png,EXCLUDED_CORRUPT,
SDXL_Refine/SDXL_Refine/id_2651/images_3_refine/M1_021/sd2_gene_1_refine.png,EXCLUDED_CORRUPT,
SDXL_Refine/SDXL_Refine/id_2651/images_3_refine/M1_003/sd2_gene_1_refine.png,EXCLUDED_CORRUPT,
SDXL_Refine/SDXL_Refine/id_2651/images_3_refine/M1_001/sd2_gene_1_refine.png,EXCLUDED_CORRUPT,
SDXL_Refine/SDXL_Refine/id_2651/images_3_refine/M1_020/sd2_gene_1_refine.png,EXCLUDED_CORRUPT,
SDXL_Refine/SDXL_Refine/id_2651/images_3_refine/M1_014/sd2_gene_1_refine.png,EXCLUDED_CORRUPT,
SDXL_Refine/SDXL_Refine/id_2651/images_3_refine/M1_006/sd2_gene_1_refine.png,EXCLUDED_CORRUPT,
SDXL_Refine/SDXL_Refine/id_2651/images_3_refine/M1_007/sd2_gene_1_refine.png,EXCLUDED_CORRUPT,
SDXL_Refine/SDXL_Refine/id_2651/images_3_refine/M1_012/sd2_gene_1_refine.png,EXCLUDED_CORRUPT,
SDXL_Refine/SDXL_Refine/id_2651/images_3_refine/M1_013/sd2_gene_1_refine.png,EXCLUDED_CORRUPT,
SDXL_Refine/SDXL_Refine/id_2651/images_4_refine/M1_017/sd2_gene_1_refine.png,EXCLUDED_CORRUPT,
SDXL_Refine/SDXL_Refine/id_2651/images_4_refine/M1_011/sd2_gene_1_refine.png,EXCLUDED_CORRUPT,
SDXL_Refine/SDXL_Refine/id_2651/images_4_refine/M1_008/sd2_gene_1_refine.png,EXCLUDED_CORRUPT,
SDXL_Refine/SDXL_Refine/id_2651/images_4_refine/M1_005/sd2_gene_1_refine.png,EXCLUDED_CORRUPT,
SDXL_Refine/SDXL_Refine/id_2651/images_4_refine/M1_002/sd2_gene_1_refine.png,EXCLUDED_CORRUPT,
SDXL_Refine/SDXL_Refine/id_2651/images_4_refine/M1_010/sd2_gene_1_refine.png,EXCLUDED_CORRUPT,
SDXL_Refine/SDXL_Refine/id_2651/images_4_refine/M1_023/sd2_gene_1_refine.png,EXCLUDED_CORRUPT,
SDXL_Refine/SDXL_Refine/id_2651/images_4_refine/M1_000/sd2_gene_1_refine.png,EXCLUDED_CORRUPT,
SDXL_Refine/SDXL_Refine/id_2651/images_4_refine/M1_019/sd2_gene_1_refine.png,EXCLUDED_CORRUPT,
SDXL_Refine/SDXL_Refine/id_2651/images_4_refine/M1_004/sd2_gene_1_refine.png,EXCLUDED_CORRUPT,
SDXL_Refine/SDXL_Refine/id_2651/images_4_refine/M1_018/sd2_gene_1_refine.png,EXCLUDED_CORRUPT,
SDXL_Refine/SDXL_Refine/id_2651/images_4_refine/M1_016/sd2_gene_1_refine.png,EXCLUDED_CORRUPT,
SDXL_Refine/SDXL_Refine/id_2651/images_4_refine/M1_009/sd2_gene_1_refine.png,EXCLUDED_CORRUPT,
SDXL_Refine/SDXL_Refine/id_2651/images_4_refine/M1_022/sd2_gene_1_refine.png,EXCLUDED_CORRUPT,
SDXL_Refine/SDXL_Refine/id_2651/images_4_refine/M1_015/sd2_gene_1_refine.png,EXCLUDED_CORRUPT,
SDXL_Refine/SDXL_Refine/id_2651/images_4_refine/M1_021/sd2_gene_1_refine.png,EXCLUDED_CORRUPT,
SDXL_Refine/SDXL_Refine/id_2651/images_4_refine/M1_003/sd2_gene_1_refine.png,EXCLUDED_CORRUPT,
SDXL_Refine/SDXL_Refine/id_2651/images_4_refine/M1_001/sd2_gene_1_refine.png,EXCLUDED_CORRUPT,
SDXL_Refine/SDXL_Refine/id_2651/images_4_refine/M1_020/sd2_gene_1_refine.png,EXCLUDED_CORRUPT,
SDXL_Refine/SDXL_Refine/id_2651/images_4_refine/M1_014/sd2_gene_1_refine.png,EXCLUDED_CORRUPT,
SDXL_Refine/SDXL_Refine/id_2651/images_4_refine/M1_006/sd2_gene_1_refine.png,EXCLUDED_CORRUPT,
SDXL_Refine/SDXL_Refine/id_2651/images_4_refine/M1_007/sd2_gene_1_refine.png,EXCLUDED_CORRUPT,
SDXL_Refine/SDXL_Refine/id_2651/images_4_refine/M1_012/sd2_gene_1_refine.png,EXCLUDED_CORRUPT,
SDXL_Refine/SDXL_Refine/id_2651/images_refine/M1_017/sd2_gene_1_refine.png,EXCLUDED_CORRUPT,
SDXL_Refine/SDXL_Refine/id_2651/images_refine/M1_011/sd2_gene_1_refine.png,EXCLUDED_CORRUPT,
SDXL_Refine/SDXL_Refine/id_2651/images_refine/M1_008/sd2_gene_1_refine.png,EXCLUDED_CORRUPT,
SDXL_Refine/SDXL_Refine/id_2651/images_refine/M1_005/sd2_gene_1_refine.png,EXCLUDED_CORRUPT,
SDXL_Refine/SDXL_Refine/id_2651/images_refine/M1_002/sd2_gene_1_refine.png,EXCLUDED_CORRUPT,
SDXL_Refine/SDXL_Refine/id_2651/images_refine/M1_010/sd2_gene_1_refine.png,EXCLUDED_CORRUPT,
SDXL_Refine/SDXL_Refine/id_2651/images_refine/M1_023/sd2_gene_1_refine.png,EXCLUDED_CORRUPT,
SDXL_Refine/SDXL_Refine/id_2651/images_refine/M1_000/sd2_gene_1_refine.png,EXCLUDED_CORRUPT,
SDXL_Refine/SDXL_Refine/id_2651/images_refine/M1_019/sd2_gene_1_refine.png,EXCLUDED_CORRUPT,
SDXL_Refine/SDXL_Refine/id_2651/images_refine/M1_004/sd2_gene_1_refine.png,EXCLUDED_CORRUPT,
SDXL_Refine/SDXL_Refine/id_2651/images_refine/M1_018/sd2_gene_1_refine.png,EXCLUDED_CORRUPT,
SDXL_Refine/SDXL_Refine/id_2651/images_refine/M1_016/sd2_gene_1_refine.png,EXCLUDED_CORRUPT,
SDXL_Refine/SDXL_Refine/id_2651/images_refine/M1_009/sd2_gene_1_refine.png,EXCLUDED_CORRUPT,
SDXL_Refine/SDXL_Refine/id_2651/images_refine/M1_022/sd2_gene_1_refine.png,EXCLUDED_CORRUPT,
SDXL_Refine/SDXL_Refine/id_2651/images_refine/M1_015/sd2_gene_1_refine.png,EXCLUDED_CORRUPT,
SDXL_Refine/SDXL_Refine/id_2651/images_refine/M1_021/sd2_gene_1_refine.png,EXCLUDED_CORRUPT,
SDXL_Refine/SDXL_Refine/id_2651/images_refine/M1_003/sd2_gene_1_refine.png,EXCLUDED_CORRUPT,
SDXL_Refine/SDXL_Refine/id_2651/images_refine/M1_001/sd2_gene_1_refine.png,EXCLUDED_CORRUPT,
SDXL_Refine/SDXL_Refine/id_2651/images_refine/M1_020/sd2_gene_1_refine.png,EXCLUDED_CORRUPT,
SDXL_Refine/SDXL_Refine/id_2651/images_refine/M1_014/sd2_gene_1_refine.png,EXCLUDED_CORRUPT,
SDXL_Refine/SDXL_Refine/id_2651/images_refine/M1_006/sd2_gene_1_refine.png,EXCLUDED_CORRUPT,
SDXL_Refine/SDXL_Refine/id_2651/images_refine/M1_007/sd2_gene_1_refine.png,EXCLUDED_CORRUPT,
SDXL_Refine/SDXL_Refine/id_2651/images_refine/M1_012/sd2_gene_1_refine.png,EXCLUDED_CORRUPT,
SDXL_Refine/SDXL_Refine/id_2651/images_refine/M1_013/sd2_gene_1_refine.png,EXCLUDED_CORRUPT,
SDXL_Refine/SDXL_Refine/id_2651/images_2_refine/M1_017/sd2_gene_1_refine.png,EXCLUDED_CORRUPT,
SDXL_Refine/SDXL_Refine/id_2651/images_2_refine/M1_011/sd2_gene_1_refine.png,EXCLUDED_CORRUPT,
SDXL_Refine/SDXL_Refine/id_2651/images_2_refine/M1_008/sd2_gene_1_refine.png,EXCLUDED_CORRUPT,
SDXL_Refine/SDXL_Refine/id_2651/images_2_refine/M1_005/sd2_gene_1_refine.png,EXCLUDED_CORRUPT,
SDXL_Refine/SDXL_Refine/id_2651/images_2_refine/M1_002/sd2_gene_1_refine.png,EXCLUDED_CORRUPT,
SDXL_Refine/SDXL_Refine/id_2651/images_2_refine/M1_010/sd2_gene_1_refine.png,EXCLUDED_CORRUPT,
SDXL_Refine/SDXL_Refine/id_2651/images_2_refine/M1_023/sd2_gene_1_refine.png,EXCLUDED_CORRUPT,
SDXL_Refine/SDXL_Refine/id_2651/images_2_refine/M1_000/sd2_gene_1_refine.png,EXCLUDED_CORRUPT,
SDXL_Refine/SDXL_Refine/id_2651/images_2_refine/M1_019/sd2_gene_1_refine.png,EXCLUDED_CORRUPT,
SDXL_Refine/SDXL_Refine/id_2651/images_2_refine/M1_004/sd2_gene_1_refine.png,EXCLUDED_CORRUPT,
SDXL_Refine/SDXL_Refine/id_2651/images_2_refine/M1_018/sd2_gene_1_refine.png,EXCLUDED_CORRUPT,
SDXL_Refine/SDXL_Refine/id_2651/images_2_refine/M1_016/sd2_gene_1_refine.png,EXCLUDED_CORRUPT,
SDXL_Refine/SDXL_Refine/id_2651/images_2_refine/M1_009/sd2_gene_1_refine.png,EXCLUDED_CORRUPT,
SDXL_Refine/SDXL_Refine/id_2651/images_2_refine/M1_022/sd2_gene_1_refine.png,EXCLUDED_CORRUPT,
SDXL_Refine/SDXL_Refine/id_2651/images_2_refine/M1_015/sd2_gene_1_refine.png,EXCLUDED_CORRUPT,
SDXL_Refine/SDXL_Refine/id_2651/images_2_refine/M1_021/sd2_gene_1_refine.png,EXCLUDED_CORRUPT,
SDXL_Refine/SDXL_Refine/id_2651/images_2_refine/M1_003/sd2_gene_1_refine.png,EXCLUDED_CORRUPT,
SDXL_Refine/SDXL_Refine/id_2651/images_2_refine/M1_001/sd2_gene_1_refine.png,EXCLUDED_CORRUPT,
SDXL_Refine/SDXL_Refine/id_2651/images_2_refine/M1_020/sd2_gene_1_refine.png,EXCLUDED_CORRUPT,
SDXL_Refine/SDXL_Refine/id_2651/images_2_refine/M1_014/sd2_gene_1_refine.png,EXCLUDED_CORRUPT,
SDXL_Refine/SDXL_Refine/id_2651/images_2_refine/M1_006/sd2_gene_1_refine.png,EXCLUDED_CORRUPT,
SDXL_Refine/SDXL_Refine/id_2651/images_2_refine/M1_007/sd2_gene_1_refine.png,EXCLUDED_CORRUPT,
SDXL_Refine/SDXL_Refine/id_2651/images_2_refine/M1_012/sd2_gene_1_refine.png,EXCLUDED_CORRUPT,
SDXL_Refine/SDXL_Refine/id_2651/images_2_refine/M1_013/sd2_gene_1_refine.png,EXCLUDED_CORRUPT,
SDXL_Refine/SDXL_Refine/id_2422/images_3_refine/M1_005/sd2_gene_1_refine.png,EXCLUDED_CORRUPT,
SDXL_Refine/SDXL_Refine/id_2422/images_3_refine/M1_002/sd2_gene_1_refine.png,EXCLUDED_CORRUPT,
SDXL_Refine/SDXL_Refine/id_2422/images_3_refine/M1_000/sd2_gene_1_refine.png,EXCLUDED_CORRUPT,
SDXL_Refine/SDXL_Refine/id_2422/images_3_refine/M1_004/sd2_gene_1_refine.png,EXCLUDED_CORRUPT,
SDXL_Refine/SDXL_Refine/id_2422/images_3_refine/M1_003/sd2_gene_1_refine.png,EXCLUDED_CORRUPT,
SDXL_Refine/SDXL_Refine/id_2422/images_3_refine/M1_001/sd2_gene_1_refine.png,EXCLUDED_CORRUPT,
SDXL_Refine/SDXL_Refine/id_2422/images_3_refine/M1_006/sd2_gene_1_refine.png,EXCLUDED_CORRUPT,
SDXL_Refine/SDXL_Refine/id_2422/images_3_refine/M1_007/sd2_gene_1_refine.png,EXCLUDED_CORRUPT,
SDXL_Refine/SDXL_Refine/id_2422/images_4_refine/M1_005/sd2_gene_1_refine.png,EXCLUDED_CORRUPT,
SDXL_Refine/SDXL_Refine/id_2422/images_4_refine/M1_002/sd2_gene_1_refine.png,EXCLUDED_CORRUPT,
SDXL_Refine/SDXL_Refine/id_2422/images_4_refine/M1_000/sd2_gene_1_refine.png,EXCLUDED_CORRUPT,
SDXL_Refine/SDXL_Refine/id_2422/images_4_refine/M1_004/sd2_gene_1_refine.png,EXCLUDED_CORRUPT,
SDXL_Refine/SDXL_Refine/id_2422/images_4_refine/M1_003/sd2_gene_1_refine.png,EXCLUDED_CORRUPT,
SDXL_Refine/SDXL_Refine/id_2422/images_4_refine/M1_001/sd2_gene_1_refine.png,EXCLUDED_CORRUPT,
SDXL_Refine/SDXL_Refine/id_2422/images_4_refine/M1_006/sd2_gene_1_refine.png,EXCLUDED_CORRUPT,
SDXL_Refine/SDXL_Refine/id_2422/images_4_refine/M1_007/sd2_gene_1_refine.png,EXCLUDED_CORRUPT,
SDXL_Refine/SDXL_Refine/id_2422/images_refine/M1_005/sd2_gene_1_refine.png,EXCLUDED_CORRUPT,
SDXL_Refine/SDXL_Refine/id_2422/images_refine/M1_002/sd2_gene_1_refine.png,EXCLUDED_CORRUPT,
SDXL_Refine/SDXL_Refine/id_2422/images_refine/M1_000/sd2_gene_1_refine.png,EXCLUDED_CORRUPT,
SDXL_Refine/SDXL_Refine/id_2422/images_refine/M1_004/sd2_gene_1_refine.png,EXCLUDED_CORRUPT,
SDXL_Refine/SDXL_Refine/id_2422/images_refine/M1_003/sd2_gene_1_refine.png,EXCLUDED_CORRUPT,
SDXL_Refine/SDXL_Refine/id_2422/images_refine/M1_006/sd2_gene_1_refine.png,EXCLUDED_CORRUPT,
SDXL_Refine/SDXL_Refine/id_2422/images_refine/M1_007/sd2_gene_1_refine.png,EXCLUDED_CORRUPT,
SDXL_Refine/SDXL_Refine/id_2422/images_2_refine/M1_005/sd2_gene_1_refine.png,EXCLUDED_CORRUPT,
SDXL_Refine/SDXL_Refine/id_2422/images_2_refine/M1_002/sd2_gene_1_refine.png,EXCLUDED_CORRUPT,
SDXL_Refine/SDXL_Refine/id_2422/images_2_refine/M1_000/sd2_gene_1_refine.png,EXCLUDED_CORRUPT,
SDXL_Refine/SDXL_Refine/id_2422/images_2_refine/M1_004/sd2_gene_1_refine.png,EXCLUDED_CORRUPT,
SDXL_Refine/SDXL_Refine/id_2422/images_2_refine/M1_003/sd2_gene_1_refine.png,EXCLUDED_CORRUPT,
SDXL_Refine/SDXL_Refine/id_2422/images_2_refine/M1_006/sd2_gene_1_refine.png,EXCLUDED_CORRUPT,
SDXL_Refine/SDXL_Refine/id_2422/images_2_refine/M1_007/sd2_gene_1_refine.png,EXCLUDED_CORRUPT,
SDXL_Refine/SDXL_Refine/id_1294/images_3_refine/M1_017/sd2_gene_1_refine.png,EXCLUDED_CORRUPT,
SDXL_Refine/SDXL_Refine/id_1294/images_3_refine/M1_011/sd2_gene_1_refine.png,EXCLUDED_CORRUPT,
SDXL_Refine/SDXL_Refine/id_1294/images_3_refine/M1_008/sd2_gene_1_refine.png,EXCLUDED_CORRUPT,
SDXL_Refine/SDXL_Refine/id_1294/images_3_refine/M1_005/sd2_gene_1_refine.png,EXCLUDED_CORRUPT,
SDXL_Refine/SDXL_Refine/id_1294/images_3_refine/M1_002/sd2_gene_1_refine.png,EXCLUDED_CORRUPT,
SDXL_Refine/SDXL_Refine/id_1294/images_3_refine/M1_010/sd2_gene_1_refine.png,EXCLUDED_CORRUPT,
SDXL_Refine/SDXL_Refine/id_1294/images_3_refine/M1_023/sd2_gene_1_refine.png,EXCLUDED_CORRUPT,
SDXL_Refine/SDXL_Refine/id_1294/images_3_refine/M1_000/sd2_gene_1_refine.png,EXCLUDED_CORRUPT,
SDXL_Refine/SDXL_Refine/id_1294/images_3_refine/M1_019/sd2_gene_1_refine.png,EXCLUDED_CORRUPT,
SDXL_Refine/SDXL_Refine/id_1294/images_3_refine/M1_004/sd2_gene_1_refine.png,EXCLUDED_CORRUPT,
SDXL_Refine/SDXL_Refine/id_1294/images_3_refine/M1_018/sd2_gene_1_refine.png,EXCLUDED_CORRUPT,
SDXL_Refine/SDXL_Refine/id_1294/images_3_refine/M1_016/sd2_gene_1_refine.png,EXCLUDED_CORRUPT,
SDXL_Refine/SDXL_Refine/id_1294/images_3_refine/M1_009/sd2_gene_1_refine.png,EXCLUDED_CORRUPT,
SDXL_Refine/SDXL_Refine/id_1294/images_3_refine/M1_022/sd2_gene_1_refine.png,EXCLUDED_CORRUPT,
SDXL_Refine/SDXL_Refine/id_1294/images_3_refine/M1_015/sd2_gene_1_refine.png,EXCLUDED_CORRUPT,
SDXL_Refine/SDXL_Refine/id_1294/images_3_refine/M1_021/sd2_gene_1_refine.png,EXCLUDED_CORRUPT,
SDXL_Refine/SDXL_Refine/id_1294/images_3_refine/M1_003/sd2_gene_1_refine.png,EXCLUDED_CORRUPT,
SDXL_Refine/SDXL_Refine/id_1294/images_3_refine/M1_020/sd2_gene_1_refine.png,EXCLUDED_CORRUPT,
SDXL_Refine/SDXL_Refine/id_1294/images_3_refine/M1_014/sd2_gene_1_refine.png,EXCLUDED_CORRUPT,
SDXL_Refine/SDXL_Refine/id_1294/images_3_refine/M1_006/sd2_gene_1_refine.png,EXCLUDED_CORRUPT,
SDXL_Refine/SDXL_Refine/id_1294/images_3_refine/M1_007/sd2_gene_1_refine.png,EXCLUDED_CORRUPT,
SDXL_Refine/SDXL_Refine/id_1294/images_3_refine/M1_012/sd2_gene_1_refine.png,EXCLUDED_CORRUPT,
SDXL_Refine/SDXL_Refine/id_1294/images_3_refine/M1_013/sd2_gene_1_refine.png,EXCLUDED_CORRUPT,
SDXL_Refine/SDXL_Refine/id_1294/images_4_refine/M1_017/sd2_gene_1_refine.png,EXCLUDED_CORRUPT,
SDXL_Refine/SDXL_Refine/id_1294/images_4_refine/M1_011/sd2_gene_1_refine.png,EXCLUDED_CORRUPT,
SDXL_Refine/SDXL_Refine/id_1294/images_4_refine/M1_008/sd2_gene_1_refine.png,EXCLUDED_CORRUPT,
SDXL_Refine/SDXL_Refine/id_1294/images_4_refine/M1_005/sd2_gene_1_refine.png,EXCLUDED_CORRUPT,
SDXL_Refine/SDXL_Refine/id_1294/images_4_refine/M1_002/sd2_gene_1_refine.png,EXCLUDED_CORRUPT,
SDXL_Refine/SDXL_Refine/id_1294/images_4_refine/M1_010/sd2_gene_1_refine.png,EXCLUDED_CORRUPT,
SDXL_Refine/SDXL_Refine/id_1294/images_4_refine/M1_023/sd2_gene_1_refine.png,EXCLUDED_CORRUPT,
SDXL_Refine/SDXL_Refine/id_1294/images_4_refine/M1_000/sd2_gene_1_refine.png,EXCLUDED_CORRUPT,
SDXL_Refine/SDXL_Refine/id_1294/images_4_refine/M1_019/sd2_gene_1_refine.png,EXCLUDED_CORRUPT,
SDXL_Refine/SDXL_Refine/id_1294/images_4_refine/M1_004/sd2_gene_1_refine.png,EXCLUDED_CORRUPT,
SDXL_Refine/SDXL_Refine/id_1294/images_4_refine/M1_018/sd2_gene_1_refine.png,EXCLUDED_CORRUPT,
SDXL_Refine/SDXL_Refine/id_1294/images_4_refine/M1_016/sd2_gene_1_refine.png,EXCLUDED_CORRUPT,
SDXL_Refine/SDXL_Refine/id_1294/images_4_refine/M1_009/sd2_gene_1_refine.png,EXCLUDED_CORRUPT,
SDXL_Refine/SDXL_Refine/id_1294/images_4_refine/M1_022/sd2_gene_1_refine.png,EXCLUDED_CORRUPT,
SDXL_Refine/SDXL_Refine/id_1294/images_4_refine/M1_015/sd2_gene_1_refine.png,EXCLUDED_CORRUPT,
SDXL_Refine/SDXL_Refine/id_1294/images_4_refine/M1_021/sd2_gene_1_refine.png,EXCLUDED_CORRUPT,
SDXL_Refine/SDXL_Refine/id_1294/images_4_refine/M1_003/sd2_gene_1_refine.png,EXCLUDED_CORRUPT,
SDXL_Refine/SDXL_Refine/id_1294/images_4_refine/M1_001/sd2_gene_1_refine.png,EXCLUDED_CORRUPT,
SDXL_Refine/SDXL_Refine/id_1294/images_4_refine/M1_020/sd2_gene_1_refine.png,EXCLUDED_CORRUPT,
SDXL_Refine/SDXL_Refine/id_1294/images_4_refine/M1_014/sd2_gene_1_refine.png,EXCLUDED_CORRUPT,
SDXL_Refine/SDXL_Refine/id_1294/images_4_refine/M1_006/sd2_gene_1_refine.png,EXCLUDED_CORRUPT,
SDXL_Refine/SDXL_Refine/id_1294/images_4_refine/M1_007/sd2_gene_1_refine.png,EXCLUDED_CORRUPT,
SDXL_Refine/SDXL_Refine/id_1294/images_4_refine/M1_012/sd2_gene_1_refine.png,EXCLUDED_CORRUPT,
SDXL_Refine/SDXL_Refine/id_1294/images_4_refine/M1_013/sd2_gene_1_refine.png,EXCLUDED_CORRUPT,
SDXL_Refine/SDXL_Refine/id_1294/images_refine/M1_017/sd2_gene_1_refine.png,EXCLUDED_CORRUPT,
SDXL_Refine/SDXL_Refine/id_1294/images_refine/M1_011/sd2_gene_1_refine.png,EXCLUDED_CORRUPT,
SDXL_Refine/SDXL_Refine/id_1294/images_refine/M1_008/sd2_gene_1_refine.png,EXCLUDED_CORRUPT,
SDXL_Refine/SDXL_Refine/id_1294/images_refine/M1_005/sd2_gene_1_refine.png,EXCLUDED_CORRUPT,
SDXL_Refine/SDXL_Refine/id_1294/images_refine/M1_002/sd2_gene_1_refine.png,EXCLUDED_CORRUPT,
SDXL_Refine/SDXL_Refine/id_1294/images_refine/M1_010/sd2_gene_1_refine.png,EXCLUDED_CORRUPT,
SDXL_Refine/SDXL_Refine/id_1294/images_refine/M1_023/sd2_gene_1_refine.png,EXCLUDED_CORRUPT,
SDXL_Refine/SDXL_Refine/id_1294/images_refine/M1_000/sd2_gene_1_refine.png,EXCLUDED_CORRUPT,
SDXL_Refine/SDXL_Refine/id_1294/images_refine/M1_019/sd2_gene_1_refine.png,EXCLUDED_CORRUPT,
SDXL_Refine/SDXL_Refine/id_1294/images_refine/M1_004/sd2_gene_1_refine.png,EXCLUDED_CORRUPT,
SDXL_Refine/SDXL_Refine/id_1294/images_refine/M1_018/sd2_gene_1_refine.png,EXCLUDED_CORRUPT,
SDXL_Refine/SDXL_Refine/id_1294/images_refine/M1_016/sd2_gene_1_refine.png,EXCLUDED_CORRUPT,
SDXL_Refine/SDXL_Refine/id_1294/images_refine/M1_009/sd2_gene_1_refine.png,EXCLUDED_CORRUPT,
SDXL_Refine/SDXL_Refine/id_1294/images_refine/M1_022/sd2_gene_1_refine.png,EXCLUDED_CORRUPT,
SDXL_Refine/SDXL_Refine/id_1294/images_refine/M1_015/sd2_gene_1_refine.png,EXCLUDED_CORRUPT,
SDXL_Refine/SDXL_Refine/id_1294/images_refine/M1_021/sd2_gene_1_refine.png,EXCLUDED_CORRUPT,
SDXL_Refine/SDXL_Refine/id_1294/images_refine/M1_003/sd2_gene_1_refine.png,EXCLUDED_CORRUPT,
SDXL_Refine/SDXL_Refine/id_1294/images_refine/M1_001/sd2_gene_1_refine.png,EXCLUDED_CORRUPT,
SDXL_Refine/SDXL_Refine/id_1294/images_refine/M1_020/sd2_gene_1_refine.png,EXCLUDED_CORRUPT,
SDXL_Refine/SDXL_Refine/id_1294/images_refine/M1_014/sd2_gene_1_refine.png,EXCLUDED_CORRUPT,
SDXL_Refine/SDXL_Refine/id_1294/images_refine/M1_006/sd2_gene_1_refine.png,EXCLUDED_CORRUPT,
SDXL_Refine/SDXL_Refine/id_1294/images_refine/M1_007/sd2_gene_1_refine.png,EXCLUDED_CORRUPT,
SDXL_Refine/SDXL_Refine/id_1294/images_refine/M1_012/sd2_gene_1_refine.png,EXCLUDED_CORRUPT,
SDXL_Refine/SDXL_Refine/id_1294/images_refine/M1_013/sd2_gene_1_refine.png,EXCLUDED_CORRUPT,
SDXL_Refine/SDXL_Refine/id_1294/images_2_refine/M1_017/sd2_gene_1_refine.png,EXCLUDED_CORRUPT,
SDXL_Refine/SDXL_Refine/id_1294/images_2_refine/M1_011/sd2_gene_1_refine.png,EXCLUDED_CORRUPT,
SDXL_Refine/SDXL_Refine/id_1294/images_2_refine/M1_008/sd2_gene_1_refine.png,EXCLUDED_CORRUPT,
SDXL_Refine/SDXL_Refine/id_1294/images_2_refine/M1_005/sd2_gene_1_refine.png,EXCLUDED_CORRUPT,
SDXL_Refine/SDXL_Refine/id_1294/images_2_refine/M1_002/sd2_gene_1_refine.png,EXCLUDED_CORRUPT,
SDXL_Refine/SDXL_Refine/id_1294/images_2_refine/M1_010/sd2_gene_1_refine.png,EXCLUDED_CORRUPT,
SDXL_Refine/SDXL_Refine/id_1294/images_2_refine/M1_023/sd2_gene_1_refine.png,EXCLUDED_CORRUPT,
SDXL_Refine/SDXL_Refine/id_1294/images_2_refine/M1_000/sd2_gene_1_refine.png,EXCLUDED_CORRUPT,
SDXL_Refine/SDXL_Refine/id_1294/images_2_refine/M1_019/sd2_gene_1_refine.png,EXCLUDED_CORRUPT,
SDXL_Refine/SDXL_Refine/id_1294/images_2_refine/M1_004/sd2_gene_1_refine.png,EXCLUDED_CORRUPT,
SDXL_Refine/SDXL_Refine/id_1294/images_2_refine/M1_018/sd2_gene_1_refine.png,EXCLUDED_CORRUPT,
SDXL_Refine/SDXL_Refine/id_1294/images_2_refine/M1_016/sd2_gene_1_refine.png,EXCLUDED_CORRUPT,
SDXL_Refine/SDXL_Refine/id_1294/images_2_refine/M1_009/sd2_gene_1_refine.png,EXCLUDED_CORRUPT,
SDXL_Refine/SDXL_Refine/id_1294/images_2_refine/M1_022/sd2_gene_1_refine.png,EXCLUDED_CORRUPT,
SDXL_Refine/SDXL_Refine/id_1294/images_2_refine/M1_015/sd2_gene_1_refine.png,EXCLUDED_CORRUPT,
SDXL_Refine/SDXL_Refine/id_1294/images_2_refine/M1_021/sd2_gene_1_refine.png,EXCLUDED_CORRUPT,
SDXL_Refine/SDXL_Refine/id_1294/images_2_refine/M1_003/sd2_gene_1_refine.png,EXCLUDED_CORRUPT,
SDXL_Refine/SDXL_Refine/id_1294/images_2_refine/M1_001/sd2_gene_1_refine.png,EXCLUDED_CORRUPT,
SDXL_Refine/SDXL_Refine/id_1294/images_2_refine/M1_020/sd2_gene_1_refine.png,EXCLUDED_CORRUPT,
SDXL_Refine/SDXL_Refine/id_1294/images_2_refine/M1_014/sd2_gene_1_refine.png,EXCLUDED_CORRUPT,
SDXL_Refine/SDXL_Refine/id_1294/images_2_refine/M1_006/sd2_gene_1_refine.png,EXCLUDED_CORRUPT,
SDXL_Refine/SDXL_Refine/id_1294/images_2_refine/M1_007/sd2_gene_1_refine.png,EXCLUDED_CORRUPT,
SDXL_Refine/SDXL_Refine/id_1294/images_2_refine/M1_012/sd2_gene_1_refine.png,EXCLUDED_CORRUPT,
SDXL_Refine/SDXL_Refine/id_1294/images_2_refine/M1_013/sd2_gene_1_refine.png,EXCLUDED_CORRUPT,
SDXL_Refine/SDXL_Refine/id_2482/images_3_refine/M1_005/sd2_gene_1_refine.png,EXCLUDED_CORRUPT,
SDXL_Refine/SDXL_Refine/id_2482/images_3_refine/M1_002/sd2_gene_1_refine.png,EXCLUDED_CORRUPT,
SDXL_Refine/SDXL_Refine/id_2482/images_3_refine/M1_000/sd2_gene_1_refine.png,EXCLUDED_CORRUPT,
SDXL_Refine/SDXL_Refine/id_2482/images_3_refine/M1_004/sd2_gene_1_refine.png,EXCLUDED_CORRUPT,
SDXL_Refine/SDXL_Refine/id_2482/images_3_refine/M1_003/sd2_gene_1_refine.png,EXCLUDED_CORRUPT,
SDXL_Refine/SDXL_Refine/id_2482/images_3_refine/M1_001/sd2_gene_1_refine.png,EXCLUDED_CORRUPT,
SDXL_Refine/SDXL_Refine/id_2482/images_3_refine/M1_006/sd2_gene_1_refine.png,EXCLUDED_CORRUPT,
SDXL_Refine/SDXL_Refine/id_2482/images_3_refine/M1_007/sd2_gene_1_refine.png,EXCLUDED_CORRUPT,
SDXL_Refine/SDXL_Refine/id_2482/images_4_refine/M1_005/sd2_gene_1_refine.png,EXCLUDED_CORRUPT,
SDXL_Refine/SDXL_Refine/id_2482/images_4_refine/M1_002/sd2_gene_1_refine.png,EXCLUDED_CORRUPT,
SDXL_Refine/SDXL_Refine/id_2482/images_4_refine/M1_000/sd2_gene_1_refine.png,EXCLUDED_CORRUPT,
SDXL_Refine/SDXL_Refine/id_2482/images_4_refine/M1_004/sd2_gene_1_refine.png,EXCLUDED_CORRUPT,
SDXL_Refine/SDXL_Refine/id_2482/images_4_refine/M1_003/sd2_gene_1_refine.png,EXCLUDED_CORRUPT,
SDXL_Refine/SDXL_Refine/id_2482/images_4_refine/M1_001/sd2_gene_1_refine.png,EXCLUDED_CORRUPT,
SDXL_Refine/SDXL_Refine/id_2482/images_4_refine/M1_006/sd2_gene_1_refine.png,EXCLUDED_CORRUPT,
SDXL_Refine/SDXL_Refine/id_2482/images_4_refine/M1_007/sd2_gene_1_refine.png,EXCLUDED_CORRUPT,
SDXL_Refine/SDXL_Refine/id_2482/images_refine/M1_005/sd2_gene_1_refine.png,EXCLUDED_CORRUPT,
SDXL_Refine/SDXL_Refine/id_2482/images_refine/M1_002/sd2_gene_1_refine.png,EXCLUDED_CORRUPT,
SDXL_Refine/SDXL_Refine/id_2482/images_refine/M1_000/sd2_gene_1_refine.png,EXCLUDED_CORRUPT,
SDXL_Refine/SDXL_Refine/id_2482/images_refine/M1_004/sd2_gene_1_refine.png,EXCLUDED_CORRUPT,
SDXL_Refine/SDXL_Refine/id_2482/images_refine/M1_003/sd2_gene_1_refine.png,EXCLUDED_CORRUPT,
SDXL_Refine/SDXL_Refine/id_2482/images_refine/M1_001/sd2_gene_1_refine.png,EXCLUDED_CORRUPT,
SDXL_Refine/SDXL_Refine/id_2482/images_refine/M1_006/sd2_gene_1_refine.png,EXCLUDED_CORRUPT,
SDXL_Refine/SDXL_Refine/id_2482/images_refine/M1_007/sd2_gene_1_refine.png,EXCLUDED_CORRUPT,
SDXL_Refine/SDXL_Refine/id_2482/images_2_refine/M1_005/sd2_gene_1_refine.png,EXCLUDED_CORRUPT,
SDXL_Refine/SDXL_Refine/id_2482/images_2_refine/M1_002/sd2_gene_1_refine.png,EXCLUDED_CORRUPT,
SDXL_Refine/SDXL_Refine/id_2482/images_2_refine/M1_000/sd2_gene_1_refine.png,EXCLUDED_CORRUPT,
SDXL_Refine/SDXL_Refine/id_2482/images_2_refine/M1_003/sd2_gene_1_refine.png,EXCLUDED_CORRUPT,
SDXL_Refine/SDXL_Refine/id_2482/images_2_refine/M1_001/sd2_gene_1_refine.png,EXCLUDED_CORRUPT,
SDXL_Refine/SDXL_Refine/id_2482/images_2_refine/M1_006/sd2_gene_1_refine.png,EXCLUDED_CORRUPT,
SDXL_Refine/SDXL_Refine/id_2482/images_2_refine/M1_007/sd2_gene_1_refine.png,EXCLUDED_CORRUPT,
SDXL_Refine/SDXL_Refine/id_1994/images_3_refine/M1_005/sd2_gene_1_refine.png,EXCLUDED_CORRUPT,
SDXL_Refine/SDXL_Refine/id_1994/images_3_refine/M1_002/sd2_gene_1_refine.png,EXCLUDED_CORRUPT,
SDXL_Refine/SDXL_Refine/id_1994/images_3_refine/M1_000/sd2_gene_1_refine.png,EXCLUDED_CORRUPT,
SDXL_Refine/SDXL_Refine/id_1994/images_3_refine/M1_004/sd2_gene_1_refine.png,EXCLUDED_CORRUPT,
SDXL_Refine/SDXL_Refine/id_1994/images_3_refine/M1_003/sd2_gene_1_refine.png,EXCLUDED_CORRUPT,
SDXL_Refine/SDXL_Refine/id_1994/images_3_refine/M1_001/sd2_gene_1_refine.png,EXCLUDED_CORRUPT,
SDXL_Refine/SDXL_Refine/id_1994/images_3_refine/M1_006/sd2_gene_1_refine.png,EXCLUDED_CORRUPT,
SDXL_Refine/SDXL_Refine/id_1994/images_3_refine/M1_007/sd2_gene_1_refine.png,EXCLUDED_CORRUPT,
SDXL_Refine/SDXL_Refine/id_1994/images_4_refine/M1_005/sd2_gene_1_refine.png,EXCLUDED_CORRUPT,
SDXL_Refine/SDXL_Refine/id_1994/images_4_refine/M1_002/sd2_gene_1_refine.png,EXCLUDED_CORRUPT,
SDXL_Refine/SDXL_Refine/id_1994/images_4_refine/M1_000/sd2_gene_1_refine.png,EXCLUDED_CORRUPT,
SDXL_Refine/SDXL_Refine/id_1994/images_4_refine/M1_004/sd2_gene_1_refine.png,EXCLUDED_CORRUPT,
SDXL_Refine/SDXL_Refine/id_1994/images_4_refine/M1_003/sd2_gene_1_refine.png,EXCLUDED_CORRUPT,
SDXL_Refine/SDXL_Refine/id_1994/images_4_refine/M1_001/sd2_gene_1_refine.png,EXCLUDED_CORRUPT,
SDXL_Refine/SDXL_Refine/id_1994/images_4_refine/M1_006/sd2_gene_1_refine.png,EXCLUDED_CORRUPT,
SDXL_Refine/SDXL_Refine/id_1994/images_4_refine/M1_007/sd2_gene_1_refine.png,EXCLUDED_CORRUPT,
SDXL_Refine/SDXL_Refine/id_1994/images_refine/M1_005/sd2_gene_1_refine.png,EXCLUDED_CORRUPT,
SDXL_Refine/SDXL_Refine/id_1994/images_refine/M1_002/sd2_gene_1_refine.png,EXCLUDED_CORRUPT,
SDXL_Refine/SDXL_Refine/id_1994/images_refine/M1_000/sd2_gene_1_refine.png,EXCLUDED_CORRUPT,
SDXL_Refine/SDXL_Refine/id_1994/images_refine/M1_004/sd2_gene_1_refine.png,EXCLUDED_CORRUPT,
SDXL_Refine/SDXL_Refine/id_1994/images_refine/M1_003/sd2_gene_1_refine.png,EXCLUDED_CORRUPT,
SDXL_Refine/SDXL_Refine/id_1994/images_refine/M1_001/sd2_gene_1_refine.png,EXCLUDED_CORRUPT,
SDXL_Refine/SDXL_Refine/id_1994/images_refine/M1_006/sd2_gene_1_refine.png,EXCLUDED_CORRUPT,
SDXL_Refine/SDXL_Refine/id_1994/images_refine/M1_007/sd2_gene_1_refine.png,EXCLUDED_CORRUPT,
SDXL_Refine/SDXL_Refine/id_1994/images_2_refine/M1_005/sd2_gene_1_refine.png,EXCLUDED_CORRUPT,
SDXL_Refine/SDXL_Refine/id_1994/images_2_refine/M1_002/sd2_gene_1_refine.png,EXCLUDED_CORRUPT,
SDXL_Refine/SDXL_Refine/id_1994/images_2_refine/M1_000/sd2_gene_1_refine.png,EXCLUDED_CORRUPT,
SDXL_Refine/SDXL_Refine/id_1994/images_2_refine/M1_004/sd2_gene_1_refine.png,EXCLUDED_CORRUPT,
SDXL_Refine/SDXL_Refine/id_1994/images_2_refine/M1_003/sd2_gene_1_refine.png,EXCLUDED_CORRUPT,
SDXL_Refine/SDXL_Refine/id_1994/images_2_refine/M1_001/sd2_gene_1_refine.png,EXCLUDED_CORRUPT,
SDXL_Refine/SDXL_Refine/id_1994/images_2_refine/M1_006/sd2_gene_1_refine.png,EXCLUDED_CORRUPT,
SDXL_Refine/SDXL_Refine/id_1994/images_2_refine/M1_007/sd2_gene_1_refine.png,EXCLUDED_CORRUPT,
SDXL_Refine/SDXL_Refine/id_2160/images_3_refine/M1_011/sd2_gene_1_refine.png,EXCLUDED_CORRUPT,
SDXL_Refine/SDXL_Refine/id_2160/images_3_refine/M1_008/sd2_gene_1_refine.png,EXCLUDED_CORRUPT,
SDXL_Refine/SDXL_Refine/id_2160/images_3_refine/M1_005/sd2_gene_1_refine.png,EXCLUDED_CORRUPT,
SDXL_Refine/SDXL_Refine/id_2160/images_3_refine/M1_002/sd2_gene_1_refine.png,EXCLUDED_CORRUPT,
SDXL_Refine/SDXL_Refine/id_2160/images_3_refine/M1_010/sd2_gene_1_refine.png,EXCLUDED_CORRUPT,
SDXL_Refine/SDXL_Refine/id_2160/images_3_refine/M1_000/sd2_gene_1_refine.png,EXCLUDED_CORRUPT,
SDXL_Refine/SDXL_Refine/id_2160/images_3_refine/M1_004/sd2_gene_1_refine.png,EXCLUDED_CORRUPT,
SDXL_Refine/SDXL_Refine/id_2160/images_3_refine/M1_009/sd2_gene_1_refine.png,EXCLUDED_CORRUPT,
SDXL_Refine/SDXL_Refine/id_2160/images_3_refine/M1_003/sd2_gene_1_refine.png,EXCLUDED_CORRUPT,
SDXL_Refine/SDXL_Refine/id_2160/images_3_refine/M1_001/sd2_gene_1_refine.png,EXCLUDED_CORRUPT,
SDXL_Refine/SDXL_Refine/id_2160/images_3_refine/M1_006/sd2_gene_1_refine.png,EXCLUDED_CORRUPT,
SDXL_Refine/SDXL_Refine/id_2160/images_3_refine/M1_007/sd2_gene_1_refine.png,EXCLUDED_CORRUPT,
SDXL_Refine/SDXL_Refine/id_2160/images_4_refine/M1_011/sd2_gene_1_refine.png,EXCLUDED_CORRUPT,
SDXL_Refine/SDXL_Refine/id_2160/images_4_refine/M1_008/sd2_gene_1_refine.png,EXCLUDED_CORRUPT,
SDXL_Refine/SDXL_Refine/id_2160/images_4_refine/M1_005/sd2_gene_1_refine.png,EXCLUDED_CORRUPT,
SDXL_Refine/SDXL_Refine/id_2160/images_4_refine/M1_002/sd2_gene_1_refine.png,EXCLUDED_CORRUPT,
SDXL_Refine/SDXL_Refine/id_2160/images_4_refine/M1_010/sd2_gene_1_refine.png,EXCLUDED_CORRUPT,
SDXL_Refine/SDXL_Refine/id_2160/images_4_refine/M1_000/sd2_gene_1_refine.png,EXCLUDED_CORRUPT,
SDXL_Refine/SDXL_Refine/id_2160/images_4_refine/M1_004/sd2_gene_1_refine.png,EXCLUDED_CORRUPT,
SDXL_Refine/SDXL_Refine/id_2160/images_4_refine/M1_009/sd2_gene_1_refine.png,EXCLUDED_CORRUPT,
SDXL_Refine/SDXL_Refine/id_2160/images_4_refine/M1_003/sd2_gene_1_refine.png,EXCLUDED_CORRUPT,
SDXL_Refine/SDXL_Refine/id_2160/images_4_refine/M1_001/sd2_gene_1_refine.png,EXCLUDED_CORRUPT,
SDXL_Refine/SDXL_Refine/id_2160/images_4_refine/M1_006/sd2_gene_1_refine.png,EXCLUDED_CORRUPT,
SDXL_Refine/SDXL_Refine/id_2160/images_4_refine/M1_007/sd2_gene_1_refine.png,EXCLUDED_CORRUPT,
SDXL_Refine/SDXL_Refine/id_2160/images_refine/M1_011/sd2_gene_1_refine.png,EXCLUDED_CORRUPT,
SDXL_Refine/SDXL_Refine/id_2160/images_refine/M1_008/sd2_gene_1_refine.png,EXCLUDED_CORRUPT,
SDXL_Refine/SDXL_Refine/id_2160/images_refine/M1_005/sd2_gene_1_refine.png,EXCLUDED_CORRUPT,
SDXL_Refine/SDXL_Refine/id_2160/images_refine/M1_002/sd2_gene_1_refine.png,EXCLUDED_CORRUPT,
SDXL_Refine/SDXL_Refine/id_2160/images_refine/M1_010/sd2_gene_1_refine.png,EXCLUDED_CORRUPT,
SDXL_Refine/SDXL_Refine/id_2160/images_refine/M1_000/sd2_gene_1_refine.png,EXCLUDED_CORRUPT,
SDXL_Refine/SDXL_Refine/id_2160/images_refine/M1_004/sd2_gene_1_refine.png,EXCLUDED_CORRUPT,
SDXL_Refine/SDXL_Refine/id_2160/images_refine/M1_009/sd2_gene_1_refine.png,EXCLUDED_CORRUPT,
SDXL_Refine/SDXL_Refine/id_2160/images_refine/M1_003/sd2_gene_1_refine.png,EXCLUDED_CORRUPT,
SDXL_Refine/SDXL_Refine/id_2160/images_refine/M1_001/sd2_gene_1_refine.png,EXCLUDED_CORRUPT,
SDXL_Refine/SDXL_Refine/id_2160/images_refine/M1_006/sd2_gene_1_refine.png,EXCLUDED_CORRUPT,
SDXL_Refine/SDXL_Refine/id_2160/images_refine/M1_007/sd2_gene_1_refine.png,EXCLUDED_CORRUPT,
SDXL_Refine/SDXL_Refine/id_2160/images_2_refine/M1_011/sd2_gene_1_refine.png,EXCLUDED_CORRUPT,
SDXL_Refine/SDXL_Refine/id_2160/images_2_refine/M1_008/sd2_gene_1_refine.png,EXCLUDED_CORRUPT,
SDXL_Refine/SDXL_Refine/id_2160/images_2_refine/M1_005/sd2_gene_1_refine.png,EXCLUDED_CORRUPT,
SDXL_Refine/SDXL_Refine/id_2160/images_2_refine/M1_002/sd2_gene_1_refine.png,EXCLUDED_CORRUPT,
SDXL_Refine/SDXL_Refine/id_2160/images_2_refine/M1_010/sd2_gene_1_refine.png,EXCLUDED_CORRUPT,
SDXL_Refine/SDXL_Refine/id_2160/images_2_refine/M1_000/sd2_gene_1_refine.png,EXCLUDED_CORRUPT,
SDXL_Refine/SDXL_Refine/id_2160/images_2_refine/M1_004/sd2_gene_1_refine.png,EXCLUDED_CORRUPT,
SDXL_Refine/SDXL_Refine/id_2160/images_2_refine/M1_009/sd2_gene_1_refine.png,EXCLUDED_CORRUPT,
SDXL_Refine/SDXL_Refine/id_2160/images_2_refine/M1_003/sd2_gene_1_refine.png,EXCLUDED_CORRUPT,
SDXL_Refine/SDXL_Refine/id_2160/images_2_refine/M1_001/sd2_gene_1_refine.png,EXCLUDED_CORRUPT,
SDXL_Refine/SDXL_Refine/id_2160/images_2_refine/M1_006/sd2_gene_1_refine.png,EXCLUDED_CORRUPT,
SDXL_Refine/SDXL_Refine/id_2160/images_2_refine/M1_007/sd2_gene_1_refine.png,EXCLUDED_CORRUPT,
SDXL_Refine/SDXL_Refine/id_1621/images_3_refine/M1_005/sd2_gene_1_refine.png,EXCLUDED_CORRUPT,
SDXL_Refine/SDXL_Refine/id_1621/images_3_refine/M1_002/sd2_gene_1_refine.png,EXCLUDED_CORRUPT,
SDXL_Refine/SDXL_Refine/id_1621/images_3_refine/M1_000/sd2_gene_1_refine.png,EXCLUDED_CORRUPT,
SDXL_Refine/SDXL_Refine/id_1621/images_3_refine/M1_004/sd2_gene_1_refine.png,EXCLUDED_CORRUPT,
SDXL_Refine/SDXL_Refine/id_1621/images_3_refine/M1_003/sd2_gene_1_refine.png,EXCLUDED_CORRUPT,
SDXL_Refine/SDXL_Refine/id_1621/images_3_refine/M1_001/sd2_gene_1_refine.png,EXCLUDED_CORRUPT,
SDXL_Refine/SDXL_Refine/id_1621/images_3_refine/M1_006/sd2_gene_1_refine.png,EXCLUDED_CORRUPT,
SDXL_Refine/SDXL_Refine/id_1621/images_3_refine/M1_007/sd2_gene_1_refine.png,EXCLUDED_CORRUPT,
SDXL_Refine/SDXL_Refine/id_1621/images_4_refine/M1_005/sd2_gene_1_refine.png,EXCLUDED_CORRUPT,
SDXL_Refine/SDXL_Refine/id_1621/images_4_refine/M1_002/sd2_gene_1_refine.png,EXCLUDED_CORRUPT,
SDXL_Refine/SDXL_Refine/id_1621/images_4_refine/M1_000/sd2_gene_1_refine.png,EXCLUDED_CORRUPT,
SDXL_Refine/SDXL_Refine/id_1621/images_4_refine/M1_004/sd2_gene_1_refine.png,EXCLUDED_CORRUPT,
SDXL_Refine/SDXL_Refine/id_1621/images_4_refine/M1_003/sd2_gene_1_refine.png,EXCLUDED_CORRUPT,
SDXL_Refine/SDXL_Refine/id_1621/images_4_refine/M1_001/sd2_gene_1_refine.png,EXCLUDED_CORRUPT,
SDXL_Refine/SDXL_Refine/id_1621/images_4_refine/M1_006/sd2_gene_1_refine.png,EXCLUDED_CORRUPT,
SDXL_Refine/SDXL_Refine/id_1621/images_4_refine/M1_007/sd2_gene_1_refine.png,EXCLUDED_CORRUPT,
SDXL_Refine/SDXL_Refine/id_1621/images_refine/M1_005/sd2_gene_1_refine.png,EXCLUDED_CORRUPT,
SDXL_Refine/SDXL_Refine/id_1621/images_refine/M1_002/sd2_gene_1_refine.png,EXCLUDED_CORRUPT,
SDXL_Refine/SDXL_Refine/id_1621/images_refine/M1_000/sd2_gene_1_refine.png,EXCLUDED_CORRUPT,
SDXL_Refine/SDXL_Refine/id_1621/images_refine/M1_004/sd2_gene_1_refine.png,EXCLUDED_CORRUPT,
SDXL_Refine/SDXL_Refine/id_1621/images_refine/M1_003/sd2_gene_1_refine.png,EXCLUDED_CORRUPT,
SDXL_Refine/SDXL_Refine/id_1621/images_refine/M1_001/sd2_gene_1_refine.png,EXCLUDED_CORRUPT,
SDXL_Refine/SDXL_Refine/id_1621/images_refine/M1_006/sd2_gene_1_refine.png,EXCLUDED_CORRUPT,
SDXL_Refine/SDXL_Refine/id_1621/images_refine/M1_007/sd2_gene_1_refine.png,EXCLUDED_CORRUPT,
SDXL_Refine/SDXL_Refine/id_1621/images_2_refine/M1_005/sd2_gene_1_refine.png,EXCLUDED_CORRUPT,
SDXL_Refine/SDXL_Refine/id_1621/images_2_refine/M1_002/sd2_gene_1_refine.png,EXCLUDED_CORRUPT,
SDXL_Refine/SDXL_Refine/id_1621/images_2_refine/M1_000/sd2_gene_1_refine.png,EXCLUDED_CORRUPT,
SDXL_Refine/SDXL_Refine/id_1621/images_2_refine/M1_004/sd2_gene_1_refine.png,EXCLUDED_CORRUPT,
SDXL_Refine/SDXL_Refine/id_1621/images_2_refine/M1_003/sd2_gene_1_refine.png,EXCLUDED_CORRUPT,
SDXL_Refine/SDXL_Refine/id_1621/images_2_refine/M1_001/sd2_gene_1_refine.png,EXCLUDED_CORRUPT,
SDXL_Refine/SDXL_Refine/id_1621/images_2_refine/M1_006/sd2_gene_1_refine.png,EXCLUDED_CORRUPT,
SDXL_Refine/SDXL_Refine/id_1621/images_2_refine/M1_007/sd2_gene_1_refine.png,EXCLUDED_CORRUPT,
SDXL_Refine/SDXL_Refine/id_1408/images_3_refine/M1_011/sd2_gene_1_refine.png,EXCLUDED_CORRUPT,
SDXL_Refine/SDXL_Refine/id_1408/images_3_refine/M1_008/sd2_gene_1_refine.png,EXCLUDED_CORRUPT,
SDXL_Refine/SDXL_Refine/id_1408/images_3_refine/M1_005/sd2_gene_1_refine.png,EXCLUDED_CORRUPT,
SDXL_Refine/SDXL_Refine/id_1408/images_3_refine/M1_002/sd2_gene_1_refine.png,EXCLUDED_CORRUPT,
SDXL_Refine/SDXL_Refine/id_1408/images_3_refine/M1_010/sd2_gene_1_refine.png,EXCLUDED_CORRUPT,
SDXL_Refine/SDXL_Refine/id_1408/images_3_refine/M1_000/sd2_gene_1_refine.png,EXCLUDED_CORRUPT,
SDXL_Refine/SDXL_Refine/id_1408/images_3_refine/M1_004/sd2_gene_1_refine.png,EXCLUDED_CORRUPT,
SDXL_Refine/SDXL_Refine/id_1408/images_3_refine/M1_009/sd2_gene_1_refine.png,EXCLUDED_CORRUPT,
SDXL_Refine/SDXL_Refine/id_1408/images_3_refine/M1_003/sd2_gene_1_refine.png,EXCLUDED_CORRUPT,
SDXL_Refine/SDXL_Refine/id_1408/images_3_refine/M1_001/sd2_gene_1_refine.png,EXCLUDED_CORRUPT,
SDXL_Refine/SDXL_Refine/id_1408/images_3_refine/M1_006/sd2_gene_1_refine.png,EXCLUDED_CORRUPT,
SDXL_Refine/SDXL_Refine/id_1408/images_3_refine/M1_007/sd2_gene_1_refine.png,EXCLUDED_CORRUPT,
SDXL_Refine/SDXL_Refine/id_1408/images_4_refine/M1_011/sd2_gene_1_refine.png,EXCLUDED_CORRUPT,
SDXL_Refine/SDXL_Refine/id_1408/images_4_refine/M1_008/sd2_gene_1_refine.png,EXCLUDED_CORRUPT,
SDXL_Refine/SDXL_Refine/id_1408/images_4_refine/M1_005/sd2_gene_1_refine.png,EXCLUDED_CORRUPT,
SDXL_Refine/SDXL_Refine/id_1408/images_4_refine/M1_002/sd2_gene_1_refine.png,EXCLUDED_CORRUPT,
SDXL_Refine/SDXL_Refine/id_1408/images_4_refine/M1_010/sd2_gene_1_refine.png,EXCLUDED_CORRUPT,
SDXL_Refine/SDXL_Refine/id_1408/images_4_refine/M1_000/sd2_gene_1_refine.png,EXCLUDED_CORRUPT,
SDXL_Refine/SDXL_Refine/id_1408/images_4_refine/M1_004/sd2_gene_1_refine.png,EXCLUDED_CORRUPT,
SDXL_Refine/SDXL_Refine/id_1408/images_4_refine/M1_009/sd2_gene_1_refine.png,EXCLUDED_CORRUPT,
SDXL_Refine/SDXL_Refine/id_1408/images_4_refine/M1_003/sd2_gene_1_refine.png,EXCLUDED_CORRUPT,
SDXL_Refine/SDXL_Refine/id_1408/images_4_refine/M1_001/sd2_gene_1_refine.png,EXCLUDED_CORRUPT,
SDXL_Refine/SDXL_Refine/id_1408/images_4_refine/M1_006/sd2_gene_1_refine.png,EXCLUDED_CORRUPT,
SDXL_Refine/SDXL_Refine/id_1408/images_4_refine/M1_007/sd2_gene_1_refine.png,EXCLUDED_CORRUPT,
SDXL_Refine/SDXL_Refine/id_1408/images_refine/M1_011/sd2_gene_1_refine.png,EXCLUDED_CORRUPT,
SDXL_Refine/SDXL_Refine/id_1408/images_refine/M1_008/sd2_gene_1_refine.png,EXCLUDED_CORRUPT,
SDXL_Refine/SDXL_Refine/id_1408/images_refine/M1_005/sd2_gene_1_refine.png,EXCLUDED_CORRUPT,
SDXL_Refine/SDXL_Refine/id_1408/images_refine/M1_002/sd2_gene_1_refine.png,EXCLUDED_CORRUPT,
SDXL_Refine/SDXL_Refine/id_1408/images_refine/M1_010/sd2_gene_1_refine.png,EXCLUDED_CORRUPT,
SDXL_Refine/SDXL_Refine/id_1408/images_refine/M1_000/sd2_gene_1_refine.png,EXCLUDED_CORRUPT,
SDXL_Refine/SDXL_Refine/id_1408/images_refine/M1_004/sd2_gene_1_refine.png,EXCLUDED_CORRUPT,
SDXL_Refine/SDXL_Refine/id_1408/images_refine/M1_009/sd2_gene_1_refine.png,EXCLUDED_CORRUPT,
SDXL_Refine/SDXL_Refine/id_1408/images_refine/M1_003/sd2_gene_1_refine.png,EXCLUDED_CORRUPT,
SDXL_Refine/SDXL_Refine/id_1408/images_refine/M1_001/sd2_gene_1_refine.png,EXCLUDED_CORRUPT,
SDXL_Refine/SDXL_Refine/id_1408/images_refine/M1_006/sd2_gene_1_refine.png,EXCLUDED_CORRUPT,
SDXL_Refine/SDXL_Refine/id_1408/images_refine/M1_007/sd2_gene_1_refine.png,EXCLUDED_CORRUPT,
SDXL_Refine/SDXL_Refine/id_1408/images_2_refine/M1_011/sd2_gene_1_refine.png,EXCLUDED_CORRUPT,
SDXL_Refine/SDXL_Refine/id_1408/images_2_refine/M1_008/sd2_gene_1_refine.png,EXCLUDED_CORRUPT,
SDXL_Refine/SDXL_Refine/id_1408/images_2_refine/M1_005/sd2_gene_1_refine.png,EXCLUDED_CORRUPT,
SDXL_Refine/SDXL_Refine/id_1408/images_2_refine/M1_002/sd2_gene_1_refine.png,EXCLUDED_CORRUPT,
SDXL_Refine/SDXL_Refine/id_1408/images_2_refine/M1_010/sd2_gene_1_refine.png,EXCLUDED_CORRUPT,
SDXL_Refine/SDXL_Refine/id_1408/images_2_refine/M1_000/sd2_gene_1_refine.png,EXCLUDED_CORRUPT,
SDXL_Refine/SDXL_Refine/id_1408/images_2_refine/M1_004/sd2_gene_1_refine.png,EXCLUDED_CORRUPT,
SDXL_Refine/SDXL_Refine/id_1408/images_2_refine/M1_009/sd2_gene_1_refine.png,EXCLUDED_CORRUPT,
SDXL_Refine/SDXL_Refine/id_1408/images_2_refine/M1_003/sd2_gene_1_refine.png,EXCLUDED_CORRUPT,
SDXL_Refine/SDXL_Refine/id_1408/images_2_refine/M1_001/sd2_gene_1_refine.png,EXCLUDED_CORRUPT,
SDXL_Refine/SDXL_Refine/id_1408/images_2_refine/M1_006/sd2_gene_1_refine.png,EXCLUDED_CORRUPT,
SDXL_Refine/SDXL_Refine/id_1408/images_2_refine/M1_007/sd2_gene_1_refine.png,EXCLUDED_CORRUPT,
SDXL_Refine/SDXL_Refine/id_1310/images_3_refine/M1_002/sd2_gene_1_refine.png,EXCLUDED_CORRUPT,
SDXL_Refine/SDXL_Refine/id_1310/images_3_refine/M1_000/sd2_gene_1_refine.png,EXCLUDED_CORRUPT,
SDXL_Refine/SDXL_Refine/id_1310/images_3_refine/M1_003/sd2_gene_1_refine.png,EXCLUDED_CORRUPT,
SDXL_Refine/SDXL_Refine/id_1310/images_3_refine/M1_001/sd2_gene_1_refine.png,EXCLUDED_CORRUPT,
SDXL_Refine/SDXL_Refine/id_1310/images_4_refine/M1_002/sd2_gene_1_refine.png,EXCLUDED_CORRUPT,
SDXL_Refine/SDXL_Refine/id_1310/images_4_refine/M1_000/sd2_gene_1_refine.png,EXCLUDED_CORRUPT,
SDXL_Refine/SDXL_Refine/id_1310/images_4_refine/M1_003/sd2_gene_1_refine.png,EXCLUDED_CORRUPT,
SDXL_Refine/SDXL_Refine/id_1310/images_4_refine/M1_001/sd2_gene_1_refine.png,EXCLUDED_CORRUPT,
SDXL_Refine/SDXL_Refine/id_1310/images_refine/M1_002/sd2_gene_1_refine.png,EXCLUDED_CORRUPT,
SDXL_Refine/SDXL_Refine/id_1310/images_refine/M1_000/sd2_gene_1_refine.png,EXCLUDED_CORRUPT,
SDXL_Refine/SDXL_Refine/id_1310/images_refine/M1_003/sd2_gene_1_refine.png,EXCLUDED_CORRUPT,
SDXL_Refine/SDXL_Refine/id_1310/images_2_refine/M1_002/sd2_gene_1_refine.png,EXCLUDED_CORRUPT,
SDXL_Refine/SDXL_Refine/id_1310/images_2_refine/M1_000/sd2_gene_1_refine.png,EXCLUDED_CORRUPT,
SDXL_Refine/SDXL_Refine/id_1310/images_2_refine/M1_003/sd2_gene_1_refine.png,EXCLUDED_CORRUPT,
SDXL_Refine/SDXL_Refine/id_1918/images_3_refine/M1_002/sd2_gene_1_refine.png,EXCLUDED_CORRUPT,
SDXL_Refine/SDXL_Refine/id_1918/images_3_refine/M1_000/sd2_gene_1_refine.png,EXCLUDED_CORRUPT,
SDXL_Refine/SDXL_Refine/id_1918/images_3_refine/M1_003/sd2_gene_1_refine.png,EXCLUDED_CORRUPT,
SDXL_Refine/SDXL_Refine/id_1918/images_3_refine/M1_001/sd2_gene_1_refine.png,EXCLUDED_CORRUPT,
SDXL_Refine/SDXL_Refine/id_1918/images_4_refine/M1_002/sd2_gene_1_refine.png,EXCLUDED_CORRUPT,
SDXL_Refine/SDXL_Refine/id_1918/images_4_refine/M1_000/sd2_gene_1_refine.png,EXCLUDED_CORRUPT,
SDXL_Refine/SDXL_Refine/id_1918/images_4_refine/M1_003/sd2_gene_1_refine.png,EXCLUDED_CORRUPT,
SDXL_Refine/SDXL_Refine/id_1918/images_refine/M1_002/sd2_gene_1_refine.png,EXCLUDED_CORRUPT,
SDXL_Refine/SDXL_Refine/id_1918/images_refine/M1_000/sd2_gene_1_refine.png,EXCLUDED_CORRUPT,
SDXL_Refine/SDXL_Refine/id_1918/images_refine/M1_003/sd2_gene_1_refine.png,EXCLUDED_CORRUPT,
SDXL_Refine/SDXL_Refine/id_1918/images_refine/M1_001/sd2_gene_1_refine.png,EXCLUDED_CORRUPT,
SDXL_Refine/SDXL_Refine/id_1918/images_2_refine/M1_002/sd2_gene_1_refine.png,EXCLUDED_CORRUPT,
SDXL_Refine/SDXL_Refine/id_1918/images_2_refine/M1_000/sd2_gene_1_refine.png,EXCLUDED_CORRUPT,
SDXL_Refine/SDXL_Refine/id_1918/images_2_refine/M1_003/sd2_gene_1_refine.png,EXCLUDED_CORRUPT,
SDXL_Refine/SDXL_Refine/id_1918/images_2_refine/M1_001/sd2_gene_1_refine.png,EXCLUDED_CORRUPT,
SDXL_Refine/SDXL_Refine/id_0948/images_3_refine/M1_025/sd2_gene_1_refine.png,EXCLUDED_CORRUPT,
SDXL_Refine/SDXL_Refine/id_0948/images_3_refine/M1_044/sd2_gene_1_refine.png,EXCLUDED_CORRUPT,
SDXL_Refine/SDXL_Refine/id_0948/images_3_refine/M1_030/sd2_gene_1_refine.png,EXCLUDED_CORRUPT,
SDXL_Refine/SDXL_Refine/id_0948/images_3_refine/M1_017/sd2_gene_1_refine.png,EXCLUDED_CORRUPT,
SDXL_Refine/SDXL_Refine/id_0948/images_3_refine/M1_035/sd2_gene_1_refine.png,EXCLUDED_CORRUPT,
SDXL_Refine/SDXL_Refine/id_0948/images_3_refine/M1_011/sd2_gene_1_refine.png,EXCLUDED_CORRUPT,
SDXL_Refine/SDXL_Refine/id_0948/images_3_refine/M1_008/sd2_gene_1_refine.png,EXCLUDED_CORRUPT,
SDXL_Refine/SDXL_Refine/id_0948/images_3_refine/M1_037/sd2_gene_1_refine.png,EXCLUDED_CORRUPT,
SDXL_Refine/SDXL_Refine/id_0948/images_3_refine/M1_005/sd2_gene_1_refine.png,EXCLUDED_CORRUPT,
SDXL_Refine/SDXL_Refine/id_0948/images_3_refine/M1_043/sd2_gene_1_refine.png,EXCLUDED_CORRUPT,
SDXL_Refine/SDXL_Refine/id_0948/images_3_refine/M1_058/sd2_gene_1_refine.png,EXCLUDED_CORRUPT,
SDXL_Refine/SDXL_Refine/id_0948/images_3_refine/M1_059/sd2_gene_1_refine.png,EXCLUDED_CORRUPT,
SDXL_Refine/SDXL_Refine/id_0948/images_3_refine/M1_002/sd2_gene_1_refine.png,EXCLUDED_CORRUPT,
SDXL_Refine/SDXL_Refine/id_0948/images_3_refine/M1_010/sd2_gene_1_refine.png,EXCLUDED_CORRUPT,
SDXL_Refine/SDXL_Refine/id_0948/images_3_refine/M1_027/sd2_gene_1_refine.png,EXCLUDED_CORRUPT,
SDXL_Refine/SDXL_Refine/id_0948/images_3_refine/M1_056/sd2_gene_1_refine.png,EXCLUDED_CORRUPT,
SDXL_Refine/SDXL_Refine/id_0948/images_3_refine/M1_050/sd2_gene_1_refine.png,EXCLUDED_CORRUPT,
SDXL_Refine/SDXL_Refine/id_0948/images_3_refine/M1_042/sd2_gene_1_refine.png,EXCLUDED_CORRUPT,
SDXL_Refine/SDXL_Refine/id_0948/images_3_refine/M1_026/sd2_gene_1_refine.png,EXCLUDED_CORRUPT,
SDXL_Refine/SDXL_Refine/id_0948/images_3_refine/M1_047/sd2_gene_1_refine.png,EXCLUDED_CORRUPT,
SDXL_Refine/SDXL_Refine/id_0948/images_3_refine/M1_054/sd2_gene_1_refine.png,EXCLUDED_CORRUPT,
SDXL_Refine/SDXL_Refine/id_0948/images_3_refine/M1_045/sd2_gene_1_refine.png,EXCLUDED_CORRUPT,
SDXL_Refine/SDXL_Refine/id_0948/images_3_refine/M1_046/sd2_gene_1_refine.png,EXCLUDED_CORRUPT,
SDXL_Refine/SDXL_Refine/id_0948/images_3_refine/M1_023/sd2_gene_1_refine.png,EXCLUDED_CORRUPT,
SDXL_Refine/SDXL_Refine/id_0948/images_3_refine/M1_033/sd2_gene_1_refine.png,EXCLUDED_CORRUPT,
SDXL_Refine/SDXL_Refine/id_0948/images_3_refine/M1_000/sd2_gene_1_refine.png,EXCLUDED_CORRUPT,
SDXL_Refine/SDXL_Refine/id_0948/images_3_refine/M1_019/sd2_gene_1_refine.png,EXCLUDED_CORRUPT,
SDXL_Refine/SDXL_Refine/id_0948/images_3_refine/M1_004/sd2_gene_1_refine.png,EXCLUDED_CORRUPT,
SDXL_Refine/SDXL_Refine/id_0948/images_3_refine/M1_038/sd2_gene_1_refine.png,EXCLUDED_CORRUPT,
SDXL_Refine/SDXL_Refine/id_0948/images_3_refine/M1_018/sd2_gene_1_refine.png,EXCLUDED_CORRUPT,
SDXL_Refine/SDXL_Refine/id_0948/images_3_refine/M1_016/sd2_gene_1_refine.png,EXCLUDED_CORRUPT,
SDXL_Refine/SDXL_Refine/id_0948/images_3_refine/M1_009/sd2_gene_1_refine.png,EXCLUDED_CORRUPT,
SDXL_Refine/SDXL_Refine/id_0948/images_3_refine/M1_048/sd2_gene_1_refine.png,EXCLUDED_CORRUPT,
SDXL_Refine/SDXL_Refine/id_0948/images_3_refine/M1_022/sd2_gene_1_refine.png,EXCLUDED_CORRUPT,
SDXL_Refine/SDXL_Refine/id_0948/images_3_refine/M1_049/sd2_gene_1_refine.png,EXCLUDED_CORRUPT,
SDXL_Refine/SDXL_Refine/id_0948/images_3_refine/M1_015/sd2_gene_1_refine.png,EXCLUDED_CORRUPT,
SDXL_Refine/SDXL_Refine/id_0948/images_3_refine/M1_053/sd2_gene_1_refine.png,EXCLUDED_CORRUPT,
SDXL_Refine/SDXL_Refine/id_0948/images_3_refine/M1_039/sd2_gene_1_refine.png,EXCLUDED_CORRUPT,
SDXL_Refine/SDXL_Refine/id_0948/images_3_refine/M1_024/sd2_gene_1_refine.png,EXCLUDED_CORRUPT,
SDXL_Refine/SDXL_Refine/id_0948/images_3_refine/M1_021/sd2_gene_1_refine.png,EXCLUDED_CORRUPT,
SDXL_Refine/SDXL_Refine/id_0948/images_3_refine/M1_003/sd2_gene_1_refine.png,EXCLUDED_CORRUPT,
SDXL_Refine/SDXL_Refine/id_0948/images_3_refine/M1_001/sd2_gene_1_refine.png,EXCLUDED_CORRUPT,
SDXL_Refine/SDXL_Refine/id_0948/images_3_refine/M1_032/sd2_gene_1_refine.png,EXCLUDED_CORRUPT,
SDXL_Refine/SDXL_Refine/id_0948/images_3_refine/M1_020/sd2_gene_1_refine.png,EXCLUDED_CORRUPT,
SDXL_Refine/SDXL_Refine/id_0948/images_3_refine/M1_036/sd2_gene_1_refine.png,EXCLUDED_CORRUPT,
SDXL_Refine/SDXL_Refine/id_0948/images_3_refine/M1_014/sd2_gene_1_refine.png,EXCLUDED_CORRUPT,
SDXL_Refine/SDXL_Refine/id_0948/images_3_refine/M1_055/sd2_gene_1_refine.png,EXCLUDED_CORRUPT,
SDXL_Refine/SDXL_Refine/id_0948/images_3_refine/M1_029/sd2_gene_1_refine.png,EXCLUDED_CORRUPT,
SDXL_Refine/SDXL_Refine/id_0948/images_3_refine/M1_057/sd2_gene_1_refine.png,EXCLUDED_CORRUPT,
SDXL_Refine/SDXL_Refine/id_0948/images_3_refine/M1_034/sd2_gene_1_refine.png,EXCLUDED_CORRUPT,
SDXL_Refine/SDXL_Refine/id_0948/images_3_refine/M1_006/sd2_gene_1_refine.png,EXCLUDED_CORRUPT,
SDXL_Refine/SDXL_Refine/id_0948/images_3_refine/M1_051/sd2_gene_1_refine.png,EXCLUDED_CORRUPT,
SDXL_Refine/SDXL_Refine/id_0948/images_3_refine/M1_007/sd2_gene_1_refine.png,EXCLUDED_CORRUPT,
SDXL_Refine/SDXL_Refine/id_0948/images_3_refine/M1_012/sd2_gene_1_refine.png,EXCLUDED_CORRUPT,
SDXL_Refine/SDXL_Refine/id_0948/images_3_refine/M1_031/sd2_gene_1_refine.png,EXCLUDED_CORRUPT,
SDXL_Refine/SDXL_Refine/id_0948/images_3_refine/M1_041/sd2_gene_1_refine.png,EXCLUDED_CORRUPT,
SDXL_Refine/SDXL_Refine/id_0948/images_3_refine/M1_013/sd2_gene_1_refine.png,EXCLUDED_CORRUPT,
SDXL_Refine/SDXL_Refine/id_0948/images_3_refine/M1_052/sd2_gene_1_refine.png,EXCLUDED_CORRUPT,
SDXL_Refine/SDXL_Refine/id_0948/images_4_refine/M1_025/sd2_gene_1_refine.png,EXCLUDED_CORRUPT,
SDXL_Refine/SDXL_Refine/id_0948/images_4_refine/M1_044/sd2_gene_1_refine.png,EXCLUDED_CORRUPT,
SDXL_Refine/SDXL_Refine/id_0948/images_4_refine/M1_030/sd2_gene_1_refine.png,EXCLUDED_CORRUPT,
SDXL_Refine/SDXL_Refine/id_0948/images_4_refine/M1_017/sd2_gene_1_refine.png,EXCLUDED_CORRUPT,
SDXL_Refine/SDXL_Refine/id_0948/images_4_refine/M1_035/sd2_gene_1_refine.png,EXCLUDED_CORRUPT,
SDXL_Refine/SDXL_Refine/id_0948/images_4_refine/M1_011/sd2_gene_1_refine.png,EXCLUDED_CORRUPT,
SDXL_Refine/SDXL_Refine/id_0948/images_4_refine/M1_008/sd2_gene_1_refine.png,EXCLUDED_CORRUPT,
SDXL_Refine/SDXL_Refine/id_0948/images_4_refine/M1_037/sd2_gene_1_refine.png,EXCLUDED_CORRUPT,
SDXL_Refine/SDXL_Refine/id_0948/images_4_refine/M1_005/sd2_gene_1_refine.png,EXCLUDED_CORRUPT,
SDXL_Refine/SDXL_Refine/id_0948/images_4_refine/M1_043/sd2_gene_1_refine.png,EXCLUDED_CORRUPT,
SDXL_Refine/SDXL_Refine/id_0948/images_4_refine/M1_058/sd2_gene_1_refine.png,EXCLUDED_CORRUPT,
SDXL_Refine/SDXL_Refine/id_0948/images_4_refine/M1_059/sd2_gene_1_refine.png,EXCLUDED_CORRUPT,
SDXL_Refine/SDXL_Refine/id_0948/images_4_refine/M1_002/sd2_gene_1_refine.png,EXCLUDED_CORRUPT,
SDXL_Refine/SDXL_Refine/id_0948/images_4_refine/M1_010/sd2_gene_1_refine.png,EXCLUDED_CORRUPT,
SDXL_Refine/SDXL_Refine/id_0948/images_4_refine/M1_027/sd2_gene_1_refine.png,EXCLUDED_CORRUPT,
SDXL_Refine/SDXL_Refine/id_0948/images_4_refine/M1_056/sd2_gene_1_refine.png,EXCLUDED_CORRUPT,
SDXL_Refine/SDXL_Refine/id_0948/images_4_refine/M1_050/sd2_gene_1_refine.png,EXCLUDED_CORRUPT,
SDXL_Refine/SDXL_Refine/id_0948/images_4_refine/M1_026/sd2_gene_1_refine.png,EXCLUDED_CORRUPT,
SDXL_Refine/SDXL_Refine/id_0948/images_4_refine/M1_047/sd2_gene_1_refine.png,EXCLUDED_CORRUPT,
SDXL_Refine/SDXL_Refine/id_0948/images_4_refine/M1_054/sd2_gene_1_refine.png,EXCLUDED_CORRUPT,
SDXL_Refine/SDXL_Refine/id_0948/images_4_refine/M1_045/sd2_gene_1_refine.png,EXCLUDED_CORRUPT,
SDXL_Refine/SDXL_Refine/id_0948/images_4_refine/M1_046/sd2_gene_1_refine.png,EXCLUDED_CORRUPT,
SDXL_Refine/SDXL_Refine/id_0948/images_4_refine/M1_023/sd2_gene_1_refine.png,EXCLUDED_CORRUPT,
SDXL_Refine/SDXL_Refine/id_0948/images_4_refine/M1_033/sd2_gene_1_refine.png,EXCLUDED_CORRUPT,
SDXL_Refine/SDXL_Refine/id_0948/images_4_refine/M1_000/sd2_gene_1_refine.png,EXCLUDED_CORRUPT,
SDXL_Refine/SDXL_Refine/id_0948/images_4_refine/M1_019/sd2_gene_1_refine.png,EXCLUDED_CORRUPT,
SDXL_Refine/SDXL_Refine/id_0948/images_4_refine/M1_004/sd2_gene_1_refine.png,EXCLUDED_CORRUPT,
SDXL_Refine/SDXL_Refine/id_0948/images_4_refine/M1_038/sd2_gene_1_refine.png,EXCLUDED_CORRUPT,
SDXL_Refine/SDXL_Refine/id_0948/images_4_refine/M1_018/sd2_gene_1_refine.png,EXCLUDED_CORRUPT,
SDXL_Refine/SDXL_Refine/id_0948/images_4_refine/M1_016/sd2_gene_1_refine.png,EXCLUDED_CORRUPT,
SDXL_Refine/SDXL_Refine/id_0948/images_4_refine/M1_009/sd2_gene_1_refine.png,EXCLUDED_CORRUPT,
SDXL_Refine/SDXL_Refine/id_0948/images_4_refine/M1_048/sd2_gene_1_refine.png,EXCLUDED_CORRUPT,
SDXL_Refine/SDXL_Refine/id_0948/images_4_refine/M1_022/sd2_gene_1_refine.png,EXCLUDED_CORRUPT,
SDXL_Refine/SDXL_Refine/id_0948/images_4_refine/M1_049/sd2_gene_1_refine.png,EXCLUDED_CORRUPT,
SDXL_Refine/SDXL_Refine/id_0948/images_4_refine/M1_015/sd2_gene_1_refine.png,EXCLUDED_CORRUPT,
SDXL_Refine/SDXL_Refine/id_0948/images_4_refine/M1_053/sd2_gene_1_refine.png,EXCLUDED_CORRUPT,
SDXL_Refine/SDXL_Refine/id_0948/images_4_refine/M1_039/sd2_gene_1_refine.png,EXCLUDED_CORRUPT,
SDXL_Refine/SDXL_Refine/id_0948/images_4_refine/M1_024/sd2_gene_1_refine.png,EXCLUDED_CORRUPT,
SDXL_Refine/SDXL_Refine/id_0948/images_4_refine/M1_021/sd2_gene_1_refine.png,EXCLUDED_CORRUPT,
SDXL_Refine/SDXL_Refine/id_0948/images_4_refine/M1_040/sd2_gene_1_refine.png,EXCLUDED_CORRUPT,
SDXL_Refine/SDXL_Refine/id_0948/images_4_refine/M1_003/sd2_gene_1_refine.png,EXCLUDED_CORRUPT,
SDXL_Refine/SDXL_Refine/id_0948/images_4_refine/M1_001/sd2_gene_1_refine.png,EXCLUDED_CORRUPT,
SDXL_Refine/SDXL_Refine/id_0948/images_4_refine/M1_020/sd2_gene_1_refine.png,EXCLUDED_CORRUPT,
SDXL_Refine/SDXL_Refine/id_0948/images_4_refine/M1_036/sd2_gene_1_refine.png,EXCLUDED_CORRUPT,
SDXL_Refine/SDXL_Refine/id_0948/images_4_refine/M1_014/sd2_gene_1_refine.png,EXCLUDED_CORRUPT,
SDXL_Refine/SDXL_Refine/id_0948/images_4_refine/M1_055/sd2_gene_1_refine.png,EXCLUDED_CORRUPT,
SDXL_Refine/SDXL_Refine/id_0948/images_4_refine/M1_029/sd2_gene_1_refine.png,EXCLUDED_CORRUPT,
SDXL_Refine/SDXL_Refine/id_0948/images_4_refine/M1_057/sd2_gene_1_refine.png,EXCLUDED_CORRUPT,
SDXL_Refine/SDXL_Refine/id_0948/images_4_refine/M1_034/sd2_gene_1_refine.png,EXCLUDED_CORRUPT,
SDXL_Refine/SDXL_Refine/id_0948/images_4_refine/M1_006/sd2_gene_1_refine.png,EXCLUDED_CORRUPT,
SDXL_Refine/SDXL_Refine/id_0948/images_4_refine/M1_051/sd2_gene_1_refine.png,EXCLUDED_CORRUPT,
SDXL_Refine/SDXL_Refine/id_0948/images_4_refine/M1_007/sd2_gene_1_refine.png,EXCLUDED_CORRUPT,
SDXL_Refine/SDXL_Refine/id_0948/images_4_refine/M1_012/sd2_gene_1_refine.png,EXCLUDED_CORRUPT,
SDXL_Refine/SDXL_Refine/id_0948/images_4_refine/M1_031/sd2_gene_1_refine.png,EXCLUDED_CORRUPT,
SDXL_Refine/SDXL_Refine/id_0948/images_4_refine/M1_041/sd2_gene_1_refine.png,EXCLUDED_CORRUPT,
SDXL_Refine/SDXL_Refine/id_0948/images_4_refine/M1_013/sd2_gene_1_refine.png,EXCLUDED_CORRUPT,
SDXL_Refine/SDXL_Refine/id_0948/images_4_refine/M1_052/sd2_gene_1_refine.png,EXCLUDED_CORRUPT,
SDXL_Refine/SDXL_Refine/id_0948/images_refine/M1_025/sd2_gene_1_refine.png,EXCLUDED_CORRUPT,
SDXL_Refine/SDXL_Refine/id_0948/images_refine/M1_044/sd2_gene_1_refine.png,EXCLUDED_CORRUPT,
SDXL_Refine/SDXL_Refine/id_0948/images_refine/M1_030/sd2_gene_1_refine.png,EXCLUDED_CORRUPT,
SDXL_Refine/SDXL_Refine/id_0948/images_refine/M1_017/sd2_gene_1_refine.png,EXCLUDED_CORRUPT,
SDXL_Refine/SDXL_Refine/id_0948/images_refine/M1_008/sd2_gene_1_refine.png,EXCLUDED_CORRUPT,
SDXL_Refine/SDXL_Refine/id_0948/images_refine/M1_028/sd2_gene_1_refine.png,EXCLUDED_CORRUPT,
SDXL_Refine/SDXL_Refine/id_0948/images_refine/M1_037/sd2_gene_1_refine.png,EXCLUDED_CORRUPT,
SDXL_Refine/SDXL_Refine/id_0948/images_refine/M1_005/sd2_gene_1_refine.png,EXCLUDED_CORRUPT,
SDXL_Refine/SDXL_Refine/id_0948/images_refine/M1_043/sd2_gene_1_refine.png,EXCLUDED_CORRUPT,
SDXL_Refine/SDXL_Refine/id_0948/images_refine/M1_058/sd2_gene_1_refine.png,EXCLUDED_CORRUPT,
SDXL_Refine/SDXL_Refine/id_0948/images_refine/M1_059/sd2_gene_1_refine.png,EXCLUDED_CORRUPT,
SDXL_Refine/SDXL_Refine/id_0948/images_refine/M1_002/sd2_gene_1_refine.png,EXCLUDED_CORRUPT,
SDXL_Refine/SDXL_Refine/id_0948/images_refine/M1_027/sd2_gene_1_refine.png,EXCLUDED_CORRUPT,
SDXL_Refine/SDXL_Refine/id_0948/images_refine/M1_056/sd2_gene_1_refine.png,EXCLUDED_CORRUPT,
SDXL_Refine/SDXL_Refine/id_0948/images_refine/M1_050/sd2_gene_1_refine.png,EXCLUDED_CORRUPT,
SDXL_Refine/SDXL_Refine/id_0948/images_refine/M1_042/sd2_gene_1_refine.png,EXCLUDED_CORRUPT,
SDXL_Refine/SDXL_Refine/id_0948/images_refine/M1_026/sd2_gene_1_refine.png,EXCLUDED_CORRUPT,
SDXL_Refine/SDXL_Refine/id_0948/images_refine/M1_047/sd2_gene_1_refine.png,EXCLUDED_CORRUPT,
SDXL_Refine/SDXL_Refine/id_0948/images_refine/M1_054/sd2_gene_1_refine.png,EXCLUDED_CORRUPT,
SDXL_Refine/SDXL_Refine/id_0948/images_refine/M1_045/sd2_gene_1_refine.png,EXCLUDED_CORRUPT,
SDXL_Refine/SDXL_Refine/id_0948/images_refine/M1_023/sd2_gene_1_refine.png,EXCLUDED_CORRUPT,
SDXL_Refine/SDXL_Refine/id_0948/images_refine/M1_033/sd2_gene_1_refine.png,EXCLUDED_CORRUPT,
SDXL_Refine/SDXL_Refine/id_0948/images_refine/M1_000/sd2_gene_1_refine.png,EXCLUDED_CORRUPT,
SDXL_Refine/SDXL_Refine/id_0948/images_refine/M1_019/sd2_gene_1_refine.png,EXCLUDED_CORRUPT,
SDXL_Refine/SDXL_Refine/id_0948/images_refine/M1_004/sd2_gene_1_refine.png,EXCLUDED_CORRUPT,
SDXL_Refine/SDXL_Refine/id_0948/images_refine/M1_038/sd2_gene_1_refine.png,EXCLUDED_CORRUPT,
SDXL_Refine/SDXL_Refine/id_0948/images_refine/M1_018/sd2_gene_1_refine.png,EXCLUDED_CORRUPT,
SDXL_Refine/SDXL_Refine/id_0948/images_refine/M1_016/sd2_gene_1_refine.png,EXCLUDED_CORRUPT,
SDXL_Refine/SDXL_Refine/id_0948/images_refine/M1_009/sd2_gene_1_refine.png,EXCLUDED_CORRUPT,
SDXL_Refine/SDXL_Refine/id_0948/images_refine/M1_048/sd2_gene_1_refine.png,EXCLUDED_CORRUPT,
SDXL_Refine/SDXL_Refine/id_0948/images_refine/M1_049/sd2_gene_1_refine.png,EXCLUDED_CORRUPT,
SDXL_Refine/SDXL_Refine/id_0948/images_refine/M1_015/sd2_gene_1_refine.png,EXCLUDED_CORRUPT,
SDXL_Refine/SDXL_Refine/id_0948/images_refine/M1_053/sd2_gene_1_refine.png,EXCLUDED_CORRUPT,
SDXL_Refine/SDXL_Refine/id_0948/images_refine/M1_039/sd2_gene_1_refine.png,EXCLUDED_CORRUPT,
SDXL_Refine/SDXL_Refine/id_0948/images_refine/M1_024/sd2_gene_1_refine.png,EXCLUDED_CORRUPT,
SDXL_Refine/SDXL_Refine/id_0948/images_refine/M1_021/sd2_gene_1_refine.png,EXCLUDED_CORRUPT,
SDXL_Refine/SDXL_Refine/id_0948/images_refine/M1_040/sd2_gene_1_refine.png,EXCLUDED_CORRUPT,
SDXL_Refine/SDXL_Refine/id_0948/images_refine/M1_003/sd2_gene_1_refine.png,EXCLUDED_CORRUPT,
SDXL_Refine/SDXL_Refine/id_0948/images_refine/M1_001/sd2_gene_1_refine.png,EXCLUDED_CORRUPT,
SDXL_Refine/SDXL_Refine/id_0948/images_refine/M1_032/sd2_gene_1_refine.png,EXCLUDED_CORRUPT,
SDXL_Refine/SDXL_Refine/id_0948/images_refine/M1_020/sd2_gene_1_refine.png,EXCLUDED_CORRUPT,
SDXL_Refine/SDXL_Refine/id_0948/images_refine/M1_036/sd2_gene_1_refine.png,EXCLUDED_CORRUPT,
SDXL_Refine/SDXL_Refine/id_0948/images_refine/M1_014/sd2_gene_1_refine.png,EXCLUDED_CORRUPT,
SDXL_Refine/SDXL_Refine/id_0948/images_refine/M1_055/sd2_gene_1_refine.png,EXCLUDED_CORRUPT,
SDXL_Refine/SDXL_Refine/id_0948/images_refine/M1_029/sd2_gene_1_refine.png,EXCLUDED_CORRUPT,
SDXL_Refine/SDXL_Refine/id_0948/images_refine/M1_057/sd2_gene_1_refine.png,EXCLUDED_CORRUPT,
SDXL_Refine/SDXL_Refine/id_0948/images_refine/M1_034/sd2_gene_1_refine.png,EXCLUDED_CORRUPT,
SDXL_Refine/SDXL_Refine/id_0948/images_refine/M1_006/sd2_gene_1_refine.png,EXCLUDED_CORRUPT,
SDXL_Refine/SDXL_Refine/id_0948/images_refine/M1_051/sd2_gene_1_refine.png,EXCLUDED_CORRUPT,
SDXL_Refine/SDXL_Refine/id_0948/images_refine/M1_007/sd2_gene_1_refine.png,EXCLUDED_CORRUPT,
SDXL_Refine/SDXL_Refine/id_0948/images_refine/M1_012/sd2_gene_1_refine.png,EXCLUDED_CORRUPT,
SDXL_Refine/SDXL_Refine/id_0948/images_refine/M1_031/sd2_gene_1_refine.png,EXCLUDED_CORRUPT,
SDXL_Refine/SDXL_Refine/id_0948/images_refine/M1_041/sd2_gene_1_refine.png,EXCLUDED_CORRUPT,
SDXL_Refine/SDXL_Refine/id_0948/images_refine/M1_013/sd2_gene_1_refine.png,EXCLUDED_CORRUPT,
SDXL_Refine/SDXL_Refine/id_0948/images_refine/M1_052/sd2_gene_1_refine.png,EXCLUDED_CORRUPT,
SDXL_Refine/SDXL_Refine/id_0948/images_2_refine/M1_025/sd2_gene_1_refine.png,EXCLUDED_CORRUPT,
SDXL_Refine/SDXL_Refine/id_0948/images_2_refine/M1_044/sd2_gene_1_refine.png,EXCLUDED_CORRUPT,
SDXL_Refine/SDXL_Refine/id_0948/images_2_refine/M1_030/sd2_gene_1_refine.png,EXCLUDED_CORRUPT,
SDXL_Refine/SDXL_Refine/id_0948/images_2_refine/M1_017/sd2_gene_1_refine.png,EXCLUDED_CORRUPT,
SDXL_Refine/SDXL_Refine/id_0948/images_2_refine/M1_035/sd2_gene_1_refine.png,EXCLUDED_CORRUPT,
SDXL_Refine/SDXL_Refine/id_0948/images_2_refine/M1_008/sd2_gene_1_refine.png,EXCLUDED_CORRUPT,
SDXL_Refine/SDXL_Refine/id_0948/images_2_refine/M1_028/sd2_gene_1_refine.png,EXCLUDED_CORRUPT,
SDXL_Refine/SDXL_Refine/id_0948/images_2_refine/M1_037/sd2_gene_1_refine.png,EXCLUDED_CORRUPT,
SDXL_Refine/SDXL_Refine/id_0948/images_2_refine/M1_005/sd2_gene_1_refine.png,EXCLUDED_CORRUPT,
SDXL_Refine/SDXL_Refine/id_0948/images_2_refine/M1_043/sd2_gene_1_refine.png,EXCLUDED_CORRUPT,
SDXL_Refine/SDXL_Refine/id_0948/images_2_refine/M1_058/sd2_gene_1_refine.png,EXCLUDED_CORRUPT,
SDXL_Refine/SDXL_Refine/id_0948/images_2_refine/M1_059/sd2_gene_1_refine.png,EXCLUDED_CORRUPT,
SDXL_Refine/SDXL_Refine/id_0948/images_2_refine/M1_002/sd2_gene_1_refine.png,EXCLUDED_CORRUPT,
SDXL_Refine/SDXL_Refine/id_0948/images_2_refine/M1_027/sd2_gene_1_refine.png,EXCLUDED_CORRUPT,
SDXL_Refine/SDXL_Refine/id_0948/images_2_refine/M1_056/sd2_gene_1_refine.png,EXCLUDED_CORRUPT,
SDXL_Refine/SDXL_Refine/id_0948/images_2_refine/M1_050/sd2_gene_1_refine.png,EXCLUDED_CORRUPT,
SDXL_Refine/SDXL_Refine/id_0948/images_2_refine/M1_042/sd2_gene_1_refine.png,EXCLUDED_CORRUPT,
SDXL_Refine/SDXL_Refine/id_0948/images_2_refine/M1_026/sd2_gene_1_refine.png,EXCLUDED_CORRUPT,
SDXL_Refine/SDXL_Refine/id_0948/images_2_refine/M1_047/sd2_gene_1_refine.png,EXCLUDED_CORRUPT,
SDXL_Refine/SDXL_Refine/id_0948/images_2_refine/M1_054/sd2_gene_1_refine.png,EXCLUDED_CORRUPT,
SDXL_Refine/SDXL_Refine/id_0948/images_2_refine/M1_045/sd2_gene_1_refine.png,EXCLUDED_CORRUPT,
SDXL_Refine/SDXL_Refine/id_0948/images_2_refine/M1_046/sd2_gene_1_refine.png,EXCLUDED_CORRUPT,
SDXL_Refine/SDXL_Refine/id_0948/images_2_refine/M1_023/sd2_gene_1_refine.png,EXCLUDED_CORRUPT,
SDXL_Refine/SDXL_Refine/id_0948/images_2_refine/M1_033/sd2_gene_1_refine.png,EXCLUDED_CORRUPT,
SDXL_Refine/SDXL_Refine/id_0948/images_2_refine/M1_000/sd2_gene_1_refine.png,EXCLUDED_CORRUPT,
SDXL_Refine/SDXL_Refine/id_0948/images_2_refine/M1_019/sd2_gene_1_refine.png,EXCLUDED_CORRUPT,
SDXL_Refine/SDXL_Refine/id_0948/images_2_refine/M1_004/sd2_gene_1_refine.png,EXCLUDED_CORRUPT,
SDXL_Refine/SDXL_Refine/id_0948/images_2_refine/M1_038/sd2_gene_1_refine.png,EXCLUDED_CORRUPT,
SDXL_Refine/SDXL_Refine/id_0948/images_2_refine/M1_018/sd2_gene_1_refine.png,EXCLUDED_CORRUPT,
SDXL_Refine/SDXL_Refine/id_0948/images_2_refine/M1_016/sd2_gene_1_refine.png,EXCLUDED_CORRUPT,
SDXL_Refine/SDXL_Refine/id_0948/images_2_refine/M1_009/sd2_gene_1_refine.png,EXCLUDED_CORRUPT,
SDXL_Refine/SDXL_Refine/id_0948/images_2_refine/M1_048/sd2_gene_1_refine.png,EXCLUDED_CORRUPT,
SDXL_Refine/SDXL_Refine/id_0948/images_2_refine/M1_049/sd2_gene_1_refine.png,EXCLUDED_CORRUPT,
SDXL_Refine/SDXL_Refine/id_0948/images_2_refine/M1_015/sd2_gene_1_refine.png,EXCLUDED_CORRUPT,
SDXL_Refine/SDXL_Refine/id_0948/images_2_refine/M1_053/sd2_gene_1_refine.png,EXCLUDED_CORRUPT,
SDXL_Refine/SDXL_Refine/id_0948/images_2_refine/M1_039/sd2_gene_1_refine.png,EXCLUDED_CORRUPT,
SDXL_Refine/SDXL_Refine/id_0948/images_2_refine/M1_024/sd2_gene_1_refine.png,EXCLUDED_CORRUPT,
SDXL_Refine/SDXL_Refine/id_0948/images_2_refine/M1_021/sd2_gene_1_refine.png,EXCLUDED_CORRUPT,
SDXL_Refine/SDXL_Refine/id_0948/images_2_refine/M1_040/sd2_gene_1_refine.png,EXCLUDED_CORRUPT,
SDXL_Refine/SDXL_Refine/id_0948/images_2_refine/M1_003/sd2_gene_1_refine.png,EXCLUDED_CORRUPT,
SDXL_Refine/SDXL_Refine/id_0948/images_2_refine/M1_001/sd2_gene_1_refine.png,EXCLUDED_CORRUPT,
SDXL_Refine/SDXL_Refine/id_0948/images_2_refine/M1_032/sd2_gene_1_refine.png,EXCLUDED_CORRUPT,
SDXL_Refine/SDXL_Refine/id_0948/images_2_refine/M1_020/sd2_gene_1_refine.png,EXCLUDED_CORRUPT,
SDXL_Refine/SDXL_Refine/id_0948/images_2_refine/M1_036/sd2_gene_1_refine.png,EXCLUDED_CORRUPT,
SDXL_Refine/SDXL_Refine/id_0948/images_2_refine/M1_014/sd2_gene_1_refine.png,EXCLUDED_CORRUPT,
SDXL_Refine/SDXL_Refine/id_0948/images_2_refine/M1_055/sd2_gene_1_refine.png,EXCLUDED_CORRUPT,
SDXL_Refine/SDXL_Refine/id_0948/images_2_refine/M1_029/sd2_gene_1_refine.png,EXCLUDED_CORRUPT,
SDXL_Refine/SDXL_Refine/id_0948/images_2_refine/M1_057/sd2_gene_1_refine.png,EXCLUDED_CORRUPT,
SDXL_Refine/SDXL_Refine/id_0948/images_2_refine/M1_034/sd2_gene_1_refine.png,EXCLUDED_CORRUPT,
SDXL_Refine/SDXL_Refine/id_0948/images_2_refine/M1_006/sd2_gene_1_refine.png,EXCLUDED_CORRUPT,
SDXL_Refine/SDXL_Refine/id_0948/images_2_refine/M1_051/sd2_gene_1_refine.png,EXCLUDED_CORRUPT,
SDXL_Refine/SDXL_Refine/id_0948/images_2_refine/M1_007/sd2_gene_1_refine.png,EXCLUDED_CORRUPT,
SDXL_Refine/SDXL_Refine/id_0948/images_2_refine/M1_012/sd2_gene_1_refine.png,EXCLUDED_CORRUPT,
SDXL_Refine/SDXL_Refine/id_0948/images_2_refine/M1_031/sd2_gene_1_refine.png,EXCLUDED_CORRUPT,
SDXL_Refine/SDXL_Refine/id_0948/images_2_refine/M1_041/sd2_gene_1_refine.png,EXCLUDED_CORRUPT,
SDXL_Refine/SDXL_Refine/id_0948/images_2_refine/M1_013/sd2_gene_1_refine.png,EXCLUDED_CORRUPT,
SDXL_Refine/SDXL_Refine/id_0948/images_2_refine/M1_052/sd2_gene_1_refine.png,EXCLUDED_CORRUPT,
SDXL_Refine/SDXL_Refine/id_1556/images_3_refine/M1_002/sd2_gene_1_refine.png,EXCLUDED_CORRUPT,
SDXL_Refine/SDXL_Refine/id_1556/images_3_refine/M1_000/sd2_gene_1_refine.png,EXCLUDED_CORRUPT,
SDXL_Refine/SDXL_Refine/id_1556/images_3_refine/M1_003/sd2_gene_1_refine.png,EXCLUDED_CORRUPT,
SDXL_Refine/SDXL_Refine/id_1556/images_3_refine/M1_001/sd2_gene_1_refine.png,EXCLUDED_CORRUPT,
SDXL_Refine/SDXL_Refine/id_1556/images_4_refine/M1_002/sd2_gene_1_refine.png,EXCLUDED_CORRUPT,
SDXL_Refine/SDXL_Refine/id_1556/images_4_refine/M1_000/sd2_gene_1_refine.png,EXCLUDED_CORRUPT,
SDXL_Refine/SDXL_Refine/id_1556/images_4_refine/M1_003/sd2_gene_1_refine.png,EXCLUDED_CORRUPT,
SDXL_Refine/SDXL_Refine/id_1556/images_4_refine/M1_001/sd2_gene_1_refine.png,EXCLUDED_CORRUPT,
SDXL_Refine/SDXL_Refine/id_1556/images_refine/M1_002/sd2_gene_1_refine.png,EXCLUDED_CORRUPT,
SDXL_Refine/SDXL_Refine/id_1556/images_refine/M1_000/sd2_gene_1_refine.png,EXCLUDED_CORRUPT,
SDXL_Refine/SDXL_Refine/id_1556/images_refine/M1_003/sd2_gene_1_refine.png,EXCLUDED_CORRUPT,
SDXL_Refine/SDXL_Refine/id_1556/images_refine/M1_001/sd2_gene_1_refine.png,EXCLUDED_CORRUPT,
SDXL_Refine/SDXL_Refine/id_1556/images_2_refine/M1_002/sd2_gene_1_refine.png,EXCLUDED_CORRUPT,
SDXL_Refine/SDXL_Refine/id_1556/images_2_refine/M1_000/sd2_gene_1_refine.png,EXCLUDED_CORRUPT,
SDXL_Refine/SDXL_Refine/id_1556/images_2_refine/M1_003/sd2_gene_1_refine.png,EXCLUDED_CORRUPT,
SDXL_Refine/SDXL_Refine/id_1556/images_2_refine/M1_001/sd2_gene_1_refine.png,EXCLUDED_CORRUPT,
SDXL_Refine/SDXL_Refine/id_0272/images_3_refine/M1_002/sd2_gene_1_refine.png,EXCLUDED_CORRUPT,
SDXL_Refine/SDXL_Refine/id_0272/images_3_refine/M1_000/sd2_gene_1_refine.png,EXCLUDED_CORRUPT,
SDXL_Refine/SDXL_Refine/id_0272/images_3_refine/M1_003/sd2_gene_1_refine.png,EXCLUDED_CORRUPT,
SDXL_Refine/SDXL_Refine/id_0272/images_3_refine/M1_001/sd2_gene_1_refine.png,EXCLUDED_CORRUPT,
SDXL_Refine/SDXL_Refine/id_0272/images_4_refine/M1_002/sd2_gene_1_refine.png,EXCLUDED_CORRUPT,
SDXL_Refine/SDXL_Refine/id_0272/images_4_refine/M1_000/sd2_gene_1_refine.png,EXCLUDED_CORRUPT,
SDXL_Refine/SDXL_Refine/id_0272/images_4_refine/M1_003/sd2_gene_1_refine.png,EXCLUDED_CORRUPT,
SDXL_Refine/SDXL_Refine/id_0272/images_refine/M1_002/sd2_gene_1_refine.png,EXCLUDED_CORRUPT,
SDXL_Refine/SDXL_Refine/id_0272/images_refine/M1_000/sd2_gene_1_refine.png,EXCLUDED_CORRUPT,
SDXL_Refine/SDXL_Refine/id_0272/images_refine/M1_003/sd2_gene_1_refine.png,EXCLUDED_CORRUPT,
SDXL_Refine/SDXL_Refine/id_0272/images_refine/M1_001/sd2_gene_1_refine.png,EXCLUDED_CORRUPT,
SDXL_Refine/SDXL_Refine/id_0272/images_2_refine/M1_002/sd2_gene_1_refine.png,EXCLUDED_CORRUPT,
SDXL_Refine/SDXL_Refine/id_0272/images_2_refine/M1_000/sd2_gene_1_refine.png,EXCLUDED_CORRUPT,
SDXL_Refine/SDXL_Refine/id_0272/images_2_refine/M1_003/sd2_gene_1_refine.png,EXCLUDED_CORRUPT,
SDXL_Refine/SDXL_Refine/id_0272/images_2_refine/M1_001/sd2_gene_1_refine.png,EXCLUDED_CORRUPT,
SDXL_Refine/SDXL_Refine/id_0434/images_3_refine/M1_011/sd2_gene_1_refine.png,EXCLUDED_CORRUPT,
SDXL_Refine/SDXL_Refine/id_0434/images_3_refine/M1_005/sd2_gene_1_refine.png,EXCLUDED_CORRUPT,
SDXL_Refine/SDXL_Refine/id_0434/images_3_refine/M1_002/sd2_gene_1_refine.png,EXCLUDED_CORRUPT,
SDXL_Refine/SDXL_Refine/id_0434/images_3_refine/M1_010/sd2_gene_1_refine.png,EXCLUDED_CORRUPT,
SDXL_Refine/SDXL_Refine/id_0434/images_3_refine/M1_000/sd2_gene_1_refine.png,EXCLUDED_CORRUPT,
SDXL_Refine/SDXL_Refine/id_0434/images_3_refine/M1_004/sd2_gene_1_refine.png,EXCLUDED_CORRUPT,
SDXL_Refine/SDXL_Refine/id_0434/images_3_refine/M1_009/sd2_gene_1_refine.png,EXCLUDED_CORRUPT,
SDXL_Refine/SDXL_Refine/id_0434/images_3_refine/M1_003/sd2_gene_1_refine.png,EXCLUDED_CORRUPT,
SDXL_Refine/SDXL_Refine/id_0434/images_3_refine/M1_001/sd2_gene_1_refine.png,EXCLUDED_CORRUPT,
SDXL_Refine/SDXL_Refine/id_0434/images_3_refine/M1_006/sd2_gene_1_refine.png,EXCLUDED_CORRUPT,
SDXL_Refine/SDXL_Refine/id_0434/images_3_refine/M1_007/sd2_gene_1_refine.png,EXCLUDED_CORRUPT,
SDXL_Refine/SDXL_Refine/id_0434/images_4_refine/M1_011/sd2_gene_1_refine.png,EXCLUDED_CORRUPT,
SDXL_Refine/SDXL_Refine/id_0434/images_4_refine/M1_008/sd2_gene_1_refine.png,EXCLUDED_CORRUPT,
SDXL_Refine/SDXL_Refine/id_0434/images_4_refine/M1_005/sd2_gene_1_refine.png,EXCLUDED_CORRUPT,
SDXL_Refine/SDXL_Refine/id_0434/images_4_refine/M1_002/sd2_gene_1_refine.png,EXCLUDED_CORRUPT,
SDXL_Refine/SDXL_Refine/id_0434/images_4_refine/M1_010/sd2_gene_1_refine.png,EXCLUDED_CORRUPT,
SDXL_Refine/SDXL_Refine/id_0434/images_4_refine/M1_000/sd2_gene_1_refine.png,EXCLUDED_CORRUPT,
SDXL_Refine/SDXL_Refine/id_0434/images_4_refine/M1_004/sd2_gene_1_refine.png,EXCLUDED_CORRUPT,
SDXL_Refine/SDXL_Refine/id_0434/images_4_refine/M1_009/sd2_gene_1_refine.png,EXCLUDED_CORRUPT,
SDXL_Refine/SDXL_Refine/id_0434/images_4_refine/M1_003/sd2_gene_1_refine.png,EXCLUDED_CORRUPT,
SDXL_Refine/SDXL_Refine/id_0434/images_4_refine/M1_001/sd2_gene_1_refine.png,EXCLUDED_CORRUPT,
SDXL_Refine/SDXL_Refine/id_0434/images_4_refine/M1_006/sd2_gene_1_refine.png,EXCLUDED_CORRUPT,
SDXL_Refine/SDXL_Refine/id_0434/images_4_refine/M1_007/sd2_gene_1_refine.png,EXCLUDED_CORRUPT,
SDXL_Refine/SDXL_Refine/id_0434/images_refine/M1_011/sd2_gene_1_refine.png,EXCLUDED_CORRUPT,
SDXL_Refine/SDXL_Refine/id_0434/images_refine/M1_008/sd2_gene_1_refine.png,EXCLUDED_CORRUPT,
SDXL_Refine/SDXL_Refine/id_0434/images_refine/M1_005/sd2_gene_1_refine.png,EXCLUDED_CORRUPT,
SDXL_Refine/SDXL_Refine/id_0434/images_refine/M1_002/sd2_gene_1_refine.png,EXCLUDED_CORRUPT,
SDXL_Refine/SDXL_Refine/id_0434/images_refine/M1_010/sd2_gene_1_refine.png,EXCLUDED_CORRUPT,
SDXL_Refine/SDXL_Refine/id_0434/images_refine/M1_000/sd2_gene_1_refine.png,EXCLUDED_CORRUPT,
SDXL_Refine/SDXL_Refine/id_0434/images_refine/M1_004/sd2_gene_1_refine.png,EXCLUDED_CORRUPT,
SDXL_Refine/SDXL_Refine/id_0434/images_refine/M1_009/sd2_gene_1_refine.png,EXCLUDED_CORRUPT,
SDXL_Refine/SDXL_Refine/id_0434/images_refine/M1_003/sd2_gene_1_refine.png,EXCLUDED_CORRUPT,
SDXL_Refine/SDXL_Refine/id_0434/images_refine/M1_001/sd2_gene_1_refine.png,EXCLUDED_CORRUPT,
SDXL_Refine/SDXL_Refine/id_0434/images_refine/M1_006/sd2_gene_1_refine.png,EXCLUDED_CORRUPT,
SDXL_Refine/SDXL_Refine/id_0434/images_refine/M1_007/sd2_gene_1_refine.png,EXCLUDED_CORRUPT,
SDXL_Refine/SDXL_Refine/id_0434/images_2_refine/M1_011/sd2_gene_1_refine.png,EXCLUDED_CORRUPT,
SDXL_Refine/SDXL_Refine/id_0434/images_2_refine/M1_008/sd2_gene_1_refine.png,EXCLUDED_CORRUPT,
SDXL_Refine/SDXL_Refine/id_0434/images_2_refine/M1_005/sd2_gene_1_refine.png,EXCLUDED_CORRUPT,
SDXL_Refine/SDXL_Refine/id_0434/images_2_refine/M1_002/sd2_gene_1_refine.png,EXCLUDED_CORRUPT,
SDXL_Refine/SDXL_Refine/id_0434/images_2_refine/M1_010/sd2_gene_1_refine.png,EXCLUDED_CORRUPT,
SDXL_Refine/SDXL_Refine/id_0434/images_2_refine/M1_000/sd2_gene_1_refine.png,EXCLUDED_CORRUPT,
SDXL_Refine/SDXL_Refine/id_0434/images_2_refine/M1_004/sd2_gene_1_refine.png,EXCLUDED_CORRUPT,
SDXL_Refine/SDXL_Refine/id_0434/images_2_refine/M1_009/sd2_gene_1_refine.png,EXCLUDED_CORRUPT,
SDXL_Refine/SDXL_Refine/id_0434/images_2_refine/M1_003/sd2_gene_1_refine.png,EXCLUDED_CORRUPT,
SDXL_Refine/SDXL_Refine/id_0434/images_2_refine/M1_001/sd2_gene_1_refine.png,EXCLUDED_CORRUPT,
SDXL_Refine/SDXL_Refine/id_0434/images_2_refine/M1_006/sd2_gene_1_refine.png,EXCLUDED_CORRUPT,
SDXL_Refine/SDXL_Refine/id_0434/images_2_refine/M1_007/sd2_gene_1_refine.png,EXCLUDED_CORRUPT,
SDXL_Refine/SDXL_Refine/id_1646/images_3_refine/M1_002/sd2_gene_1_refine.png,EXCLUDED_CORRUPT,
SDXL_Refine/SDXL_Refine/id_1646/images_3_refine/M1_000/sd2_gene_1_refine.png,EXCLUDED_CORRUPT,
SDXL_Refine/SDXL_Refine/id_1646/images_3_refine/M1_003/sd2_gene_1_refine.png,EXCLUDED_CORRUPT,
SDXL_Refine/SDXL_Refine/id_1646/images_3_refine/M1_001/sd2_gene_1_refine.png,EXCLUDED_CORRUPT,
SDXL_Refine/SDXL_Refine/id_1646/images_4_refine/M1_002/sd2_gene_1_refine.png,EXCLUDED_CORRUPT,
SDXL_Refine/SDXL_Refine/id_1646/images_4_refine/M1_000/sd2_gene_1_refine.png,EXCLUDED_CORRUPT,
SDXL_Refine/SDXL_Refine/id_1646/images_4_refine/M1_003/sd2_gene_1_refine.png,EXCLUDED_CORRUPT,
SDXL_Refine/SDXL_Refine/id_1646/images_4_refine/M1_001/sd2_gene_1_refine.png,EXCLUDED_CORRUPT,
SDXL_Refine/SDXL_Refine/id_1646/images_refine/M1_002/sd2_gene_1_refine.png,EXCLUDED_CORRUPT,
SDXL_Refine/SDXL_Refine/id_1646/images_refine/M1_000/sd2_gene_1_refine.png,EXCLUDED_CORRUPT,
SDXL_Refine/SDXL_Refine/id_1646/images_refine/M1_003/sd2_gene_1_refine.png,EXCLUDED_CORRUPT,
SDXL_Refine/SDXL_Refine/id_1646/images_refine/M1_001/sd2_gene_1_refine.png,EXCLUDED_CORRUPT,
SDXL_Refine/SDXL_Refine/id_1646/images_2_refine/M1_002/sd2_gene_1_refine.png,EXCLUDED_CORRUPT,
SDXL_Refine/SDXL_Refine/id_1646/images_2_refine/M1_000/sd2_gene_1_refine.png,EXCLUDED_CORRUPT,
SDXL_Refine/SDXL_Refine/id_1646/images_2_refine/M1_003/sd2_gene_1_refine.png,EXCLUDED_CORRUPT,
SDXL_Refine/SDXL_Refine/id_1646/images_2_refine/M1_001/sd2_gene_1_refine.png,EXCLUDED_CORRUPT,
SDXL_Refine/SDXL_Refine/id_1974/images_3_refine/M1_011/sd2_gene_1_refine.png,EXCLUDED_CORRUPT,
SDXL_Refine/SDXL_Refine/id_1974/images_3_refine/M1_008/sd2_gene_1_refine.png,EXCLUDED_CORRUPT,
SDXL_Refine/SDXL_Refine/id_1974/images_3_refine/M1_005/sd2_gene_1_refine.png,EXCLUDED_CORRUPT,
SDXL_Refine/SDXL_Refine/id_1974/images_3_refine/M1_002/sd2_gene_1_refine.png,EXCLUDED_CORRUPT,
SDXL_Refine/SDXL_Refine/id_1974/images_3_refine/M1_010/sd2_gene_1_refine.png,EXCLUDED_CORRUPT,
SDXL_Refine/SDXL_Refine/id_1974/images_3_refine/M1_000/sd2_gene_1_refine.png,EXCLUDED_CORRUPT,
SDXL_Refine/SDXL_Refine/id_1974/images_3_refine/M1_004/sd2_gene_1_refine.png,EXCLUDED_CORRUPT,
SDXL_Refine/SDXL_Refine/id_1974/images_3_refine/M1_009/sd2_gene_1_refine.png,EXCLUDED_CORRUPT,
SDXL_Refine/SDXL_Refine/id_1974/images_3_refine/M1_003/sd2_gene_1_refine.png,EXCLUDED_CORRUPT,
SDXL_Refine/SDXL_Refine/id_1974/images_3_refine/M1_001/sd2_gene_1_refine.png,EXCLUDED_CORRUPT,
SDXL_Refine/SDXL_Refine/id_1974/images_3_refine/M1_006/sd2_gene_1_refine.png,EXCLUDED_CORRUPT,
SDXL_Refine/SDXL_Refine/id_1974/images_3_refine/M1_007/sd2_gene_1_refine.png,EXCLUDED_CORRUPT,
SDXL_Refine/SDXL_Refine/id_1974/images_4_refine/M1_011/sd2_gene_1_refine.png,EXCLUDED_CORRUPT,
SDXL_Refine/SDXL_Refine/id_1974/images_4_refine/M1_008/sd2_gene_1_refine.png,EXCLUDED_CORRUPT,
SDXL_Refine/SDXL_Refine/id_1974/images_4_refine/M1_005/sd2_gene_1_refine.png,EXCLUDED_CORRUPT,
SDXL_Refine/SDXL_Refine/id_1974/images_4_refine/M1_002/sd2_gene_1_refine.png,EXCLUDED_CORRUPT,
SDXL_Refine/SDXL_Refine/id_1974/images_4_refine/M1_010/sd2_gene_1_refine.png,EXCLUDED_CORRUPT,
SDXL_Refine/SDXL_Refine/id_1974/images_4_refine/M1_004/sd2_gene_1_refine.png,EXCLUDED_CORRUPT,
SDXL_Refine/SDXL_Refine/id_1974/images_4_refine/M1_003/sd2_gene_1_refine.png,EXCLUDED_CORRUPT,
SDXL_Refine/SDXL_Refine/id_1974/images_4_refine/M1_001/sd2_gene_1_refine.png,EXCLUDED_CORRUPT,
SDXL_Refine/SDXL_Refine/id_1974/images_4_refine/M1_006/sd2_gene_1_refine.png,EXCLUDED_CORRUPT,
SDXL_Refine/SDXL_Refine/id_1974/images_4_refine/M1_007/sd2_gene_1_refine.png,EXCLUDED_CORRUPT,
SDXL_Refine/SDXL_Refine/id_1974/images_refine/M1_011/sd2_gene_1_refine.png,EXCLUDED_CORRUPT,
SDXL_Refine/SDXL_Refine/id_1974/images_refine/M1_008/sd2_gene_1_refine.png,EXCLUDED_CORRUPT,
SDXL_Refine/SDXL_Refine/id_1974/images_refine/M1_005/sd2_gene_1_refine.png,EXCLUDED_CORRUPT,
SDXL_Refine/SDXL_Refine/id_1974/images_refine/M1_002/sd2_gene_1_refine.png,EXCLUDED_CORRUPT,
SDXL_Refine/SDXL_Refine/id_1974/images_refine/M1_000/sd2_gene_1_refine.png,EXCLUDED_CORRUPT,
SDXL_Refine/SDXL_Refine/id_1974/images_refine/M1_004/sd2_gene_1_refine.png,EXCLUDED_CORRUPT,
SDXL_Refine/SDXL_Refine/id_1974/images_refine/M1_003/sd2_gene_1_refine.png,EXCLUDED_CORRUPT,
SDXL_Refine/SDXL_Refine/id_1974/images_refine/M1_001/sd2_gene_1_refine.png,EXCLUDED_CORRUPT,
SDXL_Refine/SDXL_Refine/id_1974/images_refine/M1_006/sd2_gene_1_refine.png,EXCLUDED_CORRUPT,
SDXL_Refine/SDXL_Refine/id_1974/images_refine/M1_007/sd2_gene_1_refine.png,EXCLUDED_CORRUPT,
SDXL_Refine/SDXL_Refine/id_1974/images_2_refine/M1_011/sd2_gene_1_refine.png,EXCLUDED_CORRUPT,
SDXL_Refine/SDXL_Refine/id_1974/images_2_refine/M1_008/sd2_gene_1_refine.png,EXCLUDED_CORRUPT,
SDXL_Refine/SDXL_Refine/id_1974/images_2_refine/M1_005/sd2_gene_1_refine.png,EXCLUDED_CORRUPT,
SDXL_Refine/SDXL_Refine/id_1974/images_2_refine/M1_002/sd2_gene_1_refine.png,EXCLUDED_CORRUPT,
SDXL_Refine/SDXL_Refine/id_1974/images_2_refine/M1_000/sd2_gene_1_refine.png,EXCLUDED_CORRUPT,
SDXL_Refine/SDXL_Refine/id_1974/images_2_refine/M1_004/sd2_gene_1_refine.png,EXCLUDED_CORRUPT,
SDXL_Refine/SDXL_Refine/id_1974/images_2_refine/M1_003/sd2_gene_1_refine.png,EXCLUDED_CORRUPT,
SDXL_Refine/SDXL_Refine/id_1974/images_2_refine/M1_001/sd2_gene_1_refine.png,EXCLUDED_CORRUPT,
SDXL_Refine/SDXL_Refine/id_1974/images_2_refine/M1_006/sd2_gene_1_refine.png,EXCLUDED_CORRUPT,
SDXL_Refine/SDXL_Refine/id_1974/images_2_refine/M1_007/sd2_gene_1_refine.png,EXCLUDED_CORRUPT,
SDXL_Refine/SDXL_Refine/id_2426/images_3_refine/M1_011/sd2_gene_1_refine.png,EXCLUDED_CORRUPT,
SDXL_Refine/SDXL_Refine/id_2426/images_3_refine/M1_008/sd2_gene_1_refine.png,EXCLUDED_CORRUPT,
SDXL_Refine/SDXL_Refine/id_2426/images_3_refine/M1_005/sd2_gene_1_refine.png,EXCLUDED_CORRUPT,
SDXL_Refine/SDXL_Refine/id_2426/images_3_refine/M1_002/sd2_gene_1_refine.png,EXCLUDED_CORRUPT,
SDXL_Refine/SDXL_Refine/id_2426/images_3_refine/M1_010/sd2_gene_1_refine.png,EXCLUDED_CORRUPT,
SDXL_Refine/SDXL_Refine/id_2426/images_3_refine/M1_000/sd2_gene_1_refine.png,EXCLUDED_CORRUPT,
SDXL_Refine/SDXL_Refine/id_2426/images_3_refine/M1_004/sd2_gene_1_refine.png,EXCLUDED_CORRUPT,
SDXL_Refine/SDXL_Refine/id_2426/images_3_refine/M1_009/sd2_gene_1_refine.png,EXCLUDED_CORRUPT,
SDXL_Refine/SDXL_Refine/id_2426/images_3_refine/M1_003/sd2_gene_1_refine.png,EXCLUDED_CORRUPT,
SDXL_Refine/SDXL_Refine/id_2426/images_3_refine/M1_001/sd2_gene_1_refine.png,EXCLUDED_CORRUPT,
SDXL_Refine/SDXL_Refine/id_2426/images_3_refine/M1_006/sd2_gene_1_refine.png,EXCLUDED_CORRUPT,
SDXL_Refine/SDXL_Refine/id_2426/images_3_refine/M1_007/sd2_gene_1_refine.png,EXCLUDED_CORRUPT,
SDXL_Refine/SDXL_Refine/id_2426/images_4_refine/M1_011/sd2_gene_1_refine.png,EXCLUDED_CORRUPT,
SDXL_Refine/SDXL_Refine/id_2426/images_4_refine/M1_008/sd2_gene_1_refine.png,EXCLUDED_CORRUPT,
SDXL_Refine/SDXL_Refine/id_2426/images_4_refine/M1_005/sd2_gene_1_refine.png,EXCLUDED_CORRUPT,
SDXL_Refine/SDXL_Refine/id_2426/images_4_refine/M1_002/sd2_gene_1_refine.png,EXCLUDED_CORRUPT,
SDXL_Refine/SDXL_Refine/id_2426/images_4_refine/M1_010/sd2_gene_1_refine.png,EXCLUDED_CORRUPT,
SDXL_Refine/SDXL_Refine/id_2426/images_4_refine/M1_000/sd2_gene_1_refine.png,EXCLUDED_CORRUPT,
SDXL_Refine/SDXL_Refine/id_2426/images_4_refine/M1_004/sd2_gene_1_refine.png,EXCLUDED_CORRUPT,
SDXL_Refine/SDXL_Refine/id_2426/images_4_refine/M1_009/sd2_gene_1_refine.png,EXCLUDED_CORRUPT,
SDXL_Refine/SDXL_Refine/id_2426/images_4_refine/M1_003/sd2_gene_1_refine.png,EXCLUDED_CORRUPT,
SDXL_Refine/SDXL_Refine/id_2426/images_4_refine/M1_001/sd2_gene_1_refine.png,EXCLUDED_CORRUPT,
SDXL_Refine/SDXL_Refine/id_2426/images_4_refine/M1_006/sd2_gene_1_refine.png,EXCLUDED_CORRUPT,
SDXL_Refine/SDXL_Refine/id_2426/images_4_refine/M1_007/sd2_gene_1_refine.png,EXCLUDED_CORRUPT,
SDXL_Refine/SDXL_Refine/id_2426/images_refine/M1_011/sd2_gene_1_refine.png,EXCLUDED_CORRUPT,
SDXL_Refine/SDXL_Refine/id_2426/images_refine/M1_008/sd2_gene_1_refine.png,EXCLUDED_CORRUPT,
SDXL_Refine/SDXL_Refine/id_2426/images_refine/M1_005/sd2_gene_1_refine.png,EXCLUDED_CORRUPT,
SDXL_Refine/SDXL_Refine/id_2426/images_refine/M1_002/sd2_gene_1_refine.png,EXCLUDED_CORRUPT,
SDXL_Refine/SDXL_Refine/id_2426/images_refine/M1_010/sd2_gene_1_refine.png,EXCLUDED_CORRUPT,
SDXL_Refine/SDXL_Refine/id_2426/images_refine/M1_000/sd2_gene_1_refine.png,EXCLUDED_CORRUPT,
SDXL_Refine/SDXL_Refine/id_2426/images_refine/M1_004/sd2_gene_1_refine.png,EXCLUDED_CORRUPT,
SDXL_Refine/SDXL_Refine/id_2426/images_refine/M1_009/sd2_gene_1_refine.png,EXCLUDED_CORRUPT,
SDXL_Refine/SDXL_Refine/id_2426/images_refine/M1_003/sd2_gene_1_refine.png,EXCLUDED_CORRUPT,
SDXL_Refine/SDXL_Refine/id_2426/images_refine/M1_001/sd2_gene_1_refine.png,EXCLUDED_CORRUPT,
SDXL_Refine/SDXL_Refine/id_2426/images_refine/M1_006/sd2_gene_1_refine.png,EXCLUDED_CORRUPT,
SDXL_Refine/SDXL_Refine/id_2426/images_refine/M1_007/sd2_gene_1_refine.png,EXCLUDED_CORRUPT,
SDXL_Refine/SDXL_Refine/id_2426/images_2_refine/M1_011/sd2_gene_1_refine.png,EXCLUDED_CORRUPT,
SDXL_Refine/SDXL_Refine/id_2426/images_2_refine/M1_008/sd2_gene_1_refine.png,EXCLUDED_CORRUPT,
SDXL_Refine/SDXL_Refine/id_2426/images_2_refine/M1_005/sd2_gene_1_refine.png,EXCLUDED_CORRUPT,
SDXL_Refine/SDXL_Refine/id_2426/images_2_refine/M1_002/sd2_gene_1_refine.png,EXCLUDED_CORRUPT,
SDXL_Refine/SDXL_Refine/id_2426/images_2_refine/M1_010/sd2_gene_1_refine.png,EXCLUDED_CORRUPT,
SDXL_Refine/SDXL_Refine/id_2426/images_2_refine/M1_000/sd2_gene_1_refine.png,EXCLUDED_CORRUPT,
SDXL_Refine/SDXL_Refine/id_2426/images_2_refine/M1_004/sd2_gene_1_refine.png,EXCLUDED_CORRUPT,
SDXL_Refine/SDXL_Refine/id_2426/images_2_refine/M1_009/sd2_gene_1_refine.png,EXCLUDED_CORRUPT,
SDXL_Refine/SDXL_Refine/id_2426/images_2_refine/M1_003/sd2_gene_1_refine.png,EXCLUDED_CORRUPT,
SDXL_Refine/SDXL_Refine/id_2426/images_2_refine/M1_001/sd2_gene_1_refine.png,EXCLUDED_CORRUPT,
SDXL_Refine/SDXL_Refine/id_2426/images_2_refine/M1_006/sd2_gene_1_refine.png,EXCLUDED_CORRUPT,
SDXL_Refine/SDXL_Refine/id_2426/images_2_refine/M1_007/sd2_gene_1_refine.png,EXCLUDED_CORRUPT,
SDXL_Refine/SDXL_Refine/id_0620/images_3_refine/M1_011/sd2_gene_1_refine.png,EXCLUDED_CORRUPT,
SDXL_Refine/SDXL_Refine/id_0620/images_3_refine/M1_008/sd2_gene_1_refine.png,EXCLUDED_CORRUPT,
SDXL_Refine/SDXL_Refine/id_0620/images_3_refine/M1_005/sd2_gene_1_refine.png,EXCLUDED_CORRUPT,
SDXL_Refine/SDXL_Refine/id_0620/images_3_refine/M1_002/sd2_gene_1_refine.png,EXCLUDED_CORRUPT,
SDXL_Refine/SDXL_Refine/id_0620/images_3_refine/M1_010/sd2_gene_1_refine.png,EXCLUDED_CORRUPT,
SDXL_Refine/SDXL_Refine/id_0620/images_3_refine/M1_000/sd2_gene_1_refine.png,EXCLUDED_CORRUPT,
SDXL_Refine/SDXL_Refine/id_0620/images_3_refine/M1_004/sd2_gene_1_refine.png,EXCLUDED_CORRUPT,
SDXL_Refine/SDXL_Refine/id_0620/images_3_refine/M1_009/sd2_gene_1_refine.png,EXCLUDED_CORRUPT,
SDXL_Refine/SDXL_Refine/id_0620/images_3_refine/M1_003/sd2_gene_1_refine.png,EXCLUDED_CORRUPT,
SDXL_Refine/SDXL_Refine/id_0620/images_3_refine/M1_001/sd2_gene_1_refine.png,EXCLUDED_CORRUPT,
SDXL_Refine/SDXL_Refine/id_0620/images_3_refine/M1_006/sd2_gene_1_refine.png,EXCLUDED_CORRUPT,
SDXL_Refine/SDXL_Refine/id_0620/images_3_refine/M1_007/sd2_gene_1_refine.png,EXCLUDED_CORRUPT,
SDXL_Refine/SDXL_Refine/id_0620/images_4_refine/M1_011/sd2_gene_1_refine.png,EXCLUDED_CORRUPT,
SDXL_Refine/SDXL_Refine/id_0620/images_4_refine/M1_008/sd2_gene_1_refine.png,EXCLUDED_CORRUPT,
SDXL_Refine/SDXL_Refine/id_0620/images_4_refine/M1_005/sd2_gene_1_refine.png,EXCLUDED_CORRUPT,
SDXL_Refine/SDXL_Refine/id_0620/images_4_refine/M1_002/sd2_gene_1_refine.png,EXCLUDED_CORRUPT,
SDXL_Refine/SDXL_Refine/id_0620/images_4_refine/M1_010/sd2_gene_1_refine.png,EXCLUDED_CORRUPT,
SDXL_Refine/SDXL_Refine/id_0620/images_4_refine/M1_000/sd2_gene_1_refine.png,EXCLUDED_CORRUPT,
SDXL_Refine/SDXL_Refine/id_0620/images_4_refine/M1_004/sd2_gene_1_refine.png,EXCLUDED_CORRUPT,
SDXL_Refine/SDXL_Refine/id_0620/images_4_refine/M1_009/sd2_gene_1_refine.png,EXCLUDED_CORRUPT,
SDXL_Refine/SDXL_Refine/id_0620/images_4_refine/M1_003/sd2_gene_1_refine.png,EXCLUDED_CORRUPT,
SDXL_Refine/SDXL_Refine/id_0620/images_4_refine/M1_001/sd2_gene_1_refine.png,EXCLUDED_CORRUPT,
SDXL_Refine/SDXL_Refine/id_0620/images_4_refine/M1_006/sd2_gene_1_refine.png,EXCLUDED_CORRUPT,
SDXL_Refine/SDXL_Refine/id_0620/images_4_refine/M1_007/sd2_gene_1_refine.png,EXCLUDED_CORRUPT,
SDXL_Refine/SDXL_Refine/id_0620/images_refine/M1_008/sd2_gene_1_refine.png,EXCLUDED_CORRUPT,
SDXL_Refine/SDXL_Refine/id_0620/images_refine/M1_005/sd2_gene_1_refine.png,EXCLUDED_CORRUPT,
SDXL_Refine/SDXL_Refine/id_0620/images_refine/M1_002/sd2_gene_1_refine.png,EXCLUDED_CORRUPT,
SDXL_Refine/SDXL_Refine/id_0620/images_refine/M1_010/sd2_gene_1_refine.png,EXCLUDED_CORRUPT,
SDXL_Refine/SDXL_Refine/id_0620/images_refine/M1_000/sd2_gene_1_refine.png,EXCLUDED_CORRUPT,
SDXL_Refine/SDXL_Refine/id_0620/images_refine/M1_004/sd2_gene_1_refine.png,EXCLUDED_CORRUPT,
SDXL_Refine/SDXL_Refine/id_0620/images_refine/M1_009/sd2_gene_1_refine.png,EXCLUDED_CORRUPT,
SDXL_Refine/SDXL_Refine/id_0620/images_refine/M1_003/sd2_gene_1_refine.png,EXCLUDED_CORRUPT,
SDXL_Refine/SDXL_Refine/id_0620/images_refine/M1_001/sd2_gene_1_refine.png,EXCLUDED_CORRUPT,
SDXL_Refine/SDXL_Refine/id_0620/images_refine/M1_006/sd2_gene_1_refine.png,EXCLUDED_CORRUPT,
SDXL_Refine/SDXL_Refine/id_0620/images_refine/M1_007/sd2_gene_1_refine.png,EXCLUDED_CORRUPT,
SDXL_Refine/SDXL_Refine/id_0620/images_2_refine/M1_008/sd2_gene_1_refine.png,EXCLUDED_CORRUPT,
SDXL_Refine/SDXL_Refine/id_0620/images_2_refine/M1_005/sd2_gene_1_refine.png,EXCLUDED_CORRUPT,
SDXL_Refine/SDXL_Refine/id_0620/images_2_refine/M1_002/sd2_gene_1_refine.png,EXCLUDED_CORRUPT,
SDXL_Refine/SDXL_Refine/id_0620/images_2_refine/M1_010/sd2_gene_1_refine.png,EXCLUDED_CORRUPT,
SDXL_Refine/SDXL_Refine/id_0620/images_2_refine/M1_000/sd2_gene_1_refine.png,EXCLUDED_CORRUPT,
SDXL_Refine/SDXL_Refine/id_0620/images_2_refine/M1_004/sd2_gene_1_refine.png,EXCLUDED_CORRUPT,
SDXL_Refine/SDXL_Refine/id_0620/images_2_refine/M1_009/sd2_gene_1_refine.png,EXCLUDED_CORRUPT,
SDXL_Refine/SDXL_Refine/id_0620/images_2_refine/M1_003/sd2_gene_1_refine.png,EXCLUDED_CORRUPT,
SDXL_Refine/SDXL_Refine/id_0620/images_2_refine/M1_001/sd2_gene_1_refine.png,EXCLUDED_CORRUPT,
SDXL_Refine/SDXL_Refine/id_0620/images_2_refine/M1_006/sd2_gene_1_refine.png,EXCLUDED_CORRUPT,
SDXL_Refine/SDXL_Refine/id_0620/images_2_refine/M1_007/sd2_gene_1_refine.png,EXCLUDED_CORRUPT,
SDXL_Refine/SDXL_Refine/id_2088/images_3_refine/M1_000/sd2_gene_1_refine.png,EXCLUDED_CORRUPT,
SDXL_Refine/SDXL_Refine/id_2088/images_3_refine/M1_003/sd2_gene_1_refine.png,EXCLUDED_CORRUPT,
SDXL_Refine/SDXL_Refine/id_2088/images_4_refine/M1_002/sd2_gene_1_refine.png,EXCLUDED_CORRUPT,
SDXL_Refine/SDXL_Refine/id_2088/images_4_refine/M1_000/sd2_gene_1_refine.png,EXCLUDED_CORRUPT,
SDXL_Refine/SDXL_Refine/id_2088/images_4_refine/M1_003/sd2_gene_1_refine.png,EXCLUDED_CORRUPT,
SDXL_Refine/SDXL_Refine/id_2088/images_refine/M1_002/sd2_gene_1_refine.png,EXCLUDED_CORRUPT,
SDXL_Refine/SDXL_Refine/id_2088/images_refine/M1_000/sd2_gene_1_refine.png,EXCLUDED_CORRUPT,
SDXL_Refine/SDXL_Refine/id_2088/images_refine/M1_003/sd2_gene_1_refine.png,EXCLUDED_CORRUPT,
SDXL_Refine/SDXL_Refine/id_2088/images_2_refine/M1_000/sd2_gene_1_refine.png,EXCLUDED_CORRUPT,
SDXL_Refine/SDXL_Refine/id_2088/images_2_refine/M1_003/sd2_gene_1_refine.png,EXCLUDED_CORRUPT,
SDXL_Refine/SDXL_Refine/id_1776/images_3_refine/M1_011/sd2_gene_1_refine.png,EXCLUDED_CORRUPT,
SDXL_Refine/SDXL_Refine/id_1776/images_3_refine/M1_008/sd2_gene_1_refine.png,EXCLUDED_CORRUPT,
SDXL_Refine/SDXL_Refine/id_1776/images_3_refine/M1_005/sd2_gene_1_refine.png,EXCLUDED_CORRUPT,
SDXL_Refine/SDXL_Refine/id_1776/images_3_refine/M1_002/sd2_gene_1_refine.png,EXCLUDED_CORRUPT,
SDXL_Refine/SDXL_Refine/id_1776/images_3_refine/M1_010/sd2_gene_1_refine.png,EXCLUDED_CORRUPT,
SDXL_Refine/SDXL_Refine/id_1776/images_3_refine/M1_000/sd2_gene_1_refine.png,EXCLUDED_CORRUPT,
SDXL_Refine/SDXL_Refine/id_1776/images_3_refine/M1_019/sd2_gene_1_refine.png,EXCLUDED_CORRUPT,
SDXL_Refine/SDXL_Refine/id_1776/images_3_refine/M1_004/sd2_gene_1_refine.png,EXCLUDED_CORRUPT,
SDXL_Refine/SDXL_Refine/id_1776/images_3_refine/M1_018/sd2_gene_1_refine.png,EXCLUDED_CORRUPT,
SDXL_Refine/SDXL_Refine/id_1776/images_3_refine/M1_016/sd2_gene_1_refine.png,EXCLUDED_CORRUPT,
SDXL_Refine/SDXL_Refine/id_1776/images_3_refine/M1_009/sd2_gene_1_refine.png,EXCLUDED_CORRUPT,
SDXL_Refine/SDXL_Refine/id_1776/images_3_refine/M1_015/sd2_gene_1_refine.png,EXCLUDED_CORRUPT,
SDXL_Refine/SDXL_Refine/id_1776/images_3_refine/M1_003/sd2_gene_1_refine.png,EXCLUDED_CORRUPT,
SDXL_Refine/SDXL_Refine/id_1776/images_3_refine/M1_001/sd2_gene_1_refine.png,EXCLUDED_CORRUPT,
SDXL_Refine/SDXL_Refine/id_1776/images_3_refine/M1_014/sd2_gene_1_refine.png,EXCLUDED_CORRUPT,
SDXL_Refine/SDXL_Refine/id_1776/images_3_refine/M1_006/sd2_gene_1_refine.png,EXCLUDED_CORRUPT,
SDXL_Refine/SDXL_Refine/id_1776/images_3_refine/M1_012/sd2_gene_1_refine.png,EXCLUDED_CORRUPT,
SDXL_Refine/SDXL_Refine/id_1776/images_3_refine/M1_013/sd2_gene_1_refine.png,EXCLUDED_CORRUPT,
SDXL_Refine/SDXL_Refine/id_1776/images_4_refine/M1_017/sd2_gene_1_refine.png,EXCLUDED_CORRUPT,
SDXL_Refine/SDXL_Refine/id_1776/images_4_refine/M1_011/sd2_gene_1_refine.png,EXCLUDED_CORRUPT,
SDXL_Refine/SDXL_Refine/id_1776/images_4_refine/M1_008/sd2_gene_1_refine.png,EXCLUDED_CORRUPT,
SDXL_Refine/SDXL_Refine/id_1776/images_4_refine/M1_005/sd2_gene_1_refine.png,EXCLUDED_CORRUPT,
SDXL_Refine/SDXL_Refine/id_1776/images_4_refine/M1_002/sd2_gene_1_refine.png,EXCLUDED_CORRUPT,
SDXL_Refine/SDXL_Refine/id_1776/images_4_refine/M1_010/sd2_gene_1_refine.png,EXCLUDED_CORRUPT,
SDXL_Refine/SDXL_Refine/id_1776/images_4_refine/M1_000/sd2_gene_1_refine.png,EXCLUDED_CORRUPT,
SDXL_Refine/SDXL_Refine/id_1776/images_4_refine/M1_019/sd2_gene_1_refine.png,EXCLUDED_CORRUPT,
SDXL_Refine/SDXL_Refine/id_1776/images_4_refine/M1_004/sd2_gene_1_refine.png,EXCLUDED_CORRUPT,
SDXL_Refine/SDXL_Refine/id_1776/images_4_refine/M1_018/sd2_gene_1_refine.png,EXCLUDED_CORRUPT,
SDXL_Refine/SDXL_Refine/id_1776/images_4_refine/M1_016/sd2_gene_1_refine.png,EXCLUDED_CORRUPT,
SDXL_Refine/SDXL_Refine/id_1776/images_4_refine/M1_009/sd2_gene_1_refine.png,EXCLUDED_CORRUPT,
SDXL_Refine/SDXL_Refine/id_1776/images_4_refine/M1_015/sd2_gene_1_refine.png,EXCLUDED_CORRUPT,
SDXL_Refine/SDXL_Refine/id_1776/images_4_refine/M1_001/sd2_gene_1_refine.png,EXCLUDED_CORRUPT,
SDXL_Refine/SDXL_Refine/id_1776/images_4_refine/M1_014/sd2_gene_1_refine.png,EXCLUDED_CORRUPT,
SDXL_Refine/SDXL_Refine/id_1776/images_4_refine/M1_006/sd2_gene_1_refine.png,EXCLUDED_CORRUPT,
SDXL_Refine/SDXL_Refine/id_1776/images_4_refine/M1_012/sd2_gene_1_refine.png,EXCLUDED_CORRUPT,
SDXL_Refine/SDXL_Refine/id_1776/images_4_refine/M1_013/sd2_gene_1_refine.png,EXCLUDED_CORRUPT,
SDXL_Refine/SDXL_Refine/id_1776/images_refine/M1_017/sd2_gene_1_refine.png,EXCLUDED_CORRUPT,
SDXL_Refine/SDXL_Refine/id_1776/images_refine/M1_011/sd2_gene_1_refine.png,EXCLUDED_CORRUPT,
SDXL_Refine/SDXL_Refine/id_1776/images_refine/M1_008/sd2_gene_1_refine.png,EXCLUDED_CORRUPT,
SDXL_Refine/SDXL_Refine/id_1776/images_refine/M1_005/sd2_gene_1_refine.png,EXCLUDED_CORRUPT,
SDXL_Refine/SDXL_Refine/id_1776/images_refine/M1_002/sd2_gene_1_refine.png,EXCLUDED_CORRUPT,
SDXL_Refine/SDXL_Refine/id_1776/images_refine/M1_000/sd2_gene_1_refine.png,EXCLUDED_CORRUPT,
SDXL_Refine/SDXL_Refine/id_1776/images_refine/M1_019/sd2_gene_1_refine.png,EXCLUDED_CORRUPT,
SDXL_Refine/SDXL_Refine/id_1776/images_refine/M1_004/sd2_gene_1_refine.png,EXCLUDED_CORRUPT,
SDXL_Refine/SDXL_Refine/id_1776/images_refine/M1_018/sd2_gene_1_refine.png,EXCLUDED_CORRUPT,
SDXL_Refine/SDXL_Refine/id_1776/images_refine/M1_016/sd2_gene_1_refine.png,EXCLUDED_CORRUPT,
SDXL_Refine/SDXL_Refine/id_1776/images_refine/M1_009/sd2_gene_1_refine.png,EXCLUDED_CORRUPT,
SDXL_Refine/SDXL_Refine/id_1776/images_refine/M1_015/sd2_gene_1_refine.png,EXCLUDED_CORRUPT,
SDXL_Refine/SDXL_Refine/id_1776/images_refine/M1_003/sd2_gene_1_refine.png,EXCLUDED_CORRUPT,
SDXL_Refine/SDXL_Refine/id_1776/images_refine/M1_001/sd2_gene_1_refine.png,EXCLUDED_CORRUPT,
SDXL_Refine/SDXL_Refine/id_1776/images_refine/M1_014/sd2_gene_1_refine.png,EXCLUDED_CORRUPT,
SDXL_Refine/SDXL_Refine/id_1776/images_refine/M1_006/sd2_gene_1_refine.png,EXCLUDED_CORRUPT,
SDXL_Refine/SDXL_Refine/id_1776/images_refine/M1_012/sd2_gene_1_refine.png,EXCLUDED_CORRUPT,
SDXL_Refine/SDXL_Refine/id_1776/images_refine/M1_013/sd2_gene_1_refine.png,EXCLUDED_CORRUPT,
SDXL_Refine/SDXL_Refine/id_1776/images_2_refine/M1_017/sd2_gene_1_refine.png,EXCLUDED_CORRUPT,
SDXL_Refine/SDXL_Refine/id_1776/images_2_refine/M1_011/sd2_gene_1_refine.png,EXCLUDED_CORRUPT,
SDXL_Refine/SDXL_Refine/id_1776/images_2_refine/M1_008/sd2_gene_1_refine.png,EXCLUDED_CORRUPT,
SDXL_Refine/SDXL_Refine/id_1776/images_2_refine/M1_005/sd2_gene_1_refine.png,EXCLUDED_CORRUPT,
SDXL_Refine/SDXL_Refine/id_1776/images_2_refine/M1_002/sd2_gene_1_refine.png,EXCLUDED_CORRUPT,
SDXL_Refine/SDXL_Refine/id_1776/images_2_refine/M1_000/sd2_gene_1_refine.png,EXCLUDED_CORRUPT,
SDXL_Refine/SDXL_Refine/id_1776/images_2_refine/M1_019/sd2_gene_1_refine.png,EXCLUDED_CORRUPT,
SDXL_Refine/SDXL_Refine/id_1776/images_2_refine/M1_004/sd2_gene_1_refine.png,EXCLUDED_CORRUPT,
SDXL_Refine/SDXL_Refine/id_1776/images_2_refine/M1_018/sd2_gene_1_refine.png,EXCLUDED_CORRUPT,
SDXL_Refine/SDXL_Refine/id_1776/images_2_refine/M1_016/sd2_gene_1_refine.png,EXCLUDED_CORRUPT,
SDXL_Refine/SDXL_Refine/id_1776/images_2_refine/M1_009/sd2_gene_1_refine.png,EXCLUDED_CORRUPT,
SDXL_Refine/SDXL_Refine/id_1776/images_2_refine/M1_015/sd2_gene_1_refine.png,EXCLUDED_CORRUPT,
SDXL_Refine/SDXL_Refine/id_1776/images_2_refine/M1_003/sd2_gene_1_refine.png,EXCLUDED_CORRUPT,
SDXL_Refine/SDXL_Refine/id_1776/images_2_refine/M1_001/sd2_gene_1_refine.png,EXCLUDED_CORRUPT,
SDXL_Refine/SDXL_Refine/id_1776/images_2_refine/M1_014/sd2_gene_1_refine.png,EXCLUDED_CORRUPT,
SDXL_Refine/SDXL_Refine/id_1776/images_2_refine/M1_006/sd2_gene_1_refine.png,EXCLUDED_CORRUPT,
SDXL_Refine/SDXL_Refine/id_1776/images_2_refine/M1_012/sd2_gene_1_refine.png,EXCLUDED_CORRUPT,
SDXL_Refine/SDXL_Refine/id_1776/images_2_refine/M1_013/sd2_gene_1_refine.png,EXCLUDED_CORRUPT,
SDXL_Refine/SDXL_Refine/id_1394/images_3_refine/M1_011/sd2_gene_1_refine.png,EXCLUDED_CORRUPT,
SDXL_Refine/SDXL_Refine/id_1394/images_3_refine/M1_008/sd2_gene_1_refine.png,EXCLUDED_CORRUPT,
SDXL_Refine/SDXL_Refine/id_1394/images_3_refine/M1_002/sd2_gene_1_refine.png,EXCLUDED_CORRUPT,
SDXL_Refine/SDXL_Refine/id_1394/images_3_refine/M1_010/sd2_gene_1_refine.png,EXCLUDED_CORRUPT,
SDXL_Refine/SDXL_Refine/id_1394/images_3_refine/M1_000/sd2_gene_1_refine.png,EXCLUDED_CORRUPT,
SDXL_Refine/SDXL_Refine/id_1394/images_3_refine/M1_004/sd2_gene_1_refine.png,EXCLUDED_CORRUPT,
SDXL_Refine/SDXL_Refine/id_1394/images_3_refine/M1_009/sd2_gene_1_refine.png,EXCLUDED_CORRUPT,
SDXL_Refine/SDXL_Refine/id_1394/images_3_refine/M1_003/sd2_gene_1_refine.png,EXCLUDED_CORRUPT,
SDXL_Refine/SDXL_Refine/id_1394/images_3_refine/M1_001/sd2_gene_1_refine.png,EXCLUDED_CORRUPT,
SDXL_Refine/SDXL_Refine/id_1394/images_3_refine/M1_006/sd2_gene_1_refine.png,EXCLUDED_CORRUPT,
SDXL_Refine/SDXL_Refine/id_1394/images_3_refine/M1_007/sd2_gene_1_refine.png,EXCLUDED_CORRUPT,
SDXL_Refine/SDXL_Refine/id_1394/images_4_refine/M1_011/sd2_gene_1_refine.png,EXCLUDED_CORRUPT,
SDXL_Refine/SDXL_Refine/id_1394/images_4_refine/M1_008/sd2_gene_1_refine.png,EXCLUDED_CORRUPT,
SDXL_Refine/SDXL_Refine/id_1394/images_4_refine/M1_005/sd2_gene_1_refine.png,EXCLUDED_CORRUPT,
SDXL_Refine/SDXL_Refine/id_1394/images_4_refine/M1_002/sd2_gene_1_refine.png,EXCLUDED_CORRUPT,
SDXL_Refine/SDXL_Refine/id_1394/images_4_refine/M1_010/sd2_gene_1_refine.png,EXCLUDED_CORRUPT,
SDXL_Refine/SDXL_Refine/id_1394/images_4_refine/M1_000/sd2_gene_1_refine.png,EXCLUDED_CORRUPT,
SDXL_Refine/SDXL_Refine/id_1394/images_4_refine/M1_004/sd2_gene_1_refine.png,EXCLUDED_CORRUPT,
SDXL_Refine/SDXL_Refine/id_1394/images_4_refine/M1_009/sd2_gene_1_refine.png,EXCLUDED_CORRUPT,
SDXL_Refine/SDXL_Refine/id_1394/images_4_refine/M1_003/sd2_gene_1_refine.png,EXCLUDED_CORRUPT,
SDXL_Refine/SDXL_Refine/id_1394/images_4_refine/M1_001/sd2_gene_1_refine.png,EXCLUDED_CORRUPT,
SDXL_Refine/SDXL_Refine/id_1394/images_4_refine/M1_006/sd2_gene_1_refine.png,EXCLUDED_CORRUPT,
SDXL_Refine/SDXL_Refine/id_1394/images_4_refine/M1_007/sd2_gene_1_refine.png,EXCLUDED_CORRUPT,
SDXL_Refine/SDXL_Refine/id_1394/images_refine/M1_011/sd2_gene_1_refine.png,EXCLUDED_CORRUPT,
SDXL_Refine/SDXL_Refine/id_1394/images_refine/M1_008/sd2_gene_1_refine.png,EXCLUDED_CORRUPT,
SDXL_Refine/SDXL_Refine/id_1394/images_refine/M1_005/sd2_gene_1_refine.png,EXCLUDED_CORRUPT,
SDXL_Refine/SDXL_Refine/id_1394/images_refine/M1_002/sd2_gene_1_refine.png,EXCLUDED_CORRUPT,
SDXL_Refine/SDXL_Refine/id_1394/images_refine/M1_010/sd2_gene_1_refine.png,EXCLUDED_CORRUPT,
SDXL_Refine/SDXL_Refine/id_1394/images_refine/M1_000/sd2_gene_1_refine.png,EXCLUDED_CORRUPT,
SDXL_Refine/SDXL_Refine/id_1394/images_refine/M1_004/sd2_gene_1_refine.png,EXCLUDED_CORRUPT,
SDXL_Refine/SDXL_Refine/id_1394/images_refine/M1_009/sd2_gene_1_refine.png,EXCLUDED_CORRUPT,
SDXL_Refine/SDXL_Refine/id_1394/images_refine/M1_003/sd2_gene_1_refine.png,EXCLUDED_CORRUPT,
SDXL_Refine/SDXL_Refine/id_1394/images_refine/M1_001/sd2_gene_1_refine.png,EXCLUDED_CORRUPT,
SDXL_Refine/SDXL_Refine/id_1394/images_refine/M1_006/sd2_gene_1_refine.png,EXCLUDED_CORRUPT,
SDXL_Refine/SDXL_Refine/id_1394/images_2_refine/M1_011/sd2_gene_1_refine.png,EXCLUDED_CORRUPT,
SDXL_Refine/SDXL_Refine/id_1394/images_2_refine/M1_008/sd2_gene_1_refine.png,EXCLUDED_CORRUPT,
SDXL_Refine/SDXL_Refine/id_1394/images_2_refine/M1_005/sd2_gene_1_refine.png,EXCLUDED_CORRUPT,
SDXL_Refine/SDXL_Refine/id_1394/images_2_refine/M1_002/sd2_gene_1_refine.png,EXCLUDED_CORRUPT,
SDXL_Refine/SDXL_Refine/id_1394/images_2_refine/M1_010/sd2_gene_1_refine.png,EXCLUDED_CORRUPT,
SDXL_Refine/SDXL_Refine/id_1394/images_2_refine/M1_000/sd2_gene_1_refine.png,EXCLUDED_CORRUPT,
SDXL_Refine/SDXL_Refine/id_1394/images_2_refine/M1_004/sd2_gene_1_refine.png,EXCLUDED_CORRUPT,
SDXL_Refine/SDXL_Refine/id_1394/images_2_refine/M1_009/sd2_gene_1_refine.png,EXCLUDED_CORRUPT,
SDXL_Refine/SDXL_Refine/id_1394/images_2_refine/M1_003/sd2_gene_1_refine.png,EXCLUDED_CORRUPT,
SDXL_Refine/SDXL_Refine/id_1394/images_2_refine/M1_001/sd2_gene_1_refine.png,EXCLUDED_CORRUPT,
SDXL_Refine/SDXL_Refine/id_1394/images_2_refine/M1_006/sd2_gene_1_refine.png,EXCLUDED_CORRUPT,
SDXL_Refine/SDXL_Refine/id_0706/images_3_refine/M1_002/sd2_gene_1_refine.png,EXCLUDED_CORRUPT,
SDXL_Refine/SDXL_Refine/id_0706/images_3_refine/M1_000/sd2_gene_1_refine.png,EXCLUDED_CORRUPT,
SDXL_Refine/SDXL_Refine/id_0706/images_3_refine/M1_003/sd2_gene_1_refine.png,EXCLUDED_CORRUPT,
SDXL_Refine/SDXL_Refine/id_0706/images_3_refine/M1_001/sd2_gene_1_refine.png,EXCLUDED_CORRUPT,
SDXL_Refine/SDXL_Refine/id_0706/images_4_refine/M1_002/sd2_gene_1_refine.png,EXCLUDED_CORRUPT,
SDXL_Refine/SDXL_Refine/id_0706/images_4_refine/M1_000/sd2_gene_1_refine.png,EXCLUDED_CORRUPT,
SDXL_Refine/SDXL_Refine/id_0706/images_4_refine/M1_003/sd2_gene_1_refine.png,EXCLUDED_CORRUPT,
SDXL_Refine/SDXL_Refine/id_0706/images_4_refine/M1_001/sd2_gene_1_refine.png,EXCLUDED_CORRUPT,
SDXL_Refine/SDXL_Refine/id_0706/images_refine/M1_002/sd2_gene_1_refine.png,EXCLUDED_CORRUPT,
SDXL_Refine/SDXL_Refine/id_0706/images_refine/M1_000/sd2_gene_1_refine.png,EXCLUDED_CORRUPT,
SDXL_Refine/SDXL_Refine/id_0706/images_refine/M1_003/sd2_gene_1_refine.png,EXCLUDED_CORRUPT,
SDXL_Refine/SDXL_Refine/id_0706/images_refine/M1_001/sd2_gene_1_refine.png,EXCLUDED_CORRUPT,
SDXL_Refine/SDXL_Refine/id_0706/images_2_refine/M1_002/sd2_gene_1_refine.png,EXCLUDED_CORRUPT,
SDXL_Refine/SDXL_Refine/id_0706/images_2_refine/M1_000/sd2_gene_1_refine.png,EXCLUDED_CORRUPT,
SDXL_Refine/SDXL_Refine/id_0706/images_2_refine/M1_003/sd2_gene_1_refine.png,EXCLUDED_CORRUPT,
SDXL_Refine/SDXL_Refine/id_0706/images_2_refine/M1_001/sd2_gene_1_refine.png,EXCLUDED_CORRUPT,
SDXL_Refine/SDXL_Refine/id_1818/images_3_refine/M1_025/sd2_gene_1_refine.png,EXCLUDED_CORRUPT,
SDXL_Refine/SDXL_Refine/id_1818/images_3_refine/M1_030/sd2_gene_1_refine.png,EXCLUDED_CORRUPT,
SDXL_Refine/SDXL_Refine/id_1818/images_3_refine/M1_017/sd2_gene_1_refine.png,EXCLUDED_CORRUPT,
SDXL_Refine/SDXL_Refine/id_1818/images_3_refine/M1_035/sd2_gene_1_refine.png,EXCLUDED_CORRUPT,
SDXL_Refine/SDXL_Refine/id_1818/images_3_refine/M1_011/sd2_gene_1_refine.png,EXCLUDED_CORRUPT,
SDXL_Refine/SDXL_Refine/id_1818/images_3_refine/M1_008/sd2_gene_1_refine.png,EXCLUDED_CORRUPT,
SDXL_Refine/SDXL_Refine/id_1818/images_3_refine/M1_028/sd2_gene_1_refine.png,EXCLUDED_CORRUPT,
SDXL_Refine/SDXL_Refine/id_1818/images_3_refine/M1_037/sd2_gene_1_refine.png,EXCLUDED_CORRUPT,
SDXL_Refine/SDXL_Refine/id_1818/images_3_refine/M1_005/sd2_gene_1_refine.png,EXCLUDED_CORRUPT,
SDXL_Refine/SDXL_Refine/id_1818/images_3_refine/M1_002/sd2_gene_1_refine.png,EXCLUDED_CORRUPT,
SDXL_Refine/SDXL_Refine/id_1818/images_3_refine/M1_010/sd2_gene_1_refine.png,EXCLUDED_CORRUPT,
SDXL_Refine/SDXL_Refine/id_1818/images_3_refine/M1_027/sd2_gene_1_refine.png,EXCLUDED_CORRUPT,
SDXL_Refine/SDXL_Refine/id_1818/images_3_refine/M1_026/sd2_gene_1_refine.png,EXCLUDED_CORRUPT,
SDXL_Refine/SDXL_Refine/id_1818/images_3_refine/M1_023/sd2_gene_1_refine.png,EXCLUDED_CORRUPT,
SDXL_Refine/SDXL_Refine/id_1818/images_3_refine/M1_033/sd2_gene_1_refine.png,EXCLUDED_CORRUPT,
SDXL_Refine/SDXL_Refine/id_1818/images_3_refine/M1_000/sd2_gene_1_refine.png,EXCLUDED_CORRUPT,
SDXL_Refine/SDXL_Refine/id_1818/images_3_refine/M1_019/sd2_gene_1_refine.png,EXCLUDED_CORRUPT,
SDXL_Refine/SDXL_Refine/id_1818/images_3_refine/M1_004/sd2_gene_1_refine.png,EXCLUDED_CORRUPT,
SDXL_Refine/SDXL_Refine/id_1818/images_3_refine/M1_038/sd2_gene_1_refine.png,EXCLUDED_CORRUPT,
SDXL_Refine/SDXL_Refine/id_1818/images_3_refine/M1_018/sd2_gene_1_refine.png,EXCLUDED_CORRUPT,
SDXL_Refine/SDXL_Refine/id_1818/images_3_refine/M1_016/sd2_gene_1_refine.png,EXCLUDED_CORRUPT,
SDXL_Refine/SDXL_Refine/id_1818/images_3_refine/M1_009/sd2_gene_1_refine.png,EXCLUDED_CORRUPT,
SDXL_Refine/SDXL_Refine/id_1818/images_3_refine/M1_022/sd2_gene_1_refine.png,EXCLUDED_CORRUPT,
SDXL_Refine/SDXL_Refine/id_1818/images_3_refine/M1_015/sd2_gene_1_refine.png,EXCLUDED_CORRUPT,
SDXL_Refine/SDXL_Refine/id_1818/images_3_refine/M1_039/sd2_gene_1_refine.png,EXCLUDED_CORRUPT,
SDXL_Refine/SDXL_Refine/id_1818/images_3_refine/M1_024/sd2_gene_1_refine.png,EXCLUDED_CORRUPT,
SDXL_Refine/SDXL_Refine/id_1818/images_3_refine/M1_021/sd2_gene_1_refine.png,EXCLUDED_CORRUPT,
SDXL_Refine/SDXL_Refine/id_1818/images_3_refine/M1_003/sd2_gene_1_refine.png,EXCLUDED_CORRUPT,
SDXL_Refine/SDXL_Refine/id_1818/images_3_refine/M1_001/sd2_gene_1_refine.png,EXCLUDED_CORRUPT,
SDXL_Refine/SDXL_Refine/id_1818/images_3_refine/M1_032/sd2_gene_1_refine.png,EXCLUDED_CORRUPT,
SDXL_Refine/SDXL_Refine/id_1818/images_3_refine/M1_020/sd2_gene_1_refine.png,EXCLUDED_CORRUPT,
SDXL_Refine/SDXL_Refine/id_1818/images_3_refine/M1_036/sd2_gene_1_refine.png,EXCLUDED_CORRUPT,
SDXL_Refine/SDXL_Refine/id_1818/images_3_refine/M1_014/sd2_gene_1_refine.png,EXCLUDED_CORRUPT,
SDXL_Refine/SDXL_Refine/id_1818/images_3_refine/M1_029/sd2_gene_1_refine.png,EXCLUDED_CORRUPT,
SDXL_Refine/SDXL_Refine/id_1818/images_3_refine/M1_034/sd2_gene_1_refine.png,EXCLUDED_CORRUPT,
SDXL_Refine/SDXL_Refine/id_1818/images_3_refine/M1_006/sd2_gene_1_refine.png,EXCLUDED_CORRUPT,
SDXL_Refine/SDXL_Refine/id_1818/images_3_refine/M1_007/sd2_gene_1_refine.png,EXCLUDED_CORRUPT,
SDXL_Refine/SDXL_Refine/id_1818/images_3_refine/M1_012/sd2_gene_1_refine.png,EXCLUDED_CORRUPT,
SDXL_Refine/SDXL_Refine/id_1818/images_3_refine/M1_031/sd2_gene_1_refine.png,EXCLUDED_CORRUPT,
SDXL_Refine/SDXL_Refine/id_1818/images_3_refine/M1_013/sd2_gene_1_refine.png,EXCLUDED_CORRUPT,
SDXL_Refine/SDXL_Refine/id_1818/images_4_refine/M1_025/sd2_gene_1_refine.png,EXCLUDED_CORRUPT,
SDXL_Refine/SDXL_Refine/id_1818/images_4_refine/M1_030/sd2_gene_1_refine.png,EXCLUDED_CORRUPT,
SDXL_Refine/SDXL_Refine/id_1818/images_4_refine/M1_017/sd2_gene_1_refine.png,EXCLUDED_CORRUPT,
SDXL_Refine/SDXL_Refine/id_1818/images_4_refine/M1_035/sd2_gene_1_refine.png,EXCLUDED_CORRUPT,
SDXL_Refine/SDXL_Refine/id_1818/images_4_refine/M1_011/sd2_gene_1_refine.png,EXCLUDED_CORRUPT,
SDXL_Refine/SDXL_Refine/id_1818/images_4_refine/M1_008/sd2_gene_1_refine.png,EXCLUDED_CORRUPT,
SDXL_Refine/SDXL_Refine/id_1818/images_4_refine/M1_028/sd2_gene_1_refine.png,EXCLUDED_CORRUPT,
SDXL_Refine/SDXL_Refine/id_1818/images_4_refine/M1_037/sd2_gene_1_refine.png,EXCLUDED_CORRUPT,
SDXL_Refine/SDXL_Refine/id_1818/images_4_refine/M1_005/sd2_gene_1_refine.png,EXCLUDED_CORRUPT,
SDXL_Refine/SDXL_Refine/id_1818/images_4_refine/M1_002/sd2_gene_1_refine.png,EXCLUDED_CORRUPT,
SDXL_Refine/SDXL_Refine/id_1818/images_4_refine/M1_010/sd2_gene_1_refine.png,EXCLUDED_CORRUPT,
SDXL_Refine/SDXL_Refine/id_1818/images_4_refine/M1_027/sd2_gene_1_refine.png,EXCLUDED_CORRUPT,
SDXL_Refine/SDXL_Refine/id_1818/images_4_refine/M1_026/sd2_gene_1_refine.png,EXCLUDED_CORRUPT,
SDXL_Refine/SDXL_Refine/id_1818/images_4_refine/M1_023/sd2_gene_1_refine.png,EXCLUDED_CORRUPT,
SDXL_Refine/SDXL_Refine/id_1818/images_4_refine/M1_033/sd2_gene_1_refine.png,EXCLUDED_CORRUPT,
SDXL_Refine/SDXL_Refine/id_1818/images_4_refine/M1_000/sd2_gene_1_refine.png,EXCLUDED_CORRUPT,
SDXL_Refine/SDXL_Refine/id_1818/images_4_refine/M1_004/sd2_gene_1_refine.png,EXCLUDED_CORRUPT,
SDXL_Refine/SDXL_Refine/id_1818/images_4_refine/M1_038/sd2_gene_1_refine.png,EXCLUDED_CORRUPT,
SDXL_Refine/SDXL_Refine/id_1818/images_4_refine/M1_018/sd2_gene_1_refine.png,EXCLUDED_CORRUPT,
SDXL_Refine/SDXL_Refine/id_1818/images_4_refine/M1_016/sd2_gene_1_refine.png,EXCLUDED_CORRUPT,
SDXL_Refine/SDXL_Refine/id_1818/images_4_refine/M1_009/sd2_gene_1_refine.png,EXCLUDED_CORRUPT,
SDXL_Refine/SDXL_Refine/id_1818/images_4_refine/M1_022/sd2_gene_1_refine.png,EXCLUDED_CORRUPT,
SDXL_Refine/SDXL_Refine/id_1818/images_4_refine/M1_015/sd2_gene_1_refine.png,EXCLUDED_CORRUPT,
SDXL_Refine/SDXL_Refine/id_1818/images_4_refine/M1_039/sd2_gene_1_refine.png,EXCLUDED_CORRUPT,
SDXL_Refine/SDXL_Refine/id_1818/images_4_refine/M1_024/sd2_gene_1_refine.png,EXCLUDED_CORRUPT,
SDXL_Refine/SDXL_Refine/id_1818/images_4_refine/M1_021/sd2_gene_1_refine.png,EXCLUDED_CORRUPT,
SDXL_Refine/SDXL_Refine/id_1818/images_4_refine/M1_003/sd2_gene_1_refine.png,EXCLUDED_CORRUPT,
SDXL_Refine/SDXL_Refine/id_1818/images_4_refine/M1_001/sd2_gene_1_refine.png,EXCLUDED_CORRUPT,
SDXL_Refine/SDXL_Refine/id_1818/images_4_refine/M1_032/sd2_gene_1_refine.png,EXCLUDED_CORRUPT,
SDXL_Refine/SDXL_Refine/id_1818/images_4_refine/M1_020/sd2_gene_1_refine.png,EXCLUDED_CORRUPT,
SDXL_Refine/SDXL_Refine/id_1818/images_4_refine/M1_036/sd2_gene_1_refine.png,EXCLUDED_CORRUPT,
SDXL_Refine/SDXL_Refine/id_1818/images_4_refine/M1_014/sd2_gene_1_refine.png,EXCLUDED_CORRUPT,
SDXL_Refine/SDXL_Refine/id_1818/images_4_refine/M1_034/sd2_gene_1_refine.png,EXCLUDED_CORRUPT,
SDXL_Refine/SDXL_Refine/id_1818/images_4_refine/M1_006/sd2_gene_1_refine.png,EXCLUDED_CORRUPT,
SDXL_Refine/SDXL_Refine/id_1818/images_4_refine/M1_007/sd2_gene_1_refine.png,EXCLUDED_CORRUPT,
SDXL_Refine/SDXL_Refine/id_1818/images_4_refine/M1_031/sd2_gene_1_refine.png,EXCLUDED_CORRUPT,
SDXL_Refine/SDXL_Refine/id_1818/images_4_refine/M1_013/sd2_gene_1_refine.png,EXCLUDED_CORRUPT,
SDXL_Refine/SDXL_Refine/id_1818/images_refine/M1_025/sd2_gene_1_refine.png,EXCLUDED_CORRUPT,
SDXL_Refine/SDXL_Refine/id_1818/images_refine/M1_030/sd2_gene_1_refine.png,EXCLUDED_CORRUPT,
SDXL_Refine/SDXL_Refine/id_1818/images_refine/M1_017/sd2_gene_1_refine.png,EXCLUDED_CORRUPT,
SDXL_Refine/SDXL_Refine/id_1818/images_refine/M1_035/sd2_gene_1_refine.png,EXCLUDED_CORRUPT,
SDXL_Refine/SDXL_Refine/id_1818/images_refine/M1_011/sd2_gene_1_refine.png,EXCLUDED_CORRUPT,
SDXL_Refine/SDXL_Refine/id_1818/images_refine/M1_008/sd2_gene_1_refine.png,EXCLUDED_CORRUPT,
SDXL_Refine/SDXL_Refine/id_1818/images_refine/M1_028/sd2_gene_1_refine.png,EXCLUDED_CORRUPT,
SDXL_Refine/SDXL_Refine/id_1818/images_refine/M1_037/sd2_gene_1_refine.png,EXCLUDED_CORRUPT,
SDXL_Refine/SDXL_Refine/id_1818/images_refine/M1_005/sd2_gene_1_refine.png,EXCLUDED_CORRUPT,
SDXL_Refine/SDXL_Refine/id_1818/images_refine/M1_002/sd2_gene_1_refine.png,EXCLUDED_CORRUPT,
SDXL_Refine/SDXL_Refine/id_1818/images_refine/M1_010/sd2_gene_1_refine.png,EXCLUDED_CORRUPT,
SDXL_Refine/SDXL_Refine/id_1818/images_refine/M1_027/sd2_gene_1_refine.png,EXCLUDED_CORRUPT,
SDXL_Refine/SDXL_Refine/id_1818/images_refine/M1_026/sd2_gene_1_refine.png,EXCLUDED_CORRUPT,
SDXL_Refine/SDXL_Refine/id_1818/images_refine/M1_023/sd2_gene_1_refine.png,EXCLUDED_CORRUPT,
SDXL_Refine/SDXL_Refine/id_1818/images_refine/M1_033/sd2_gene_1_refine.png,EXCLUDED_CORRUPT,
SDXL_Refine/SDXL_Refine/id_1818/images_refine/M1_000/sd2_gene_1_refine.png,EXCLUDED_CORRUPT,
SDXL_Refine/SDXL_Refine/id_1818/images_refine/M1_019/sd2_gene_1_refine.png,EXCLUDED_CORRUPT,
SDXL_Refine/SDXL_Refine/id_1818/images_refine/M1_004/sd2_gene_1_refine.png,EXCLUDED_CORRUPT,
SDXL_Refine/SDXL_Refine/id_1818/images_refine/M1_038/sd2_gene_1_refine.png,EXCLUDED_CORRUPT,
SDXL_Refine/SDXL_Refine/id_1818/images_refine/M1_018/sd2_gene_1_refine.png,EXCLUDED_CORRUPT,
SDXL_Refine/SDXL_Refine/id_1818/images_refine/M1_016/sd2_gene_1_refine.png,EXCLUDED_CORRUPT,
SDXL_Refine/SDXL_Refine/id_1818/images_refine/M1_009/sd2_gene_1_refine.png,EXCLUDED_CORRUPT,
SDXL_Refine/SDXL_Refine/id_1818/images_refine/M1_022/sd2_gene_1_refine.png,EXCLUDED_CORRUPT,
SDXL_Refine/SDXL_Refine/id_1818/images_refine/M1_015/sd2_gene_1_refine.png,EXCLUDED_CORRUPT,
SDXL_Refine/SDXL_Refine/id_1818/images_refine/M1_039/sd2_gene_1_refine.png,EXCLUDED_CORRUPT,
SDXL_Refine/SDXL_Refine/id_1818/images_refine/M1_024/sd2_gene_1_refine.png,EXCLUDED_CORRUPT,
SDXL_Refine/SDXL_Refine/id_1818/images_refine/M1_021/sd2_gene_1_refine.png,EXCLUDED_CORRUPT,
SDXL_Refine/SDXL_Refine/id_1818/images_refine/M1_003/sd2_gene_1_refine.png,EXCLUDED_CORRUPT,
SDXL_Refine/SDXL_Refine/id_1818/images_refine/M1_001/sd2_gene_1_refine.png,EXCLUDED_CORRUPT,
SDXL_Refine/SDXL_Refine/id_1818/images_refine/M1_032/sd2_gene_1_refine.png,EXCLUDED_CORRUPT,
SDXL_Refine/SDXL_Refine/id_1818/images_refine/M1_020/sd2_gene_1_refine.png,EXCLUDED_CORRUPT,
SDXL_Refine/SDXL_Refine/id_1818/images_refine/M1_036/sd2_gene_1_refine.png,EXCLUDED_CORRUPT,
SDXL_Refine/SDXL_Refine/id_1818/images_refine/M1_014/sd2_gene_1_refine.png,EXCLUDED_CORRUPT,
SDXL_Refine/SDXL_Refine/id_1818/images_refine/M1_029/sd2_gene_1_refine.png,EXCLUDED_CORRUPT,
SDXL_Refine/SDXL_Refine/id_1818/images_refine/M1_034/sd2_gene_1_refine.png,EXCLUDED_CORRUPT,
SDXL_Refine/SDXL_Refine/id_1818/images_refine/M1_006/sd2_gene_1_refine.png,EXCLUDED_CORRUPT,
SDXL_Refine/SDXL_Refine/id_1818/images_refine/M1_007/sd2_gene_1_refine.png,EXCLUDED_CORRUPT,
SDXL_Refine/SDXL_Refine/id_1818/images_refine/M1_012/sd2_gene_1_refine.png,EXCLUDED_CORRUPT,
SDXL_Refine/SDXL_Refine/id_1818/images_refine/M1_031/sd2_gene_1_refine.png,EXCLUDED_CORRUPT,
SDXL_Refine/SDXL_Refine/id_1818/images_refine/M1_013/sd2_gene_1_refine.png,EXCLUDED_CORRUPT,
SDXL_Refine/SDXL_Refine/id_1818/images_2_refine/M1_025/sd2_gene_1_refine.png,EXCLUDED_CORRUPT,
SDXL_Refine/SDXL_Refine/id_1818/images_2_refine/M1_030/sd2_gene_1_refine.png,EXCLUDED_CORRUPT,
SDXL_Refine/SDXL_Refine/id_1818/images_2_refine/M1_017/sd2_gene_1_refine.png,EXCLUDED_CORRUPT,
SDXL_Refine/SDXL_Refine/id_1818/images_2_refine/M1_035/sd2_gene_1_refine.png,EXCLUDED_CORRUPT,
SDXL_Refine/SDXL_Refine/id_1818/images_2_refine/M1_011/sd2_gene_1_refine.png,EXCLUDED_CORRUPT,
SDXL_Refine/SDXL_Refine/id_1818/images_2_refine/M1_008/sd2_gene_1_refine.png,EXCLUDED_CORRUPT,
SDXL_Refine/SDXL_Refine/id_1818/images_2_refine/M1_028/sd2_gene_1_refine.png,EXCLUDED_CORRUPT,
SDXL_Refine/SDXL_Refine/id_1818/images_2_refine/M1_037/sd2_gene_1_refine.png,EXCLUDED_CORRUPT,
SDXL_Refine/SDXL_Refine/id_1818/images_2_refine/M1_005/sd2_gene_1_refine.png,EXCLUDED_CORRUPT,
SDXL_Refine/SDXL_Refine/id_1818/images_2_refine/M1_002/sd2_gene_1_refine.png,EXCLUDED_CORRUPT,
SDXL_Refine/SDXL_Refine/id_1818/images_2_refine/M1_010/sd2_gene_1_refine.png,EXCLUDED_CORRUPT,
SDXL_Refine/SDXL_Refine/id_1818/images_2_refine/M1_027/sd2_gene_1_refine.png,EXCLUDED_CORRUPT,
SDXL_Refine/SDXL_Refine/id_1818/images_2_refine/M1_026/sd2_gene_1_refine.png,EXCLUDED_CORRUPT,
SDXL_Refine/SDXL_Refine/id_1818/images_2_refine/M1_023/sd2_gene_1_refine.png,EXCLUDED_CORRUPT,
SDXL_Refine/SDXL_Refine/id_1818/images_2_refine/M1_033/sd2_gene_1_refine.png,EXCLUDED_CORRUPT,
SDXL_Refine/SDXL_Refine/id_1818/images_2_refine/M1_019/sd2_gene_1_refine.png,EXCLUDED_CORRUPT,
SDXL_Refine/SDXL_Refine/id_1818/images_2_refine/M1_004/sd2_gene_1_refine.png,EXCLUDED_CORRUPT,
SDXL_Refine/SDXL_Refine/id_1818/images_2_refine/M1_038/sd2_gene_1_refine.png,EXCLUDED_CORRUPT,
SDXL_Refine/SDXL_Refine/id_1818/images_2_refine/M1_018/sd2_gene_1_refine.png,EXCLUDED_CORRUPT,
SDXL_Refine/SDXL_Refine/id_1818/images_2_refine/M1_016/sd2_gene_1_refine.png,EXCLUDED_CORRUPT,
SDXL_Refine/SDXL_Refine/id_1818/images_2_refine/M1_009/sd2_gene_1_refine.png,EXCLUDED_CORRUPT,
SDXL_Refine/SDXL_Refine/id_1818/images_2_refine/M1_022/sd2_gene_1_refine.png,EXCLUDED_CORRUPT,
SDXL_Refine/SDXL_Refine/id_1818/images_2_refine/M1_015/sd2_gene_1_refine.png,EXCLUDED_CORRUPT,
SDXL_Refine/SDXL_Refine/id_1818/images_2_refine/M1_039/sd2_gene_1_refine.png,EXCLUDED_CORRUPT,
SDXL_Refine/SDXL_Refine/id_1818/images_2_refine/M1_024/sd2_gene_1_refine.png,EXCLUDED_CORRUPT,
SDXL_Refine/SDXL_Refine/id_1818/images_2_refine/M1_021/sd2_gene_1_refine.png,EXCLUDED_CORRUPT,
SDXL_Refine/SDXL_Refine/id_1818/images_2_refine/M1_003/sd2_gene_1_refine.png,EXCLUDED_CORRUPT,
SDXL_Refine/SDXL_Refine/id_1818/images_2_refine/M1_001/sd2_gene_1_refine.png,EXCLUDED_CORRUPT,
SDXL_Refine/SDXL_Refine/id_1818/images_2_refine/M1_032/sd2_gene_1_refine.png,EXCLUDED_CORRUPT,
SDXL_Refine/SDXL_Refine/id_1818/images_2_refine/M1_020/sd2_gene_1_refine.png,EXCLUDED_CORRUPT,
SDXL_Refine/SDXL_Refine/id_1818/images_2_refine/M1_036/sd2_gene_1_refine.png,EXCLUDED_CORRUPT,
SDXL_Refine/SDXL_Refine/id_1818/images_2_refine/M1_014/sd2_gene_1_refine.png,EXCLUDED_CORRUPT,
SDXL_Refine/SDXL_Refine/id_1818/images_2_refine/M1_029/sd2_gene_1_refine.png,EXCLUDED_CORRUPT,
SDXL_Refine/SDXL_Refine/id_1818/images_2_refine/M1_034/sd2_gene_1_refine.png,EXCLUDED_CORRUPT,
SDXL_Refine/SDXL_Refine/id_1818/images_2_refine/M1_006/sd2_gene_1_refine.png,EXCLUDED_CORRUPT,
SDXL_Refine/SDXL_Refine/id_1818/images_2_refine/M1_007/sd2_gene_1_refine.png,EXCLUDED_CORRUPT,
SDXL_Refine/SDXL_Refine/id_1818/images_2_refine/M1_012/sd2_gene_1_refine.png,EXCLUDED_CORRUPT,
SDXL_Refine/SDXL_Refine/id_1818/images_2_refine/M1_031/sd2_gene_1_refine.png,EXCLUDED_CORRUPT,
SDXL_Refine/SDXL_Refine/id_1818/images_2_refine/M1_013/sd2_gene_1_refine.png,EXCLUDED_CORRUPT,
SDXL_Refine/SDXL_Refine/id_1684/images_3_refine/M1_005/sd2_gene_1_refine.png,EXCLUDED_CORRUPT,
SDXL_Refine/SDXL_Refine/id_1684/images_3_refine/M1_002/sd2_gene_1_refine.png,EXCLUDED_CORRUPT,
SDXL_Refine/SDXL_Refine/id_1684/images_3_refine/M1_000/sd2_gene_1_refine.png,EXCLUDED_CORRUPT,
SDXL_Refine/SDXL_Refine/id_1684/images_3_refine/M1_004/sd2_gene_1_refine.png,EXCLUDED_CORRUPT,
SDXL_Refine/SDXL_Refine/id_1684/images_3_refine/M1_003/sd2_gene_1_refine.png,EXCLUDED_CORRUPT,
SDXL_Refine/SDXL_Refine/id_1684/images_3_refine/M1_001/sd2_gene_1_refine.png,EXCLUDED_CORRUPT,
SDXL_Refine/SDXL_Refine/id_1684/images_3_refine/M1_006/sd2_gene_1_refine.png,EXCLUDED_CORRUPT,
SDXL_Refine/SDXL_Refine/id_1684/images_3_refine/M1_007/sd2_gene_1_refine.png,EXCLUDED_CORRUPT,
SDXL_Refine/SDXL_Refine/id_1684/images_4_refine/M1_005/sd2_gene_1_refine.png,EXCLUDED_CORRUPT,
SDXL_Refine/SDXL_Refine/id_1684/images_4_refine/M1_002/sd2_gene_1_refine.png,EXCLUDED_CORRUPT,
SDXL_Refine/SDXL_Refine/id_1684/images_4_refine/M1_000/sd2_gene_1_refine.png,EXCLUDED_CORRUPT,
SDXL_Refine/SDXL_Refine/id_1684/images_4_refine/M1_004/sd2_gene_1_refine.png,EXCLUDED_CORRUPT,
SDXL_Refine/SDXL_Refine/id_1684/images_4_refine/M1_003/sd2_gene_1_refine.png,EXCLUDED_CORRUPT,
SDXL_Refine/SDXL_Refine/id_1684/images_4_refine/M1_001/sd2_gene_1_refine.png,EXCLUDED_CORRUPT,
SDXL_Refine/SDXL_Refine/id_1684/images_4_refine/M1_006/sd2_gene_1_refine.png,EXCLUDED_CORRUPT,
SDXL_Refine/SDXL_Refine/id_1684/images_4_refine/M1_007/sd2_gene_1_refine.png,EXCLUDED_CORRUPT,
SDXL_Refine/SDXL_Refine/id_1684/images_refine/M1_005/sd2_gene_1_refine.png,EXCLUDED_CORRUPT,
SDXL_Refine/SDXL_Refine/id_1684/images_refine/M1_000/sd2_gene_1_refine.png,EXCLUDED_CORRUPT,
SDXL_Refine/SDXL_Refine/id_1684/images_refine/M1_004/sd2_gene_1_refine.png,EXCLUDED_CORRUPT,
SDXL_Refine/SDXL_Refine/id_1684/images_refine/M1_003/sd2_gene_1_refine.png,EXCLUDED_CORRUPT,
SDXL_Refine/SDXL_Refine/id_1684/images_refine/M1_001/sd2_gene_1_refine.png,EXCLUDED_CORRUPT,
SDXL_Refine/SDXL_Refine/id_1684/images_refine/M1_006/sd2_gene_1_refine.png,EXCLUDED_CORRUPT,
SDXL_Refine/SDXL_Refine/id_1684/images_refine/M1_007/sd2_gene_1_refine.png,EXCLUDED_CORRUPT,
SDXL_Refine/SDXL_Refine/id_1684/images_2_refine/M1_005/sd2_gene_1_refine.png,EXCLUDED_CORRUPT,
SDXL_Refine/SDXL_Refine/id_1684/images_2_refine/M1_002/sd2_gene_1_refine.png,EXCLUDED_CORRUPT,
SDXL_Refine/SDXL_Refine/id_1684/images_2_refine/M1_000/sd2_gene_1_refine.png,EXCLUDED_CORRUPT,
SDXL_Refine/SDXL_Refine/id_1684/images_2_refine/M1_004/sd2_gene_1_refine.png,EXCLUDED_CORRUPT,
SDXL_Refine/SDXL_Refine/id_1684/images_2_refine/M1_003/sd2_gene_1_refine.png,EXCLUDED_CORRUPT,
SDXL_Refine/SDXL_Refine/id_1684/images_2_refine/M1_001/sd2_gene_1_refine.png,EXCLUDED_CORRUPT,
SDXL_Refine/SDXL_Refine/id_1684/images_2_refine/M1_006/sd2_gene_1_refine.png,EXCLUDED_CORRUPT,
SDXL_Refine/SDXL_Refine/id_1684/images_2_refine/M1_007/sd2_gene_1_refine.png,EXCLUDED_CORRUPT,
SDXL_Refine/SDXL_Refine/id_0324/images_3_refine/M1_005/sd2_gene_1_refine.png,EXCLUDED_CORRUPT,
SDXL_Refine/SDXL_Refine/id_0324/images_3_refine/M1_002/sd2_gene_1_refine.png,EXCLUDED_CORRUPT,
SDXL_Refine/SDXL_Refine/id_0324/images_3_refine/M1_000/sd2_gene_1_refine.png,EXCLUDED_CORRUPT,
SDXL_Refine/SDXL_Refine/id_0324/images_3_refine/M1_004/sd2_gene_1_refine.png,EXCLUDED_CORRUPT,
SDXL_Refine/SDXL_Refine/id_0324/images_3_refine/M1_003/sd2_gene_1_refine.png,EXCLUDED_CORRUPT,
SDXL_Refine/SDXL_Refine/id_0324/images_3_refine/M1_001/sd2_gene_1_refine.png,EXCLUDED_CORRUPT,
SDXL_Refine/SDXL_Refine/id_0324/images_3_refine/M1_006/sd2_gene_1_refine.png,EXCLUDED_CORRUPT,
SDXL_Refine/SDXL_Refine/id_0324/images_3_refine/M1_007/sd2_gene_1_refine.png,EXCLUDED_CORRUPT,
SDXL_Refine/SDXL_Refine/id_0324/images_4_refine/M1_005/sd2_gene_1_refine.png,EXCLUDED_CORRUPT,
SDXL_Refine/SDXL_Refine/id_0324/images_4_refine/M1_002/sd2_gene_1_refine.png,EXCLUDED_CORRUPT,
SDXL_Refine/SDXL_Refine/id_0324/images_4_refine/M1_000/sd2_gene_1_refine.png,EXCLUDED_CORRUPT,
SDXL_Refine/SDXL_Refine/id_0324/images_4_refine/M1_004/sd2_gene_1_refine.png,EXCLUDED_CORRUPT,
SDXL_Refine/SDXL_Refine/id_0324/images_4_refine/M1_003/sd2_gene_1_refine.png,EXCLUDED_CORRUPT,
SDXL_Refine/SDXL_Refine/id_0324/images_4_refine/M1_001/sd2_gene_1_refine.png,EXCLUDED_CORRUPT,
SDXL_Refine/SDXL_Refine/id_0324/images_4_refine/M1_006/sd2_gene_1_refine.png,EXCLUDED_CORRUPT,
SDXL_Refine/SDXL_Refine/id_0324/images_4_refine/M1_007/sd2_gene_1_refine.png,EXCLUDED_CORRUPT,
SDXL_Refine/SDXL_Refine/id_0324/images_refine/M1_005/sd2_gene_1_refine.png,EXCLUDED_CORRUPT,
SDXL_Refine/SDXL_Refine/id_0324/images_refine/M1_002/sd2_gene_1_refine.png,EXCLUDED_CORRUPT,
SDXL_Refine/SDXL_Refine/id_0324/images_refine/M1_000/sd2_gene_1_refine.png,EXCLUDED_CORRUPT,
SDXL_Refine/SDXL_Refine/id_0324/images_refine/M1_004/sd2_gene_1_refine.png,EXCLUDED_CORRUPT,
SDXL_Refine/SDXL_Refine/id_0324/images_refine/M1_003/sd2_gene_1_refine.png,EXCLUDED_CORRUPT,
SDXL_Refine/SDXL_Refine/id_0324/images_refine/M1_001/sd2_gene_1_refine.png,EXCLUDED_CORRUPT,
SDXL_Refine/SDXL_Refine/id_0324/images_refine/M1_006/sd2_gene_1_refine.png,EXCLUDED_CORRUPT,
SDXL_Refine/SDXL_Refine/id_0324/images_refine/M1_007/sd2_gene_1_refine.png,EXCLUDED_CORRUPT,
SDXL_Refine/SDXL_Refine/id_0324/images_2_refine/M1_005/sd2_gene_1_refine.png,EXCLUDED_CORRUPT,
SDXL_Refine/SDXL_Refine/id_0324/images_2_refine/M1_002/sd2_gene_1_refine.png,EXCLUDED_CORRUPT,
SDXL_Refine/SDXL_Refine/id_0324/images_2_refine/M1_000/sd2_gene_1_refine.png,EXCLUDED_CORRUPT,
SDXL_Refine/SDXL_Refine/id_0324/images_2_refine/M1_004/sd2_gene_1_refine.png,EXCLUDED_CORRUPT,
SDXL_Refine/SDXL_Refine/id_0324/images_2_refine/M1_003/sd2_gene_1_refine.png,EXCLUDED_CORRUPT,
SDXL_Refine/SDXL_Refine/id_0324/images_2_refine/M1_001/sd2_gene_1_refine.png,EXCLUDED_CORRUPT,
SDXL_Refine/SDXL_Refine/id_0324/images_2_refine/M1_006/sd2_gene_1_refine.png,EXCLUDED_CORRUPT,
SDXL_Refine/SDXL_Refine/id_0324/images_2_refine/M1_007/sd2_gene_1_refine.png,EXCLUDED_CORRUPT,
SDXL_Refine/SDXL_Refine/id_1764/images_3_refine/M1_011/sd2_gene_1_refine.png,EXCLUDED_CORRUPT,
SDXL_Refine/SDXL_Refine/id_1764/images_3_refine/M1_008/sd2_gene_1_refine.png,EXCLUDED_CORRUPT,
SDXL_Refine/SDXL_Refine/id_1764/images_3_refine/M1_005/sd2_gene_1_refine.png,EXCLUDED_CORRUPT,
SDXL_Refine/SDXL_Refine/id_1764/images_3_refine/M1_002/sd2_gene_1_refine.png,EXCLUDED_CORRUPT,
SDXL_Refine/SDXL_Refine/id_1764/images_3_refine/M1_010/sd2_gene_1_refine.png,EXCLUDED_CORRUPT,
SDXL_Refine/SDXL_Refine/id_1764/images_3_refine/M1_000/sd2_gene_1_refine.png,EXCLUDED_CORRUPT,
SDXL_Refine/SDXL_Refine/id_1764/images_3_refine/M1_009/sd2_gene_1_refine.png,EXCLUDED_CORRUPT,
SDXL_Refine/SDXL_Refine/id_1764/images_3_refine/M1_003/sd2_gene_1_refine.png,EXCLUDED_CORRUPT,
SDXL_Refine/SDXL_Refine/id_1764/images_3_refine/M1_001/sd2_gene_1_refine.png,EXCLUDED_CORRUPT,
SDXL_Refine/SDXL_Refine/id_1764/images_3_refine/M1_006/sd2_gene_1_refine.png,EXCLUDED_CORRUPT,
SDXL_Refine/SDXL_Refine/id_1764/images_3_refine/M1_007/sd2_gene_1_refine.png,EXCLUDED_CORRUPT,
SDXL_Refine/SDXL_Refine/id_1764/images_4_refine/M1_011/sd2_gene_1_refine.png,EXCLUDED_CORRUPT,
SDXL_Refine/SDXL_Refine/id_1764/images_4_refine/M1_008/sd2_gene_1_refine.png,EXCLUDED_CORRUPT,
SDXL_Refine/SDXL_Refine/id_1764/images_4_refine/M1_002/sd2_gene_1_refine.png,EXCLUDED_CORRUPT,
SDXL_Refine/SDXL_Refine/id_1764/images_4_refine/M1_010/sd2_gene_1_refine.png,EXCLUDED_CORRUPT,
SDXL_Refine/SDXL_Refine/id_1764/images_4_refine/M1_004/sd2_gene_1_refine.png,EXCLUDED_CORRUPT,
SDXL_Refine/SDXL_Refine/id_1764/images_4_refine/M1_009/sd2_gene_1_refine.png,EXCLUDED_CORRUPT,
SDXL_Refine/SDXL_Refine/id_1764/images_4_refine/M1_003/sd2_gene_1_refine.png,EXCLUDED_CORRUPT,
SDXL_Refine/SDXL_Refine/id_1764/images_4_refine/M1_001/sd2_gene_1_refine.png,EXCLUDED_CORRUPT,
SDXL_Refine/SDXL_Refine/id_1764/images_4_refine/M1_006/sd2_gene_1_refine.png,EXCLUDED_CORRUPT,
SDXL_Refine/SDXL_Refine/id_1764/images_4_refine/M1_007/sd2_gene_1_refine.png,EXCLUDED_CORRUPT,
SDXL_Refine/SDXL_Refine/id_1764/images_refine/M1_011/sd2_gene_1_refine.png,EXCLUDED_CORRUPT,
SDXL_Refine/SDXL_Refine/id_1764/images_refine/M1_008/sd2_gene_1_refine.png,EXCLUDED_CORRUPT,
SDXL_Refine/SDXL_Refine/id_1764/images_refine/M1_005/sd2_gene_1_refine.png,EXCLUDED_CORRUPT,
SDXL_Refine/SDXL_Refine/id_1764/images_refine/M1_002/sd2_gene_1_refine.png,EXCLUDED_CORRUPT,
SDXL_Refine/SDXL_Refine/id_1764/images_refine/M1_010/sd2_gene_1_refine.png,EXCLUDED_CORRUPT,
SDXL_Refine/SDXL_Refine/id_1764/images_refine/M1_000/sd2_gene_1_refine.png,EXCLUDED_CORRUPT,
SDXL_Refine/SDXL_Refine/id_1764/images_refine/M1_004/sd2_gene_1_refine.png,EXCLUDED_CORRUPT,
SDXL_Refine/SDXL_Refine/id_1764/images_refine/M1_009/sd2_gene_1_refine.png,EXCLUDED_CORRUPT,
SDXL_Refine/SDXL_Refine/id_1764/images_refine/M1_003/sd2_gene_1_refine.png,EXCLUDED_CORRUPT,
SDXL_Refine/SDXL_Refine/id_1764/images_refine/M1_001/sd2_gene_1_refine.png,EXCLUDED_CORRUPT,
SDXL_Refine/SDXL_Refine/id_1764/images_refine/M1_006/sd2_gene_1_refine.png,EXCLUDED_CORRUPT,
SDXL_Refine/SDXL_Refine/id_1764/images_refine/M1_007/sd2_gene_1_refine.png,EXCLUDED_CORRUPT,
SDXL_Refine/SDXL_Refine/id_1764/images_2_refine/M1_011/sd2_gene_1_refine.png,EXCLUDED_CORRUPT,
SDXL_Refine/SDXL_Refine/id_1764/images_2_refine/M1_008/sd2_gene_1_refine.png,EXCLUDED_CORRUPT,
SDXL_Refine/SDXL_Refine/id_1764/images_2_refine/M1_005/sd2_gene_1_refine.png,EXCLUDED_CORRUPT,
SDXL_Refine/SDXL_Refine/id_1764/images_2_refine/M1_002/sd2_gene_1_refine.png,EXCLUDED_CORRUPT,
SDXL_Refine/SDXL_Refine/id_1764/images_2_refine/M1_010/sd2_gene_1_refine.png,EXCLUDED_CORRUPT,
SDXL_Refine/SDXL_Refine/id_1764/images_2_refine/M1_000/sd2_gene_1_refine.png,EXCLUDED_CORRUPT,
SDXL_Refine/SDXL_Refine/id_1764/images_2_refine/M1_004/sd2_gene_1_refine.png,EXCLUDED_CORRUPT,
SDXL_Refine/SDXL_Refine/id_1764/images_2_refine/M1_009/sd2_gene_1_refine.png,EXCLUDED_CORRUPT,
SDXL_Refine/SDXL_Refine/id_1764/images_2_refine/M1_003/sd2_gene_1_refine.png,EXCLUDED_CORRUPT,
SDXL_Refine/SDXL_Refine/id_1764/images_2_refine/M1_001/sd2_gene_1_refine.png,EXCLUDED_CORRUPT,
SDXL_Refine/SDXL_Refine/id_1764/images_2_refine/M1_006/sd2_gene_1_refine.png,EXCLUDED_CORRUPT,
SDXL_Refine/SDXL_Refine/id_1764/images_2_refine/M1_007/sd2_gene_1_refine.png,EXCLUDED_CORRUPT,
SDXL_Refine/SDXL_Refine/id_2691/images_3_refine/M1_011/sd2_gene_1_refine.png,EXCLUDED_CORRUPT,
SDXL_Refine/SDXL_Refine/id_2691/images_3_refine/M1_008/sd2_gene_1_refine.png,EXCLUDED_CORRUPT,
SDXL_Refine/SDXL_Refine/id_2691/images_3_refine/M1_005/sd2_gene_1_refine.png,EXCLUDED_CORRUPT,
SDXL_Refine/SDXL_Refine/id_2691/images_3_refine/M1_002/sd2_gene_1_refine.png,EXCLUDED_CORRUPT,
SDXL_Refine/SDXL_Refine/id_2691/images_3_refine/M1_010/sd2_gene_1_refine.png,EXCLUDED_CORRUPT,
SDXL_Refine/SDXL_Refine/id_2691/images_3_refine/M1_000/sd2_gene_1_refine.png,EXCLUDED_CORRUPT,
SDXL_Refine/SDXL_Refine/id_2691/images_3_refine/M1_004/sd2_gene_1_refine.png,EXCLUDED_CORRUPT,
SDXL_Refine/SDXL_Refine/id_2691/images_3_refine/M1_009/sd2_gene_1_refine.png,EXCLUDED_CORRUPT,
SDXL_Refine/SDXL_Refine/id_2691/images_3_refine/M1_003/sd2_gene_1_refine.png,EXCLUDED_CORRUPT,
SDXL_Refine/SDXL_Refine/id_2691/images_3_refine/M1_001/sd2_gene_1_refine.png,EXCLUDED_CORRUPT,
SDXL_Refine/SDXL_Refine/id_2691/images_3_refine/M1_006/sd2_gene_1_refine.png,EXCLUDED_CORRUPT,
SDXL_Refine/SDXL_Refine/id_2691/images_3_refine/M1_007/sd2_gene_1_refine.png,EXCLUDED_CORRUPT,
SDXL_Refine/SDXL_Refine/id_2691/images_4_refine/M1_011/sd2_gene_1_refine.png,EXCLUDED_CORRUPT,
SDXL_Refine/SDXL_Refine/id_2691/images_4_refine/M1_008/sd2_gene_1_refine.png,EXCLUDED_CORRUPT,
SDXL_Refine/SDXL_Refine/id_2691/images_4_refine/M1_005/sd2_gene_1_refine.png,EXCLUDED_CORRUPT,
SDXL_Refine/SDXL_Refine/id_2691/images_4_refine/M1_002/sd2_gene_1_refine.png,EXCLUDED_CORRUPT,
SDXL_Refine/SDXL_Refine/id_2691/images_4_refine/M1_010/sd2_gene_1_refine.png,EXCLUDED_CORRUPT,
SDXL_Refine/SDXL_Refine/id_2691/images_4_refine/M1_000/sd2_gene_1_refine.png,EXCLUDED_CORRUPT,
SDXL_Refine/SDXL_Refine/id_2691/images_4_refine/M1_004/sd2_gene_1_refine.png,EXCLUDED_CORRUPT,
SDXL_Refine/SDXL_Refine/id_2691/images_4_refine/M1_009/sd2_gene_1_refine.png,EXCLUDED_CORRUPT,
SDXL_Refine/SDXL_Refine/id_2691/images_4_refine/M1_003/sd2_gene_1_refine.png,EXCLUDED_CORRUPT,
SDXL_Refine/SDXL_Refine/id_2691/images_4_refine/M1_001/sd2_gene_1_refine.png,EXCLUDED_CORRUPT,
SDXL_Refine/SDXL_Refine/id_2691/images_4_refine/M1_006/sd2_gene_1_refine.png,EXCLUDED_CORRUPT,
SDXL_Refine/SDXL_Refine/id_2691/images_4_refine/M1_007/sd2_gene_1_refine.png,EXCLUDED_CORRUPT,
SDXL_Refine/SDXL_Refine/id_2691/images_refine/M1_011/sd2_gene_1_refine.png,EXCLUDED_CORRUPT,
SDXL_Refine/SDXL_Refine/id_2691/images_refine/M1_008/sd2_gene_1_refine.png,EXCLUDED_CORRUPT,
SDXL_Refine/SDXL_Refine/id_2691/images_refine/M1_005/sd2_gene_1_refine.png,EXCLUDED_CORRUPT,
SDXL_Refine/SDXL_Refine/id_2691/images_refine/M1_002/sd2_gene_1_refine.png,EXCLUDED_CORRUPT,
SDXL_Refine/SDXL_Refine/id_2691/images_refine/M1_010/sd2_gene_1_refine.png,EXCLUDED_CORRUPT,
SDXL_Refine/SDXL_Refine/id_2691/images_refine/M1_000/sd2_gene_1_refine.png,EXCLUDED_CORRUPT,
SDXL_Refine/SDXL_Refine/id_2691/images_refine/M1_004/sd2_gene_1_refine.png,EXCLUDED_CORRUPT,
SDXL_Refine/SDXL_Refine/id_2691/images_refine/M1_009/sd2_gene_1_refine.png,EXCLUDED_CORRUPT,
SDXL_Refine/SDXL_Refine/id_2691/images_refine/M1_003/sd2_gene_1_refine.png,EXCLUDED_CORRUPT,
SDXL_Refine/SDXL_Refine/id_2691/images_refine/M1_001/sd2_gene_1_refine.png,EXCLUDED_CORRUPT,
SDXL_Refine/SDXL_Refine/id_2691/images_refine/M1_006/sd2_gene_1_refine.png,EXCLUDED_CORRUPT,
SDXL_Refine/SDXL_Refine/id_2691/images_refine/M1_007/sd2_gene_1_refine.png,EXCLUDED_CORRUPT,
SDXL_Refine/SDXL_Refine/id_2691/images_2_refine/M1_011/sd2_gene_1_refine.png,EXCLUDED_CORRUPT,
SDXL_Refine/SDXL_Refine/id_2691/images_2_refine/M1_008/sd2_gene_1_refine.png,EXCLUDED_CORRUPT,
SDXL_Refine/SDXL_Refine/id_2691/images_2_refine/M1_005/sd2_gene_1_refine.png,EXCLUDED_CORRUPT,
SDXL_Refine/SDXL_Refine/id_2691/images_2_refine/M1_002/sd2_gene_1_refine.png,EXCLUDED_CORRUPT,
SDXL_Refine/SDXL_Refine/id_2691/images_2_refine/M1_010/sd2_gene_1_refine.png,EXCLUDED_CORRUPT,
SDXL_Refine/SDXL_Refine/id_2691/images_2_refine/M1_000/sd2_gene_1_refine.png,EXCLUDED_CORRUPT,
SDXL_Refine/SDXL_Refine/id_2691/images_2_refine/M1_004/sd2_gene_1_refine.png,EXCLUDED_CORRUPT,
SDXL_Refine/SDXL_Refine/id_2691/images_2_refine/M1_009/sd2_gene_1_refine.png,EXCLUDED_CORRUPT,
SDXL_Refine/SDXL_Refine/id_2691/images_2_refine/M1_003/sd2_gene_1_refine.png,EXCLUDED_CORRUPT,
SDXL_Refine/SDXL_Refine/id_2691/images_2_refine/M1_001/sd2_gene_1_refine.png,EXCLUDED_CORRUPT,
SDXL_Refine/SDXL_Refine/id_2691/images_2_refine/M1_006/sd2_gene_1_refine.png,EXCLUDED_CORRUPT,
SDXL_Refine/SDXL_Refine/id_2691/images_2_refine/M1_007/sd2_gene_1_refine.png,EXCLUDED_CORRUPT,
SDXL_Refine/SDXL_Refine/id_1098/images_3_refine/M1_011/sd2_gene_1_refine.png,EXCLUDED_CORRUPT,
SDXL_Refine/SDXL_Refine/id_1098/images_3_refine/M1_008/sd2_gene_1_refine.png,EXCLUDED_CORRUPT,
SDXL_Refine/SDXL_Refine/id_1098/images_3_refine/M1_005/sd2_gene_1_refine.png,EXCLUDED_CORRUPT,
SDXL_Refine/SDXL_Refine/id_1098/images_3_refine/M1_002/sd2_gene_1_refine.png,EXCLUDED_CORRUPT,
SDXL_Refine/SDXL_Refine/id_1098/images_3_refine/M1_010/sd2_gene_1_refine.png,EXCLUDED_CORRUPT,
SDXL_Refine/SDXL_Refine/id_1098/images_3_refine/M1_004/sd2_gene_1_refine.png,EXCLUDED_CORRUPT,
SDXL_Refine/SDXL_Refine/id_1098/images_3_refine/M1_009/sd2_gene_1_refine.png,EXCLUDED_CORRUPT,
SDXL_Refine/SDXL_Refine/id_1098/images_3_refine/M1_015/sd2_gene_1_refine.png,EXCLUDED_CORRUPT,
SDXL_Refine/SDXL_Refine/id_1098/images_3_refine/M1_003/sd2_gene_1_refine.png,EXCLUDED_CORRUPT,
SDXL_Refine/SDXL_Refine/id_1098/images_3_refine/M1_001/sd2_gene_1_refine.png,EXCLUDED_CORRUPT,
SDXL_Refine/SDXL_Refine/id_1098/images_3_refine/M1_014/sd2_gene_1_refine.png,EXCLUDED_CORRUPT,
SDXL_Refine/SDXL_Refine/id_1098/images_3_refine/M1_006/sd2_gene_1_refine.png,EXCLUDED_CORRUPT,
SDXL_Refine/SDXL_Refine/id_1098/images_3_refine/M1_007/sd2_gene_1_refine.png,EXCLUDED_CORRUPT,
SDXL_Refine/SDXL_Refine/id_1098/images_3_refine/M1_012/sd2_gene_1_refine.png,EXCLUDED_CORRUPT,
SDXL_Refine/SDXL_Refine/id_1098/images_3_refine/M1_013/sd2_gene_1_refine.png,EXCLUDED_CORRUPT,
SDXL_Refine/SDXL_Refine/id_1098/images_4_refine/M1_011/sd2_gene_1_refine.png,EXCLUDED_CORRUPT,
SDXL_Refine/SDXL_Refine/id_1098/images_4_refine/M1_008/sd2_gene_1_refine.png,EXCLUDED_CORRUPT,
SDXL_Refine/SDXL_Refine/id_1098/images_4_refine/M1_005/sd2_gene_1_refine.png,EXCLUDED_CORRUPT,
SDXL_Refine/SDXL_Refine/id_1098/images_4_refine/M1_002/sd2_gene_1_refine.png,EXCLUDED_CORRUPT,
SDXL_Refine/SDXL_Refine/id_1098/images_4_refine/M1_010/sd2_gene_1_refine.png,EXCLUDED_CORRUPT,
SDXL_Refine/SDXL_Refine/id_1098/images_4_refine/M1_000/sd2_gene_1_refine.png,EXCLUDED_CORRUPT,
SDXL_Refine/SDXL_Refine/id_1098/images_4_refine/M1_004/sd2_gene_1_refine.png,EXCLUDED_CORRUPT,
SDXL_Refine/SDXL_Refine/id_1098/images_4_refine/M1_009/sd2_gene_1_refine.png,EXCLUDED_CORRUPT,
SDXL_Refine/SDXL_Refine/id_1098/images_4_refine/M1_015/sd2_gene_1_refine.png,EXCLUDED_CORRUPT,
SDXL_Refine/SDXL_Refine/id_1098/images_4_refine/M1_003/sd2_gene_1_refine.png,EXCLUDED_CORRUPT,
SDXL_Refine/SDXL_Refine/id_1098/images_4_refine/M1_001/sd2_gene_1_refine.png,EXCLUDED_CORRUPT,
SDXL_Refine/SDXL_Refine/id_1098/images_4_refine/M1_014/sd2_gene_1_refine.png,EXCLUDED_CORRUPT,
SDXL_Refine/SDXL_Refine/id_1098/images_4_refine/M1_006/sd2_gene_1_refine.png,EXCLUDED_CORRUPT,
SDXL_Refine/SDXL_Refine/id_1098/images_4_refine/M1_007/sd2_gene_1_refine.png,EXCLUDED_CORRUPT,
SDXL_Refine/SDXL_Refine/id_1098/images_4_refine/M1_012/sd2_gene_1_refine.png,EXCLUDED_CORRUPT,
SDXL_Refine/SDXL_Refine/id_1098/images_4_refine/M1_013/sd2_gene_1_refine.png,EXCLUDED_CORRUPT,
SDXL_Refine/SDXL_Refine/id_1098/images_refine/M1_011/sd2_gene_1_refine.png,EXCLUDED_CORRUPT,
SDXL_Refine/SDXL_Refine/id_1098/images_refine/M1_008/sd2_gene_1_refine.png,EXCLUDED_CORRUPT,
SDXL_Refine/SDXL_Refine/id_1098/images_refine/M1_005/sd2_gene_1_refine.png,EXCLUDED_CORRUPT,
SDXL_Refine/SDXL_Refine/id_1098/images_refine/M1_002/sd2_gene_1_refine.png,EXCLUDED_CORRUPT,
SDXL_Refine/SDXL_Refine/id_1098/images_refine/M1_000/sd2_gene_1_refine.png,EXCLUDED_CORRUPT,
SDXL_Refine/SDXL_Refine/id_1098/images_refine/M1_004/sd2_gene_1_refine.png,EXCLUDED_CORRUPT,
SDXL_Refine/SDXL_Refine/id_1098/images_refine/M1_009/sd2_gene_1_refine.png,EXCLUDED_CORRUPT,
SDXL_Refine/SDXL_Refine/id_1098/images_refine/M1_015/sd2_gene_1_refine.png,EXCLUDED_CORRUPT,
SDXL_Refine/SDXL_Refine/id_1098/images_refine/M1_003/sd2_gene_1_refine.png,EXCLUDED_CORRUPT,
SDXL_Refine/SDXL_Refine/id_1098/images_refine/M1_001/sd2_gene_1_refine.png,EXCLUDED_CORRUPT,
SDXL_Refine/SDXL_Refine/id_1098/images_refine/M1_014/sd2_gene_1_refine.png,EXCLUDED_CORRUPT,
SDXL_Refine/SDXL_Refine/id_1098/images_refine/M1_006/sd2_gene_1_refine.png,EXCLUDED_CORRUPT,
SDXL_Refine/SDXL_Refine/id_1098/images_refine/M1_007/sd2_gene_1_refine.png,EXCLUDED_CORRUPT,
SDXL_Refine/SDXL_Refine/id_1098/images_refine/M1_012/sd2_gene_1_refine.png,EXCLUDED_CORRUPT,
SDXL_Refine/SDXL_Refine/id_1098/images_refine/M1_013/sd2_gene_1_refine.png,EXCLUDED_CORRUPT,
SDXL_Refine/SDXL_Refine/id_1098/images_2_refine/M1_011/sd2_gene_1_refine.png,EXCLUDED_CORRUPT,
SDXL_Refine/SDXL_Refine/id_1098/images_2_refine/M1_008/sd2_gene_1_refine.png,EXCLUDED_CORRUPT,
SDXL_Refine/SDXL_Refine/id_1098/images_2_refine/M1_005/sd2_gene_1_refine.png,EXCLUDED_CORRUPT,
SDXL_Refine/SDXL_Refine/id_1098/images_2_refine/M1_002/sd2_gene_1_refine.png,EXCLUDED_CORRUPT,
SDXL_Refine/SDXL_Refine/id_1098/images_2_refine/M1_010/sd2_gene_1_refine.png,EXCLUDED_CORRUPT,
SDXL_Refine/SDXL_Refine/id_1098/images_2_refine/M1_000/sd2_gene_1_refine.png,EXCLUDED_CORRUPT,
SDXL_Refine/SDXL_Refine/id_1098/images_2_refine/M1_004/sd2_gene_1_refine.png,EXCLUDED_CORRUPT,
SDXL_Refine/SDXL_Refine/id_1098/images_2_refine/M1_009/sd2_gene_1_refine.png,EXCLUDED_CORRUPT,
SDXL_Refine/SDXL_Refine/id_1098/images_2_refine/M1_015/sd2_gene_1_refine.png,EXCLUDED_CORRUPT,
SDXL_Refine/SDXL_Refine/id_1098/images_2_refine/M1_003/sd2_gene_1_refine.png,EXCLUDED_CORRUPT,
SDXL_Refine/SDXL_Refine/id_1098/images_2_refine/M1_001/sd2_gene_1_refine.png,EXCLUDED_CORRUPT,
SDXL_Refine/SDXL_Refine/id_1098/images_2_refine/M1_014/sd2_gene_1_refine.png,EXCLUDED_CORRUPT,
SDXL_Refine/SDXL_Refine/id_1098/images_2_refine/M1_006/sd2_gene_1_refine.png,EXCLUDED_CORRUPT,
SDXL_Refine/SDXL_Refine/id_1098/images_2_refine/M1_007/sd2_gene_1_refine.png,EXCLUDED_CORRUPT,
SDXL_Refine/SDXL_Refine/id_1098/images_2_refine/M1_012/sd2_gene_1_refine.png,EXCLUDED_CORRUPT,
SDXL_Refine/SDXL_Refine/id_1098/images_2_refine/M1_013/sd2_gene_1_refine.png,EXCLUDED_CORRUPT,
SDXL_Refine/SDXL_Refine/id_2824/images_3_refine/M1_002/sd2_gene_1_refine.png,EXCLUDED_CORRUPT,
SDXL_Refine/SDXL_Refine/id_2824/images_3_refine/M1_000/sd2_gene_1_refine.png,EXCLUDED_CORRUPT,
SDXL_Refine/SDXL_Refine/id_2824/images_3_refine/M1_003/sd2_gene_1_refine.png,EXCLUDED_CORRUPT,
SDXL_Refine/SDXL_Refine/id_2824/images_3_refine/M1_001/sd2_gene_1_refine.png,EXCLUDED_CORRUPT,
SDXL_Refine/SDXL_Refine/id_2824/images_4_refine/M1_002/sd2_gene_1_refine.png,EXCLUDED_CORRUPT,
SDXL_Refine/SDXL_Refine/id_2824/images_4_refine/M1_000/sd2_gene_1_refine.png,EXCLUDED_CORRUPT,
SDXL_Refine/SDXL_Refine/id_2824/images_4_refine/M1_003/sd2_gene_1_refine.png,EXCLUDED_CORRUPT,
SDXL_Refine/SDXL_Refine/id_2824/images_4_refine/M1_001/sd2_gene_1_refine.png,EXCLUDED_CORRUPT,
SDXL_Refine/SDXL_Refine/id_2824/images_refine/M1_002/sd2_gene_1_refine.png,EXCLUDED_CORRUPT,
SDXL_Refine/SDXL_Refine/id_2824/images_refine/M1_000/sd2_gene_1_refine.png,EXCLUDED_CORRUPT,
SDXL_Refine/SDXL_Refine/id_2824/images_refine/M1_003/sd2_gene_1_refine.png,EXCLUDED_CORRUPT,
SDXL_Refine/SDXL_Refine/id_2824/images_refine/M1_001/sd2_gene_1_refine.png,EXCLUDED_CORRUPT,
SDXL_Refine/SDXL_Refine/id_2824/images_2_refine/M1_002/sd2_gene_1_refine.png,EXCLUDED_CORRUPT,
SDXL_Refine/SDXL_Refine/id_2824/images_2_refine/M1_000/sd2_gene_1_refine.png,EXCLUDED_CORRUPT,
SDXL_Refine/SDXL_Refine/id_2824/images_2_refine/M1_003/sd2_gene_1_refine.png,EXCLUDED_CORRUPT,
SDXL_Refine/SDXL_Refine/id_2824/images_2_refine/M1_001/sd2_gene_1_refine.png,EXCLUDED_CORRUPT,
SDXL_Refine/SDXL_Refine/id_1724/images_3_refine/M1_002/sd2_gene_1_refine.png,EXCLUDED_CORRUPT,
SDXL_Refine/SDXL_Refine/id_1724/images_3_refine/M1_000/sd2_gene_1_refine.png,EXCLUDED_CORRUPT,
SDXL_Refine/SDXL_Refine/id_1724/images_3_refine/M1_003/sd2_gene_1_refine.png,EXCLUDED_CORRUPT,
SDXL_Refine/SDXL_Refine/id_1724/images_3_refine/M1_001/sd2_gene_1_refine.png,EXCLUDED_CORRUPT,
SDXL_Refine/SDXL_Refine/id_1724/images_4_refine/M1_002/sd2_gene_1_refine.png,EXCLUDED_CORRUPT,
SDXL_Refine/SDXL_Refine/id_1724/images_4_refine/M1_000/sd2_gene_1_refine.png,EXCLUDED_CORRUPT,
SDXL_Refine/SDXL_Refine/id_1724/images_4_refine/M1_003/sd2_gene_1_refine.png,EXCLUDED_CORRUPT,
SDXL_Refine/SDXL_Refine/id_1724/images_4_refine/M1_001/sd2_gene_1_refine.png,EXCLUDED_CORRUPT,
SDXL_Refine/SDXL_Refine/id_1724/images_refine/M1_002/sd2_gene_1_refine.png,EXCLUDED_CORRUPT,
SDXL_Refine/SDXL_Refine/id_1724/images_refine/M1_000/sd2_gene_1_refine.png,EXCLUDED_CORRUPT,
SDXL_Refine/SDXL_Refine/id_1724/images_refine/M1_003/sd2_gene_1_refine.png,EXCLUDED_CORRUPT,
SDXL_Refine/SDXL_Refine/id_1724/images_refine/M1_001/sd2_gene_1_refine.png,EXCLUDED_CORRUPT,
SDXL_Refine/SDXL_Refine/id_1724/images_2_refine/M1_002/sd2_gene_1_refine.png,EXCLUDED_CORRUPT,
SDXL_Refine/SDXL_Refine/id_1724/images_2_refine/M1_000/sd2_gene_1_refine.png,EXCLUDED_CORRUPT,
SDXL_Refine/SDXL_Refine/id_1724/images_2_refine/M1_003/sd2_gene_1_refine.png,EXCLUDED_CORRUPT,
SDXL_Refine/SDXL_Refine/id_1724/images_2_refine/M1_001/sd2_gene_1_refine.png,EXCLUDED_CORRUPT,
SDXL_Refine/SDXL_Refine/id_2480/images_3_refine/M1_011/sd2_gene_1_refine.png,EXCLUDED_CORRUPT,
SDXL_Refine/SDXL_Refine/id_2480/images_3_refine/M1_008/sd2_gene_1_refine.png,EXCLUDED_CORRUPT,
SDXL_Refine/SDXL_Refine/id_2480/images_3_refine/M1_005/sd2_gene_1_refine.png,EXCLUDED_CORRUPT,
SDXL_Refine/SDXL_Refine/id_2480/images_3_refine/M1_002/sd2_gene_1_refine.png,EXCLUDED_CORRUPT,
SDXL_Refine/SDXL_Refine/id_2480/images_3_refine/M1_010/sd2_gene_1_refine.png,EXCLUDED_CORRUPT,
SDXL_Refine/SDXL_Refine/id_2480/images_3_refine/M1_000/sd2_gene_1_refine.png,EXCLUDED_CORRUPT,
SDXL_Refine/SDXL_Refine/id_2480/images_3_refine/M1_004/sd2_gene_1_refine.png,EXCLUDED_CORRUPT,
SDXL_Refine/SDXL_Refine/id_2480/images_3_refine/M1_009/sd2_gene_1_refine.png,EXCLUDED_CORRUPT,
SDXL_Refine/SDXL_Refine/id_2480/images_3_refine/M1_003/sd2_gene_1_refine.png,EXCLUDED_CORRUPT,
SDXL_Refine/SDXL_Refine/id_2480/images_3_refine/M1_001/sd2_gene_1_refine.png,EXCLUDED_CORRUPT,
SDXL_Refine/SDXL_Refine/id_2480/images_3_refine/M1_006/sd2_gene_1_refine.png,EXCLUDED_CORRUPT,
SDXL_Refine/SDXL_Refine/id_2480/images_3_refine/M1_007/sd2_gene_1_refine.png,EXCLUDED_CORRUPT,
SDXL_Refine/SDXL_Refine/id_2480/images_4_refine/M1_011/sd2_gene_1_refine.png,EXCLUDED_CORRUPT,
SDXL_Refine/SDXL_Refine/id_2480/images_4_refine/M1_008/sd2_gene_1_refine.png,EXCLUDED_CORRUPT,
SDXL_Refine/SDXL_Refine/id_2480/images_4_refine/M1_005/sd2_gene_1_refine.png,EXCLUDED_CORRUPT,
SDXL_Refine/SDXL_Refine/id_2480/images_4_refine/M1_002/sd2_gene_1_refine.png,EXCLUDED_CORRUPT,
SDXL_Refine/SDXL_Refine/id_2480/images_4_refine/M1_010/sd2_gene_1_refine.png,EXCLUDED_CORRUPT,
SDXL_Refine/SDXL_Refine/id_2480/images_4_refine/M1_000/sd2_gene_1_refine.png,EXCLUDED_CORRUPT,
SDXL_Refine/SDXL_Refine/id_2480/images_4_refine/M1_004/sd2_gene_1_refine.png,EXCLUDED_CORRUPT,
SDXL_Refine/SDXL_Refine/id_2480/images_4_refine/M1_009/sd2_gene_1_refine.png,EXCLUDED_CORRUPT,
SDXL_Refine/SDXL_Refine/id_2480/images_4_refine/M1_003/sd2_gene_1_refine.png,EXCLUDED_CORRUPT,
SDXL_Refine/SDXL_Refine/id_2480/images_4_refine/M1_001/sd2_gene_1_refine.png,EXCLUDED_CORRUPT,
SDXL_Refine/SDXL_Refine/id_2480/images_4_refine/M1_006/sd2_gene_1_refine.png,EXCLUDED_CORRUPT,
SDXL_Refine/SDXL_Refine/id_2480/images_4_refine/M1_007/sd2_gene_1_refine.png,EXCLUDED_CORRUPT,
SDXL_Refine/SDXL_Refine/id_2480/images_refine/M1_011/sd2_gene_1_refine.png,EXCLUDED_CORRUPT,
SDXL_Refine/SDXL_Refine/id_2480/images_refine/M1_008/sd2_gene_1_refine.png,EXCLUDED_CORRUPT,
SDXL_Refine/SDXL_Refine/id_2480/images_refine/M1_005/sd2_gene_1_refine.png,EXCLUDED_CORRUPT,
SDXL_Refine/SDXL_Refine/id_2480/images_refine/M1_002/sd2_gene_1_refine.png,EXCLUDED_CORRUPT,
SDXL_Refine/SDXL_Refine/id_2480/images_refine/M1_010/sd2_gene_1_refine.png,EXCLUDED_CORRUPT,
SDXL_Refine/SDXL_Refine/id_2480/images_refine/M1_000/sd2_gene_1_refine.png,EXCLUDED_CORRUPT,
SDXL_Refine/SDXL_Refine/id_2480/images_refine/M1_004/sd2_gene_1_refine.png,EXCLUDED_CORRUPT,
SDXL_Refine/SDXL_Refine/id_2480/images_refine/M1_009/sd2_gene_1_refine.png,EXCLUDED_CORRUPT,
SDXL_Refine/SDXL_Refine/id_2480/images_refine/M1_003/sd2_gene_1_refine.png,EXCLUDED_CORRUPT,
SDXL_Refine/SDXL_Refine/id_2480/images_refine/M1_006/sd2_gene_1_refine.png,EXCLUDED_CORRUPT,
SDXL_Refine/SDXL_Refine/id_2480/images_refine/M1_007/sd2_gene_1_refine.png,EXCLUDED_CORRUPT,
SDXL_Refine/SDXL_Refine/id_2480/images_2_refine/M1_011/sd2_gene_1_refine.png,EXCLUDED_CORRUPT,
SDXL_Refine/SDXL_Refine/id_2480/images_2_refine/M1_008/sd2_gene_1_refine.png,EXCLUDED_CORRUPT,
SDXL_Refine/SDXL_Refine/id_2480/images_2_refine/M1_005/sd2_gene_1_refine.png,EXCLUDED_CORRUPT,
SDXL_Refine/SDXL_Refine/id_2480/images_2_refine/M1_002/sd2_gene_1_refine.png,EXCLUDED_CORRUPT,
SDXL_Refine/SDXL_Refine/id_2480/images_2_refine/M1_010/sd2_gene_1_refine.png,EXCLUDED_CORRUPT,
SDXL_Refine/SDXL_Refine/id_2480/images_2_refine/M1_000/sd2_gene_1_refine.png,EXCLUDED_CORRUPT,
SDXL_Refine/SDXL_Refine/id_2480/images_2_refine/M1_004/sd2_gene_1_refine.png,EXCLUDED_CORRUPT,
SDXL_Refine/SDXL_Refine/id_2480/images_2_refine/M1_009/sd2_gene_1_refine.png,EXCLUDED_CORRUPT,
SDXL_Refine/SDXL_Refine/id_2480/images_2_refine/M1_003/sd2_gene_1_refine.png,EXCLUDED_CORRUPT,
SDXL_Refine/SDXL_Refine/id_2480/images_2_refine/M1_001/sd2_gene_1_refine.png,EXCLUDED_CORRUPT,
SDXL_Refine/SDXL_Refine/id_2480/images_2_refine/M1_006/sd2_gene_1_refine.png,EXCLUDED_CORRUPT,
SDXL_Refine/SDXL_Refine/id_2480/images_2_refine/M1_007/sd2_gene_1_refine.png,EXCLUDED_CORRUPT,
SDXL_Refine/SDXL_Refine/id_0564/images_3_refine/M1_005/sd2_gene_1_refine.png,EXCLUDED_CORRUPT,
SDXL_Refine/SDXL_Refine/id_0564/images_3_refine/M1_002/sd2_gene_1_refine.png,EXCLUDED_CORRUPT,
SDXL_Refine/SDXL_Refine/id_0564/images_3_refine/M1_000/sd2_gene_1_refine.png,EXCLUDED_CORRUPT,
SDXL_Refine/SDXL_Refine/id_0564/images_3_refine/M1_004/sd2_gene_1_refine.png,EXCLUDED_CORRUPT,
SDXL_Refine/SDXL_Refine/id_0564/images_3_refine/M1_003/sd2_gene_1_refine.png,EXCLUDED_CORRUPT,
SDXL_Refine/SDXL_Refine/id_0564/images_3_refine/M1_001/sd2_gene_1_refine.png,EXCLUDED_CORRUPT,
SDXL_Refine/SDXL_Refine/id_0564/images_3_refine/M1_006/sd2_gene_1_refine.png,EXCLUDED_CORRUPT,
SDXL_Refine/SDXL_Refine/id_0564/images_3_refine/M1_007/sd2_gene_1_refine.png,EXCLUDED_CORRUPT,
SDXL_Refine/SDXL_Refine/id_0564/images_4_refine/M1_005/sd2_gene_1_refine.png,EXCLUDED_CORRUPT,
SDXL_Refine/SDXL_Refine/id_0564/images_4_refine/M1_002/sd2_gene_1_refine.png,EXCLUDED_CORRUPT,
SDXL_Refine/SDXL_Refine/id_0564/images_4_refine/M1_000/sd2_gene_1_refine.png,EXCLUDED_CORRUPT,
SDXL_Refine/SDXL_Refine/id_0564/images_4_refine/M1_004/sd2_gene_1_refine.png,EXCLUDED_CORRUPT,
SDXL_Refine/SDXL_Refine/id_0564/images_4_refine/M1_003/sd2_gene_1_refine.png,EXCLUDED_CORRUPT,
SDXL_Refine/SDXL_Refine/id_0564/images_4_refine/M1_001/sd2_gene_1_refine.png,EXCLUDED_CORRUPT,
SDXL_Refine/SDXL_Refine/id_0564/images_4_refine/M1_006/sd2_gene_1_refine.png,EXCLUDED_CORRUPT,
SDXL_Refine/SDXL_Refine/id_0564/images_4_refine/M1_007/sd2_gene_1_refine.png,EXCLUDED_CORRUPT,
SDXL_Refine/SDXL_Refine/id_0564/images_refine/M1_005/sd2_gene_1_refine.png,EXCLUDED_CORRUPT,
SDXL_Refine/SDXL_Refine/id_0564/images_refine/M1_002/sd2_gene_1_refine.png,EXCLUDED_CORRUPT,
SDXL_Refine/SDXL_Refine/id_0564/images_refine/M1_000/sd2_gene_1_refine.png,EXCLUDED_CORRUPT,
SDXL_Refine/SDXL_Refine/id_0564/images_refine/M1_004/sd2_gene_1_refine.png,EXCLUDED_CORRUPT,
SDXL_Refine/SDXL_Refine/id_0564/images_refine/M1_003/sd2_gene_1_refine.png,EXCLUDED_CORRUPT,
SDXL_Refine/SDXL_Refine/id_0564/images_refine/M1_001/sd2_gene_1_refine.png,EXCLUDED_CORRUPT,
SDXL_Refine/SDXL_Refine/id_0564/images_refine/M1_006/sd2_gene_1_refine.png,EXCLUDED_CORRUPT,
SDXL_Refine/SDXL_Refine/id_0564/images_refine/M1_007/sd2_gene_1_refine.png,EXCLUDED_CORRUPT,
SDXL_Refine/SDXL_Refine/id_0564/images_2_refine/M1_005/sd2_gene_1_refine.png,EXCLUDED_CORRUPT,
SDXL_Refine/SDXL_Refine/id_0564/images_2_refine/M1_002/sd2_gene_1_refine.png,EXCLUDED_CORRUPT,
SDXL_Refine/SDXL_Refine/id_0564/images_2_refine/M1_000/sd2_gene_1_refine.png,EXCLUDED_CORRUPT,
SDXL_Refine/SDXL_Refine/id_0564/images_2_refine/M1_004/sd2_gene_1_refine.png,EXCLUDED_CORRUPT,
SDXL_Refine/SDXL_Refine/id_0564/images_2_refine/M1_003/sd2_gene_1_refine.png,EXCLUDED_CORRUPT,
SDXL_Refine/SDXL_Refine/id_0564/images_2_refine/M1_001/sd2_gene_1_refine.png,EXCLUDED_CORRUPT,
SDXL_Refine/SDXL_Refine/id_0564/images_2_refine/M1_006/sd2_gene_1_refine.png,EXCLUDED_CORRUPT,
SDXL_Refine/SDXL_Refine/id_0564/images_2_refine/M1_007/sd2_gene_1_refine.png,EXCLUDED_CORRUPT,
SDXL_Refine/SDXL_Refine/id_1472/images_3_refine/M1_002/sd2_gene_1_refine.png,EXCLUDED_CORRUPT,
SDXL_Refine/SDXL_Refine/id_1472/images_3_refine/M1_000/sd2_gene_1_refine.png,EXCLUDED_CORRUPT,
SDXL_Refine/SDXL_Refine/id_1472/images_3_refine/M1_003/sd2_gene_1_refine.png,EXCLUDED_CORRUPT,
SDXL_Refine/SDXL_Refine/id_1472/images_3_refine/M1_001/sd2_gene_1_refine.png,EXCLUDED_CORRUPT,
SDXL_Refine/SDXL_Refine/id_1472/images_4_refine/M1_002/sd2_gene_1_refine.png,EXCLUDED_CORRUPT,
SDXL_Refine/SDXL_Refine/id_1472/images_4_refine/M1_003/sd2_gene_1_refine.png,EXCLUDED_CORRUPT,
SDXL_Refine/SDXL_Refine/id_1472/images_4_refine/M1_001/sd2_gene_1_refine.png,EXCLUDED_CORRUPT,
SDXL_Refine/SDXL_Refine/id_1472/images_refine/M1_002/sd2_gene_1_refine.png,EXCLUDED_CORRUPT,
SDXL_Refine/SDXL_Refine/id_1472/images_refine/M1_000/sd2_gene_1_refine.png,EXCLUDED_CORRUPT,
SDXL_Refine/SDXL_Refine/id_1472/images_refine/M1_003/sd2_gene_1_refine.png,EXCLUDED_CORRUPT,
SDXL_Refine/SDXL_Refine/id_1472/images_refine/M1_001/sd2_gene_1_refine.png,EXCLUDED_CORRUPT,
SDXL_Refine/SDXL_Refine/id_1472/images_2_refine/M1_002/sd2_gene_1_refine.png,EXCLUDED_CORRUPT,
SDXL_Refine/SDXL_Refine/id_1472/images_2_refine/M1_000/sd2_gene_1_refine.png,EXCLUDED_CORRUPT,
SDXL_Refine/SDXL_Refine/id_1472/images_2_refine/M1_003/sd2_gene_1_refine.png,EXCLUDED_CORRUPT,
SDXL_Refine/SDXL_Refine/id_1472/images_2_refine/M1_001/sd2_gene_1_refine.png,EXCLUDED_CORRUPT,
SDXL_Refine/SDXL_Refine/id_1940/images_3_refine/M1_002/sd2_gene_1_refine.png,EXCLUDED_CORRUPT,
SDXL_Refine/SDXL_Refine/id_1940/images_3_refine/M1_000/sd2_gene_1_refine.png,EXCLUDED_CORRUPT,
SDXL_Refine/SDXL_Refine/id_1940/images_3_refine/M1_003/sd2_gene_1_refine.png,EXCLUDED_CORRUPT,
SDXL_Refine/SDXL_Refine/id_1940/images_3_refine/M1_001/sd2_gene_1_refine.png,EXCLUDED_CORRUPT,
SDXL_Refine/SDXL_Refine/id_1940/images_4_refine/M1_002/sd2_gene_1_refine.png,EXCLUDED_CORRUPT,
SDXL_Refine/SDXL_Refine/id_1940/images_4_refine/M1_000/sd2_gene_1_refine.png,EXCLUDED_CORRUPT,
SDXL_Refine/SDXL_Refine/id_1940/images_4_refine/M1_003/sd2_gene_1_refine.png,EXCLUDED_CORRUPT,
SDXL_Refine/SDXL_Refine/id_1940/images_4_refine/M1_001/sd2_gene_1_refine.png,EXCLUDED_CORRUPT,
SDXL_Refine/SDXL_Refine/id_1940/images_refine/M1_002/sd2_gene_1_refine.png,EXCLUDED_CORRUPT,
SDXL_Refine/SDXL_Refine/id_1940/images_refine/M1_000/sd2_gene_1_refine.png,EXCLUDED_CORRUPT,
SDXL_Refine/SDXL_Refine/id_1940/images_refine/M1_003/sd2_gene_1_refine.png,EXCLUDED_CORRUPT,
SDXL_Refine/SDXL_Refine/id_1940/images_refine/M1_001/sd2_gene_1_refine.png,EXCLUDED_CORRUPT,
SDXL_Refine/SDXL_Refine/id_1940/images_2_refine/M1_002/sd2_gene_1_refine.png,EXCLUDED_CORRUPT,
SDXL_Refine/SDXL_Refine/id_1940/images_2_refine/M1_000/sd2_gene_1_refine.png,EXCLUDED_CORRUPT,
SDXL_Refine/SDXL_Refine/id_1940/images_2_refine/M1_003/sd2_gene_1_refine.png,EXCLUDED_CORRUPT,
SDXL_Refine/SDXL_Refine/id_1940/images_2_refine/M1_001/sd2_gene_1_refine.png,EXCLUDED_CORRUPT,
SDXL_Refine/SDXL_Refine/id_0988/images_3_refine/M1_017/sd2_gene_1_refine.png,EXCLUDED_CORRUPT,
SDXL_Refine/SDXL_Refine/id_0988/images_3_refine/M1_011/sd2_gene_1_refine.png,EXCLUDED_CORRUPT,
SDXL_Refine/SDXL_Refine/id_0988/images_3_refine/M1_008/sd2_gene_1_refine.png,EXCLUDED_CORRUPT,
SDXL_Refine/SDXL_Refine/id_0988/images_3_refine/M1_005/sd2_gene_1_refine.png,EXCLUDED_CORRUPT,
SDXL_Refine/SDXL_Refine/id_0988/images_3_refine/M1_002/sd2_gene_1_refine.png,EXCLUDED_CORRUPT,
SDXL_Refine/SDXL_Refine/id_0988/images_3_refine/M1_010/sd2_gene_1_refine.png,EXCLUDED_CORRUPT,
SDXL_Refine/SDXL_Refine/id_0988/images_3_refine/M1_023/sd2_gene_1_refine.png,EXCLUDED_CORRUPT,
SDXL_Refine/SDXL_Refine/id_0988/images_3_refine/M1_000/sd2_gene_1_refine.png,EXCLUDED_CORRUPT,
SDXL_Refine/SDXL_Refine/id_0988/images_3_refine/M1_018/sd2_gene_1_refine.png,EXCLUDED_CORRUPT,
SDXL_Refine/SDXL_Refine/id_0988/images_3_refine/M1_016/sd2_gene_1_refine.png,EXCLUDED_CORRUPT,
SDXL_Refine/SDXL_Refine/id_0988/images_3_refine/M1_009/sd2_gene_1_refine.png,EXCLUDED_CORRUPT,
SDXL_Refine/SDXL_Refine/id_0988/images_3_refine/M1_022/sd2_gene_1_refine.png,EXCLUDED_CORRUPT,
SDXL_Refine/SDXL_Refine/id_0988/images_3_refine/M1_015/sd2_gene_1_refine.png,EXCLUDED_CORRUPT,
SDXL_Refine/SDXL_Refine/id_0988/images_3_refine/M1_021/sd2_gene_1_refine.png,EXCLUDED_CORRUPT,
SDXL_Refine/SDXL_Refine/id_0988/images_3_refine/M1_003/sd2_gene_1_refine.png,EXCLUDED_CORRUPT,
SDXL_Refine/SDXL_Refine/id_0988/images_3_refine/M1_001/sd2_gene_1_refine.png,EXCLUDED_CORRUPT,
SDXL_Refine/SDXL_Refine/id_0988/images_3_refine/M1_020/sd2_gene_1_refine.png,EXCLUDED_CORRUPT,
SDXL_Refine/SDXL_Refine/id_0988/images_3_refine/M1_014/sd2_gene_1_refine.png,EXCLUDED_CORRUPT,
SDXL_Refine/SDXL_Refine/id_0988/images_3_refine/M1_006/sd2_gene_1_refine.png,EXCLUDED_CORRUPT,
SDXL_Refine/SDXL_Refine/id_0988/images_3_refine/M1_007/sd2_gene_1_refine.png,EXCLUDED_CORRUPT,
SDXL_Refine/SDXL_Refine/id_0988/images_3_refine/M1_012/sd2_gene_1_refine.png,EXCLUDED_CORRUPT,
SDXL_Refine/SDXL_Refine/id_0988/images_4_refine/M1_017/sd2_gene_1_refine.png,EXCLUDED_CORRUPT,
SDXL_Refine/SDXL_Refine/id_0988/images_4_refine/M1_011/sd2_gene_1_refine.png,EXCLUDED_CORRUPT,
SDXL_Refine/SDXL_Refine/id_0988/images_4_refine/M1_008/sd2_gene_1_refine.png,EXCLUDED_CORRUPT,
SDXL_Refine/SDXL_Refine/id_0988/images_4_refine/M1_005/sd2_gene_1_refine.png,EXCLUDED_CORRUPT,
SDXL_Refine/SDXL_Refine/id_0988/images_4_refine/M1_002/sd2_gene_1_refine.png,EXCLUDED_CORRUPT,
SDXL_Refine/SDXL_Refine/id_0988/images_4_refine/M1_010/sd2_gene_1_refine.png,EXCLUDED_CORRUPT,
SDXL_Refine/SDXL_Refine/id_0988/images_4_refine/M1_023/sd2_gene_1_refine.png,EXCLUDED_CORRUPT,
SDXL_Refine/SDXL_Refine/id_0988/images_4_refine/M1_000/sd2_gene_1_refine.png,EXCLUDED_CORRUPT,
SDXL_Refine/SDXL_Refine/id_0988/images_4_refine/M1_004/sd2_gene_1_refine.png,EXCLUDED_CORRUPT,
SDXL_Refine/SDXL_Refine/id_0988/images_4_refine/M1_018/sd2_gene_1_refine.png,EXCLUDED_CORRUPT,
SDXL_Refine/SDXL_Refine/id_0988/images_4_refine/M1_016/sd2_gene_1_refine.png,EXCLUDED_CORRUPT,
SDXL_Refine/SDXL_Refine/id_0988/images_4_refine/M1_009/sd2_gene_1_refine.png,EXCLUDED_CORRUPT,
SDXL_Refine/SDXL_Refine/id_0988/images_4_refine/M1_022/sd2_gene_1_refine.png,EXCLUDED_CORRUPT,
SDXL_Refine/SDXL_Refine/id_0988/images_4_refine/M1_015/sd2_gene_1_refine.png,EXCLUDED_CORRUPT,
SDXL_Refine/SDXL_Refine/id_0988/images_4_refine/M1_021/sd2_gene_1_refine.png,EXCLUDED_CORRUPT,
SDXL_Refine/SDXL_Refine/id_0988/images_4_refine/M1_001/sd2_gene_1_refine.png,EXCLUDED_CORRUPT,
SDXL_Refine/SDXL_Refine/id_0988/images_4_refine/M1_020/sd2_gene_1_refine.png,EXCLUDED_CORRUPT,
SDXL_Refine/SDXL_Refine/id_0988/images_4_refine/M1_014/sd2_gene_1_refine.png,EXCLUDED_CORRUPT,
SDXL_Refine/SDXL_Refine/id_0988/images_4_refine/M1_006/sd2_gene_1_refine.png,EXCLUDED_CORRUPT,
SDXL_Refine/SDXL_Refine/id_0988/images_4_refine/M1_007/sd2_gene_1_refine.png,EXCLUDED_CORRUPT,
SDXL_Refine/SDXL_Refine/id_0988/images_4_refine/M1_012/sd2_gene_1_refine.png,EXCLUDED_CORRUPT,
SDXL_Refine/SDXL_Refine/id_0988/images_4_refine/M1_013/sd2_gene_1_refine.png,EXCLUDED_CORRUPT,
SDXL_Refine/SDXL_Refine/id_0988/images_refine/M1_017/sd2_gene_1_refine.png,EXCLUDED_CORRUPT,
SDXL_Refine/SDXL_Refine/id_0988/images_refine/M1_011/sd2_gene_1_refine.png,EXCLUDED_CORRUPT,
SDXL_Refine/SDXL_Refine/id_0988/images_refine/M1_008/sd2_gene_1_refine.png,EXCLUDED_CORRUPT,
SDXL_Refine/SDXL_Refine/id_0988/images_refine/M1_005/sd2_gene_1_refine.png,EXCLUDED_CORRUPT,
SDXL_Refine/SDXL_Refine/id_0988/images_refine/M1_002/sd2_gene_1_refine.png,EXCLUDED_CORRUPT,
SDXL_Refine/SDXL_Refine/id_0988/images_refine/M1_010/sd2_gene_1_refine.png,EXCLUDED_CORRUPT,
SDXL_Refine/SDXL_Refine/id_0988/images_refine/M1_023/sd2_gene_1_refine.png,EXCLUDED_CORRUPT,
SDXL_Refine/SDXL_Refine/id_0988/images_refine/M1_000/sd2_gene_1_refine.png,EXCLUDED_CORRUPT,
SDXL_Refine/SDXL_Refine/id_0988/images_refine/M1_004/sd2_gene_1_refine.png,EXCLUDED_CORRUPT,
SDXL_Refine/SDXL_Refine/id_0988/images_refine/M1_018/sd2_gene_1_refine.png,EXCLUDED_CORRUPT,
SDXL_Refine/SDXL_Refine/id_0988/images_refine/M1_016/sd2_gene_1_refine.png,EXCLUDED_CORRUPT,
SDXL_Refine/SDXL_Refine/id_0988/images_refine/M1_009/sd2_gene_1_refine.png,EXCLUDED_CORRUPT,
SDXL_Refine/SDXL_Refine/id_0988/images_refine/M1_022/sd2_gene_1_refine.png,EXCLUDED_CORRUPT,
SDXL_Refine/SDXL_Refine/id_0988/images_refine/M1_015/sd2_gene_1_refine.png,EXCLUDED_CORRUPT,
SDXL_Refine/SDXL_Refine/id_0988/images_refine/M1_021/sd2_gene_1_refine.png,EXCLUDED_CORRUPT,
SDXL_Refine/SDXL_Refine/id_0988/images_refine/M1_003/sd2_gene_1_refine.png,EXCLUDED_CORRUPT,
SDXL_Refine/SDXL_Refine/id_0988/images_refine/M1_001/sd2_gene_1_refine.png,EXCLUDED_CORRUPT,
SDXL_Refine/SDXL_Refine/id_0988/images_refine/M1_020/sd2_gene_1_refine.png,EXCLUDED_CORRUPT,
SDXL_Refine/SDXL_Refine/id_0988/images_refine/M1_014/sd2_gene_1_refine.png,EXCLUDED_CORRUPT,
SDXL_Refine/SDXL_Refine/id_0988/images_refine/M1_006/sd2_gene_1_refine.png,EXCLUDED_CORRUPT,
SDXL_Refine/SDXL_Refine/id_0988/images_refine/M1_007/sd2_gene_1_refine.png,EXCLUDED_CORRUPT,
SDXL_Refine/SDXL_Refine/id_0988/images_refine/M1_012/sd2_gene_1_refine.png,EXCLUDED_CORRUPT,
SDXL_Refine/SDXL_Refine/id_0988/images_refine/M1_013/sd2_gene_1_refine.png,EXCLUDED_CORRUPT,
SDXL_Refine/SDXL_Refine/id_0988/images_2_refine/M1_017/sd2_gene_1_refine.png,EXCLUDED_CORRUPT,
SDXL_Refine/SDXL_Refine/id_0988/images_2_refine/M1_011/sd2_gene_1_refine.png,EXCLUDED_CORRUPT,
SDXL_Refine/SDXL_Refine/id_0988/images_2_refine/M1_008/sd2_gene_1_refine.png,EXCLUDED_CORRUPT,
SDXL_Refine/SDXL_Refine/id_0988/images_2_refine/M1_005/sd2_gene_1_refine.png,EXCLUDED_CORRUPT,
SDXL_Refine/SDXL_Refine/id_0988/images_2_refine/M1_002/sd2_gene_1_refine.png,EXCLUDED_CORRUPT,
SDXL_Refine/SDXL_Refine/id_0988/images_2_refine/M1_010/sd2_gene_1_refine.png,EXCLUDED_CORRUPT,
SDXL_Refine/SDXL_Refine/id_0988/images_2_refine/M1_023/sd2_gene_1_refine.png,EXCLUDED_CORRUPT,
SDXL_Refine/SDXL_Refine/id_0988/images_2_refine/M1_000/sd2_gene_1_refine.png,EXCLUDED_CORRUPT,
SDXL_Refine/SDXL_Refine/id_0988/images_2_refine/M1_004/sd2_gene_1_refine.png,EXCLUDED_CORRUPT,
SDXL_Refine/SDXL_Refine/id_0988/images_2_refine/M1_018/sd2_gene_1_refine.png,EXCLUDED_CORRUPT,
SDXL_Refine/SDXL_Refine/id_0988/images_2_refine/M1_016/sd2_gene_1_refine.png,EXCLUDED_CORRUPT,
SDXL_Refine/SDXL_Refine/id_0988/images_2_refine/M1_009/sd2_gene_1_refine.png,EXCLUDED_CORRUPT,
SDXL_Refine/SDXL_Refine/id_0988/images_2_refine/M1_022/sd2_gene_1_refine.png,EXCLUDED_CORRUPT,
SDXL_Refine/SDXL_Refine/id_0988/images_2_refine/M1_015/sd2_gene_1_refine.png,EXCLUDED_CORRUPT,
SDXL_Refine/SDXL_Refine/id_0988/images_2_refine/M1_021/sd2_gene_1_refine.png,EXCLUDED_CORRUPT,
SDXL_Refine/SDXL_Refine/id_0988/images_2_refine/M1_003/sd2_gene_1_refine.png,EXCLUDED_CORRUPT,
SDXL_Refine/SDXL_Refine/id_0988/images_2_refine/M1_001/sd2_gene_1_refine.png,EXCLUDED_CORRUPT,
SDXL_Refine/SDXL_Refine/id_0988/images_2_refine/M1_020/sd2_gene_1_refine.png,EXCLUDED_CORRUPT,
SDXL_Refine/SDXL_Refine/id_0988/images_2_refine/M1_014/sd2_gene_1_refine.png,EXCLUDED_CORRUPT,
SDXL_Refine/SDXL_Refine/id_0988/images_2_refine/M1_006/sd2_gene_1_refine.png,EXCLUDED_CORRUPT,
SDXL_Refine/SDXL_Refine/id_0988/images_2_refine/M1_007/sd2_gene_1_refine.png,EXCLUDED_CORRUPT,
SDXL_Refine/SDXL_Refine/id_0988/images_2_refine/M1_012/sd2_gene_1_refine.png,EXCLUDED_CORRUPT,
SDXL_Refine/SDXL_Refine/id_0988/images_2_refine/M1_013/sd2_gene_1_refine.png,EXCLUDED_CORRUPT,
SDXL_Refine/SDXL_Refine/id_2258/images_3_refine/M1_005/sd2_gene_1_refine.png,EXCLUDED_CORRUPT,
SDXL_Refine/SDXL_Refine/id_2258/images_3_refine/M1_002/sd2_gene_1_refine.png,EXCLUDED_CORRUPT,
SDXL_Refine/SDXL_Refine/id_2258/images_3_refine/M1_003/sd2_gene_1_refine.png,EXCLUDED_CORRUPT,
SDXL_Refine/SDXL_Refine/id_2258/images_3_refine/M1_001/sd2_gene_1_refine.png,EXCLUDED_CORRUPT,
SDXL_Refine/SDXL_Refine/id_2258/images_3_refine/M1_006/sd2_gene_1_refine.png,EXCLUDED_CORRUPT,
SDXL_Refine/SDXL_Refine/id_2258/images_3_refine/M1_007/sd2_gene_1_refine.png,EXCLUDED_CORRUPT,
SDXL_Refine/SDXL_Refine/id_2258/images_4_refine/M1_005/sd2_gene_1_refine.png,EXCLUDED_CORRUPT,
SDXL_Refine/SDXL_Refine/id_2258/images_4_refine/M1_002/sd2_gene_1_refine.png,EXCLUDED_CORRUPT,
SDXL_Refine/SDXL_Refine/id_2258/images_4_refine/M1_000/sd2_gene_1_refine.png,EXCLUDED_CORRUPT,
SDXL_Refine/SDXL_Refine/id_2258/images_4_refine/M1_004/sd2_gene_1_refine.png,EXCLUDED_CORRUPT,
SDXL_Refine/SDXL_Refine/id_2258/images_4_refine/M1_003/sd2_gene_1_refine.png,EXCLUDED_CORRUPT,
SDXL_Refine/SDXL_Refine/id_2258/images_4_refine/M1_001/sd2_gene_1_refine.png,EXCLUDED_CORRUPT,
SDXL_Refine/SDXL_Refine/id_2258/images_4_refine/M1_006/sd2_gene_1_refine.png,EXCLUDED_CORRUPT,
SDXL_Refine/SDXL_Refine/id_2258/images_4_refine/M1_007/sd2_gene_1_refine.png,EXCLUDED_CORRUPT,
SDXL_Refine/SDXL_Refine/id_2258/images_refine/M1_005/sd2_gene_1_refine.png,EXCLUDED_CORRUPT,
SDXL_Refine/SDXL_Refine/id_2258/images_refine/M1_002/sd2_gene_1_refine.png,EXCLUDED_CORRUPT,
SDXL_Refine/SDXL_Refine/id_2258/images_refine/M1_000/sd2_gene_1_refine.png,EXCLUDED_CORRUPT,
SDXL_Refine/SDXL_Refine/id_2258/images_refine/M1_004/sd2_gene_1_refine.png,EXCLUDED_CORRUPT,
SDXL_Refine/SDXL_Refine/id_2258/images_refine/M1_003/sd2_gene_1_refine.png,EXCLUDED_CORRUPT,
SDXL_Refine/SDXL_Refine/id_2258/images_refine/M1_001/sd2_gene_1_refine.png,EXCLUDED_CORRUPT,
SDXL_Refine/SDXL_Refine/id_2258/images_refine/M1_006/sd2_gene_1_refine.png,EXCLUDED_CORRUPT,
SDXL_Refine/SDXL_Refine/id_2258/images_refine/M1_007/sd2_gene_1_refine.png,EXCLUDED_CORRUPT,
SDXL_Refine/SDXL_Refine/id_2258/images_2_refine/M1_005/sd2_gene_1_refine.png,EXCLUDED_CORRUPT,
SDXL_Refine/SDXL_Refine/id_2258/images_2_refine/M1_002/sd2_gene_1_refine.png,EXCLUDED_CORRUPT,
SDXL_Refine/SDXL_Refine/id_2258/images_2_refine/M1_000/sd2_gene_1_refine.png,EXCLUDED_CORRUPT,
SDXL_Refine/SDXL_Refine/id_2258/images_2_refine/M1_004/sd2_gene_1_refine.png,EXCLUDED_CORRUPT,
SDXL_Refine/SDXL_Refine/id_2258/images_2_refine/M1_003/sd2_gene_1_refine.png,EXCLUDED_CORRUPT,
SDXL_Refine/SDXL_Refine/id_2258/images_2_refine/M1_001/sd2_gene_1_refine.png,EXCLUDED_CORRUPT,
SDXL_Refine/SDXL_Refine/id_2258/images_2_refine/M1_006/sd2_gene_1_refine.png,EXCLUDED_CORRUPT,
SDXL_Refine/SDXL_Refine/id_2258/images_2_refine/M1_007/sd2_gene_1_refine.png,EXCLUDED_CORRUPT,
SDXL_Refine/SDXL_Refine/id_0626/images_3_refine/M1_005/sd2_gene_1_refine.png,EXCLUDED_CORRUPT,
SDXL_Refine/SDXL_Refine/id_0626/images_3_refine/M1_002/sd2_gene_1_refine.png,EXCLUDED_CORRUPT,
SDXL_Refine/SDXL_Refine/id_0626/images_3_refine/M1_000/sd2_gene_1_refine.png,EXCLUDED_CORRUPT,
SDXL_Refine/SDXL_Refine/id_0626/images_3_refine/M1_004/sd2_gene_1_refine.png,EXCLUDED_CORRUPT,
SDXL_Refine/SDXL_Refine/id_0626/images_3_refine/M1_003/sd2_gene_1_refine.png,EXCLUDED_CORRUPT,
SDXL_Refine/SDXL_Refine/id_0626/images_3_refine/M1_001/sd2_gene_1_refine.png,EXCLUDED_CORRUPT,
SDXL_Refine/SDXL_Refine/id_0626/images_3_refine/M1_006/sd2_gene_1_refine.png,EXCLUDED_CORRUPT,
SDXL_Refine/SDXL_Refine/id_0626/images_3_refine/M1_007/sd2_gene_1_refine.png,EXCLUDED_CORRUPT,
SDXL_Refine/SDXL_Refine/id_0626/images_4_refine/M1_005/sd2_gene_1_refine.png,EXCLUDED_CORRUPT,
SDXL_Refine/SDXL_Refine/id_0626/images_4_refine/M1_002/sd2_gene_1_refine.png,EXCLUDED_CORRUPT,
SDXL_Refine/SDXL_Refine/id_0626/images_4_refine/M1_000/sd2_gene_1_refine.png,EXCLUDED_CORRUPT,
SDXL_Refine/SDXL_Refine/id_0626/images_4_refine/M1_004/sd2_gene_1_refine.png,EXCLUDED_CORRUPT,
SDXL_Refine/SDXL_Refine/id_0626/images_4_refine/M1_003/sd2_gene_1_refine.png,EXCLUDED_CORRUPT,
SDXL_Refine/SDXL_Refine/id_0626/images_4_refine/M1_001/sd2_gene_1_refine.png,EXCLUDED_CORRUPT,
SDXL_Refine/SDXL_Refine/id_0626/images_4_refine/M1_006/sd2_gene_1_refine.png,EXCLUDED_CORRUPT,
SDXL_Refine/SDXL_Refine/id_0626/images_4_refine/M1_007/sd2_gene_1_refine.png,EXCLUDED_CORRUPT,
SDXL_Refine/SDXL_Refine/id_0626/images_refine/M1_005/sd2_gene_1_refine.png,EXCLUDED_CORRUPT,
SDXL_Refine/SDXL_Refine/id_0626/images_refine/M1_002/sd2_gene_1_refine.png,EXCLUDED_CORRUPT,
SDXL_Refine/SDXL_Refine/id_0626/images_refine/M1_000/sd2_gene_1_refine.png,EXCLUDED_CORRUPT,
SDXL_Refine/SDXL_Refine/id_0626/images_refine/M1_004/sd2_gene_1_refine.png,EXCLUDED_CORRUPT,
SDXL_Refine/SDXL_Refine/id_0626/images_refine/M1_003/sd2_gene_1_refine.png,EXCLUDED_CORRUPT,
SDXL_Refine/SDXL_Refine/id_0626/images_refine/M1_001/sd2_gene_1_refine.png,EXCLUDED_CORRUPT,
SDXL_Refine/SDXL_Refine/id_0626/images_refine/M1_006/sd2_gene_1_refine.png,EXCLUDED_CORRUPT,
SDXL_Refine/SDXL_Refine/id_0626/images_refine/M1_007/sd2_gene_1_refine.png,EXCLUDED_CORRUPT,
SDXL_Refine/SDXL_Refine/id_0626/images_2_refine/M1_005/sd2_gene_1_refine.png,EXCLUDED_CORRUPT,
SDXL_Refine/SDXL_Refine/id_0626/images_2_refine/M1_002/sd2_gene_1_refine.png,EXCLUDED_CORRUPT,
SDXL_Refine/SDXL_Refine/id_0626/images_2_refine/M1_000/sd2_gene_1_refine.png,EXCLUDED_CORRUPT,
SDXL_Refine/SDXL_Refine/id_0626/images_2_refine/M1_004/sd2_gene_1_refine.png,EXCLUDED_CORRUPT,
SDXL_Refine/SDXL_Refine/id_0626/images_2_refine/M1_003/sd2_gene_1_refine.png,EXCLUDED_CORRUPT,
SDXL_Refine/SDXL_Refine/id_0626/images_2_refine/M1_001/sd2_gene_1_refine.png,EXCLUDED_CORRUPT,
SDXL_Refine/SDXL_Refine/id_0626/images_2_refine/M1_006/sd2_gene_1_refine.png,EXCLUDED_CORRUPT,
SDXL_Refine/SDXL_Refine/id_0626/images_2_refine/M1_007/sd2_gene_1_refine.png,EXCLUDED_CORRUPT,
SDXL_Refine/SDXL_Refine/id_2043/images_3_refine/M1_017/sd2_gene_1_refine.png,EXCLUDED_CORRUPT,
SDXL_Refine/SDXL_Refine/id_2043/images_3_refine/M1_011/sd2_gene_1_refine.png,EXCLUDED_CORRUPT,
SDXL_Refine/SDXL_Refine/id_2043/images_3_refine/M1_008/sd2_gene_1_refine.png,EXCLUDED_CORRUPT,
SDXL_Refine/SDXL_Refine/id_2043/images_3_refine/M1_005/sd2_gene_1_refine.png,EXCLUDED_CORRUPT,
SDXL_Refine/SDXL_Refine/id_2043/images_3_refine/M1_002/sd2_gene_1_refine.png,EXCLUDED_CORRUPT,
SDXL_Refine/SDXL_Refine/id_2043/images_3_refine/M1_010/sd2_gene_1_refine.png,EXCLUDED_CORRUPT,
SDXL_Refine/SDXL_Refine/id_2043/images_3_refine/M1_023/sd2_gene_1_refine.png,EXCLUDED_CORRUPT,
SDXL_Refine/SDXL_Refine/id_2043/images_3_refine/M1_000/sd2_gene_1_refine.png,EXCLUDED_CORRUPT,
SDXL_Refine/SDXL_Refine/id_2043/images_3_refine/M1_019/sd2_gene_1_refine.png,EXCLUDED_CORRUPT,
SDXL_Refine/SDXL_Refine/id_2043/images_3_refine/M1_004/sd2_gene_1_refine.png,EXCLUDED_CORRUPT,
SDXL_Refine/SDXL_Refine/id_2043/images_3_refine/M1_018/sd2_gene_1_refine.png,EXCLUDED_CORRUPT,
SDXL_Refine/SDXL_Refine/id_2043/images_3_refine/M1_009/sd2_gene_1_refine.png,EXCLUDED_CORRUPT,
SDXL_Refine/SDXL_Refine/id_2043/images_3_refine/M1_022/sd2_gene_1_refine.png,EXCLUDED_CORRUPT,
SDXL_Refine/SDXL_Refine/id_2043/images_3_refine/M1_015/sd2_gene_1_refine.png,EXCLUDED_CORRUPT,
SDXL_Refine/SDXL_Refine/id_2043/images_3_refine/M1_021/sd2_gene_1_refine.png,EXCLUDED_CORRUPT,
SDXL_Refine/SDXL_Refine/id_2043/images_3_refine/M1_003/sd2_gene_1_refine.png,EXCLUDED_CORRUPT,
SDXL_Refine/SDXL_Refine/id_2043/images_3_refine/M1_001/sd2_gene_1_refine.png,EXCLUDED_CORRUPT,
SDXL_Refine/SDXL_Refine/id_2043/images_3_refine/M1_020/sd2_gene_1_refine.png,EXCLUDED_CORRUPT,
SDXL_Refine/SDXL_Refine/id_2043/images_3_refine/M1_014/sd2_gene_1_refine.png,EXCLUDED_CORRUPT,
SDXL_Refine/SDXL_Refine/id_2043/images_3_refine/M1_006/sd2_gene_1_refine.png,EXCLUDED_CORRUPT,
SDXL_Refine/SDXL_Refine/id_2043/images_3_refine/M1_007/sd2_gene_1_refine.png,EXCLUDED_CORRUPT,
SDXL_Refine/SDXL_Refine/id_2043/images_3_refine/M1_012/sd2_gene_1_refine.png,EXCLUDED_CORRUPT,
SDXL_Refine/SDXL_Refine/id_2043/images_3_refine/M1_013/sd2_gene_1_refine.png,EXCLUDED_CORRUPT,
SDXL_Refine/SDXL_Refine/id_2043/images_4_refine/M1_017/sd2_gene_1_refine.png,EXCLUDED_CORRUPT,
SDXL_Refine/SDXL_Refine/id_2043/images_4_refine/M1_011/sd2_gene_1_refine.png,EXCLUDED_CORRUPT,
SDXL_Refine/SDXL_Refine/id_2043/images_4_refine/M1_008/sd2_gene_1_refine.png,EXCLUDED_CORRUPT,
SDXL_Refine/SDXL_Refine/id_2043/images_4_refine/M1_005/sd2_gene_1_refine.png,EXCLUDED_CORRUPT,
SDXL_Refine/SDXL_Refine/id_2043/images_4_refine/M1_002/sd2_gene_1_refine.png,EXCLUDED_CORRUPT,
SDXL_Refine/SDXL_Refine/id_2043/images_4_refine/M1_010/sd2_gene_1_refine.png,EXCLUDED_CORRUPT,
SDXL_Refine/SDXL_Refine/id_2043/images_4_refine/M1_000/sd2_gene_1_refine.png,EXCLUDED_CORRUPT,
SDXL_Refine/SDXL_Refine/id_2043/images_4_refine/M1_019/sd2_gene_1_refine.png,EXCLUDED_CORRUPT,
SDXL_Refine/SDXL_Refine/id_2043/images_4_refine/M1_004/sd2_gene_1_refine.png,EXCLUDED_CORRUPT,
SDXL_Refine/SDXL_Refine/id_2043/images_4_refine/M1_018/sd2_gene_1_refine.png,EXCLUDED_CORRUPT,
SDXL_Refine/SDXL_Refine/id_2043/images_4_refine/M1_016/sd2_gene_1_refine.png,EXCLUDED_CORRUPT,
SDXL_Refine/SDXL_Refine/id_2043/images_4_refine/M1_009/sd2_gene_1_refine.png,EXCLUDED_CORRUPT,
SDXL_Refine/SDXL_Refine/id_2043/images_4_refine/M1_022/sd2_gene_1_refine.png,EXCLUDED_CORRUPT,
SDXL_Refine/SDXL_Refine/id_2043/images_4_refine/M1_015/sd2_gene_1_refine.png,EXCLUDED_CORRUPT,
SDXL_Refine/SDXL_Refine/id_2043/images_4_refine/M1_021/sd2_gene_1_refine.png,EXCLUDED_CORRUPT,
SDXL_Refine/SDXL_Refine/id_2043/images_4_refine/M1_003/sd2_gene_1_refine.png,EXCLUDED_CORRUPT,
SDXL_Refine/SDXL_Refine/id_2043/images_4_refine/M1_001/sd2_gene_1_refine.png,EXCLUDED_CORRUPT,
SDXL_Refine/SDXL_Refine/id_2043/images_4_refine/M1_020/sd2_gene_1_refine.png,EXCLUDED_CORRUPT,
SDXL_Refine/SDXL_Refine/id_2043/images_4_refine/M1_014/sd2_gene_1_refine.png,EXCLUDED_CORRUPT,
SDXL_Refine/SDXL_Refine/id_2043/images_4_refine/M1_006/sd2_gene_1_refine.png,EXCLUDED_CORRUPT,
SDXL_Refine/SDXL_Refine/id_2043/images_4_refine/M1_007/sd2_gene_1_refine.png,EXCLUDED_CORRUPT,
SDXL_Refine/SDXL_Refine/id_2043/images_4_refine/M1_012/sd2_gene_1_refine.png,EXCLUDED_CORRUPT,
SDXL_Refine/SDXL_Refine/id_2043/images_4_refine/M1_013/sd2_gene_1_refine.png,EXCLUDED_CORRUPT,
SDXL_Refine/SDXL_Refine/id_2043/images_refine/M1_017/sd2_gene_1_refine.png,EXCLUDED_CORRUPT,
SDXL_Refine/SDXL_Refine/id_2043/images_refine/M1_011/sd2_gene_1_refine.png,EXCLUDED_CORRUPT,
SDXL_Refine/SDXL_Refine/id_2043/images_refine/M1_008/sd2_gene_1_refine.png,EXCLUDED_CORRUPT,
SDXL_Refine/SDXL_Refine/id_2043/images_refine/M1_005/sd2_gene_1_refine.png,EXCLUDED_CORRUPT,
SDXL_Refine/SDXL_Refine/id_2043/images_refine/M1_002/sd2_gene_1_refine.png,EXCLUDED_CORRUPT,
SDXL_Refine/SDXL_Refine/id_2043/images_refine/M1_010/sd2_gene_1_refine.png,EXCLUDED_CORRUPT,
SDXL_Refine/SDXL_Refine/id_2043/images_refine/M1_023/sd2_gene_1_refine.png,EXCLUDED_CORRUPT,
SDXL_Refine/SDXL_Refine/id_2043/images_refine/M1_000/sd2_gene_1_refine.png,EXCLUDED_CORRUPT,
SDXL_Refine/SDXL_Refine/id_2043/images_refine/M1_019/sd2_gene_1_refine.png,EXCLUDED_CORRUPT,
SDXL_Refine/SDXL_Refine/id_2043/images_refine/M1_004/sd2_gene_1_refine.png,EXCLUDED_CORRUPT,
SDXL_Refine/SDXL_Refine/id_2043/images_refine/M1_018/sd2_gene_1_refine.png,EXCLUDED_CORRUPT,
SDXL_Refine/SDXL_Refine/id_2043/images_refine/M1_016/sd2_gene_1_refine.png,EXCLUDED_CORRUPT,
SDXL_Refine/SDXL_Refine/id_2043/images_refine/M1_009/sd2_gene_1_refine.png,EXCLUDED_CORRUPT,
SDXL_Refine/SDXL_Refine/id_2043/images_refine/M1_022/sd2_gene_1_refine.png,EXCLUDED_CORRUPT,
SDXL_Refine/SDXL_Refine/id_2043/images_refine/M1_015/sd2_gene_1_refine.png,EXCLUDED_CORRUPT,
SDXL_Refine/SDXL_Refine/id_2043/images_refine/M1_021/sd2_gene_1_refine.png,EXCLUDED_CORRUPT,
SDXL_Refine/SDXL_Refine/id_2043/images_refine/M1_003/sd2_gene_1_refine.png,EXCLUDED_CORRUPT,
SDXL_Refine/SDXL_Refine/id_2043/images_refine/M1_001/sd2_gene_1_refine.png,EXCLUDED_CORRUPT,
SDXL_Refine/SDXL_Refine/id_2043/images_refine/M1_020/sd2_gene_1_refine.png,EXCLUDED_CORRUPT,
SDXL_Refine/SDXL_Refine/id_2043/images_refine/M1_014/sd2_gene_1_refine.png,EXCLUDED_CORRUPT,
SDXL_Refine/SDXL_Refine/id_2043/images_refine/M1_006/sd2_gene_1_refine.png,EXCLUDED_CORRUPT,
SDXL_Refine/SDXL_Refine/id_2043/images_refine/M1_007/sd2_gene_1_refine.png,EXCLUDED_CORRUPT,
SDXL_Refine/SDXL_Refine/id_2043/images_refine/M1_012/sd2_gene_1_refine.png,EXCLUDED_CORRUPT,
SDXL_Refine/SDXL_Refine/id_2043/images_refine/M1_013/sd2_gene_1_refine.png,EXCLUDED_CORRUPT,
SDXL_Refine/SDXL_Refine/id_2043/images_2_refine/M1_017/sd2_gene_1_refine.png,EXCLUDED_CORRUPT,
SDXL_Refine/SDXL_Refine/id_2043/images_2_refine/M1_011/sd2_gene_1_refine.png,EXCLUDED_CORRUPT,
SDXL_Refine/SDXL_Refine/id_2043/images_2_refine/M1_008/sd2_gene_1_refine.png,EXCLUDED_CORRUPT,
SDXL_Refine/SDXL_Refine/id_2043/images_2_refine/M1_005/sd2_gene_1_refine.png,EXCLUDED_CORRUPT,
SDXL_Refine/SDXL_Refine/id_2043/images_2_refine/M1_002/sd2_gene_1_refine.png,EXCLUDED_CORRUPT,
SDXL_Refine/SDXL_Refine/id_2043/images_2_refine/M1_010/sd2_gene_1_refine.png,EXCLUDED_CORRUPT,
SDXL_Refine/SDXL_Refine/id_2043/images_2_refine/M1_023/sd2_gene_1_refine.png,EXCLUDED_CORRUPT,
SDXL_Refine/SDXL_Refine/id_2043/images_2_refine/M1_000/sd2_gene_1_refine.png,EXCLUDED_CORRUPT,
SDXL_Refine/SDXL_Refine/id_2043/images_2_refine/M1_019/sd2_gene_1_refine.png,EXCLUDED_CORRUPT,
SDXL_Refine/SDXL_Refine/id_2043/images_2_refine/M1_004/sd2_gene_1_refine.png,EXCLUDED_CORRUPT,
SDXL_Refine/SDXL_Refine/id_2043/images_2_refine/M1_018/sd2_gene_1_refine.png,EXCLUDED_CORRUPT,
SDXL_Refine/SDXL_Refine/id_2043/images_2_refine/M1_016/sd2_gene_1_refine.png,EXCLUDED_CORRUPT,
SDXL_Refine/SDXL_Refine/id_2043/images_2_refine/M1_009/sd2_gene_1_refine.png,EXCLUDED_CORRUPT,
SDXL_Refine/SDXL_Refine/id_2043/images_2_refine/M1_022/sd2_gene_1_refine.png,EXCLUDED_CORRUPT,
SDXL_Refine/SDXL_Refine/id_2043/images_2_refine/M1_015/sd2_gene_1_refine.png,EXCLUDED_CORRUPT,
SDXL_Refine/SDXL_Refine/id_2043/images_2_refine/M1_021/sd2_gene_1_refine.png,EXCLUDED_CORRUPT,
SDXL_Refine/SDXL_Refine/id_2043/images_2_refine/M1_003/sd2_gene_1_refine.png,EXCLUDED_CORRUPT,
SDXL_Refine/SDXL_Refine/id_2043/images_2_refine/M1_001/sd2_gene_1_refine.png,EXCLUDED_CORRUPT,
SDXL_Refine/SDXL_Refine/id_2043/images_2_refine/M1_020/sd2_gene_1_refine.png,EXCLUDED_CORRUPT,
SDXL_Refine/SDXL_Refine/id_2043/images_2_refine/M1_014/sd2_gene_1_refine.png,EXCLUDED_CORRUPT,
SDXL_Refine/SDXL_Refine/id_2043/images_2_refine/M1_006/sd2_gene_1_refine.png,EXCLUDED_CORRUPT,
SDXL_Refine/SDXL_Refine/id_2043/images_2_refine/M1_007/sd2_gene_1_refine.png,EXCLUDED_CORRUPT,
SDXL_Refine/SDXL_Refine/id_2043/images_2_refine/M1_012/sd2_gene_1_refine.png,EXCLUDED_CORRUPT,
SDXL_Refine/SDXL_Refine/id_2043/images_2_refine/M1_013/sd2_gene_1_refine.png,EXCLUDED_CORRUPT,
SDXL_Refine/SDXL_Refine/id_2776/images_3_refine/M1_005/sd2_gene_1_refine.png,EXCLUDED_CORRUPT,
SDXL_Refine/SDXL_Refine/id_2776/images_3_refine/M1_002/sd2_gene_1_refine.png,EXCLUDED_CORRUPT,
SDXL_Refine/SDXL_Refine/id_2776/images_3_refine/M1_000/sd2_gene_1_refine.png,EXCLUDED_CORRUPT,
SDXL_Refine/SDXL_Refine/id_2776/images_3_refine/M1_004/sd2_gene_1_refine.png,EXCLUDED_CORRUPT,
SDXL_Refine/SDXL_Refine/id_2776/images_3_refine/M1_003/sd2_gene_1_refine.png,EXCLUDED_CORRUPT,
SDXL_Refine/SDXL_Refine/id_2776/images_3_refine/M1_001/sd2_gene_1_refine.png,EXCLUDED_CORRUPT,
SDXL_Refine/SDXL_Refine/id_2776/images_3_refine/M1_006/sd2_gene_1_refine.png,EXCLUDED_CORRUPT,
SDXL_Refine/SDXL_Refine/id_2776/images_3_refine/M1_007/sd2_gene_1_refine.png,EXCLUDED_CORRUPT,
SDXL_Refine/SDXL_Refine/id_2776/images_4_refine/M1_005/sd2_gene_1_refine.png,EXCLUDED_CORRUPT,
SDXL_Refine/SDXL_Refine/id_2776/images_4_refine/M1_002/sd2_gene_1_refine.png,EXCLUDED_CORRUPT,
SDXL_Refine/SDXL_Refine/id_2776/images_4_refine/M1_000/sd2_gene_1_refine.png,EXCLUDED_CORRUPT,
SDXL_Refine/SDXL_Refine/id_2776/images_4_refine/M1_004/sd2_gene_1_refine.png,EXCLUDED_CORRUPT,
SDXL_Refine/SDXL_Refine/id_2776/images_4_refine/M1_003/sd2_gene_1_refine.png,EXCLUDED_CORRUPT,
SDXL_Refine/SDXL_Refine/id_2776/images_4_refine/M1_001/sd2_gene_1_refine.png,EXCLUDED_CORRUPT,
SDXL_Refine/SDXL_Refine/id_2776/images_4_refine/M1_006/sd2_gene_1_refine.png,EXCLUDED_CORRUPT,
SDXL_Refine/SDXL_Refine/id_2776/images_4_refine/M1_007/sd2_gene_1_refine.png,EXCLUDED_CORRUPT,
SDXL_Refine/SDXL_Refine/id_2776/images_refine/M1_005/sd2_gene_1_refine.png,EXCLUDED_CORRUPT,
SDXL_Refine/SDXL_Refine/id_2776/images_refine/M1_002/sd2_gene_1_refine.png,EXCLUDED_CORRUPT,
SDXL_Refine/SDXL_Refine/id_2776/images_refine/M1_000/sd2_gene_1_refine.png,EXCLUDED_CORRUPT,
SDXL_Refine/SDXL_Refine/id_2776/images_refine/M1_004/sd2_gene_1_refine.png,EXCLUDED_CORRUPT,
SDXL_Refine/SDXL_Refine/id_2776/images_refine/M1_003/sd2_gene_1_refine.png,EXCLUDED_CORRUPT,
SDXL_Refine/SDXL_Refine/id_2776/images_refine/M1_001/sd2_gene_1_refine.png,EXCLUDED_CORRUPT,
SDXL_Refine/SDXL_Refine/id_2776/images_refine/M1_006/sd2_gene_1_refine.png,EXCLUDED_CORRUPT,
SDXL_Refine/SDXL_Refine/id_2776/images_refine/M1_007/sd2_gene_1_refine.png,EXCLUDED_CORRUPT,
SDXL_Refine/SDXL_Refine/id_2776/images_2_refine/M1_005/sd2_gene_1_refine.png,EXCLUDED_CORRUPT,
SDXL_Refine/SDXL_Refine/id_2776/images_2_refine/M1_002/sd2_gene_1_refine.png,EXCLUDED_CORRUPT,
SDXL_Refine/SDXL_Refine/id_2776/images_2_refine/M1_000/sd2_gene_1_refine.png,EXCLUDED_CORRUPT,
SDXL_Refine/SDXL_Refine/id_2776/images_2_refine/M1_004/sd2_gene_1_refine.png,EXCLUDED_CORRUPT,
SDXL_Refine/SDXL_Refine/id_2776/images_2_refine/M1_003/sd2_gene_1_refine.png,EXCLUDED_CORRUPT,
SDXL_Refine/SDXL_Refine/id_2776/images_2_refine/M1_001/sd2_gene_1_refine.png,EXCLUDED_CORRUPT,
SDXL_Refine/SDXL_Refine/id_2776/images_2_refine/M1_006/sd2_gene_1_refine.png,EXCLUDED_CORRUPT,
SDXL_Refine/SDXL_Refine/id_1212/images_3_refine/M1_002/sd2_gene_1_refine.png,EXCLUDED_CORRUPT,
SDXL_Refine/SDXL_Refine/id_1212/images_3_refine/M1_000/sd2_gene_1_refine.png,EXCLUDED_CORRUPT,
SDXL_Refine/SDXL_Refine/id_1212/images_3_refine/M1_003/sd2_gene_1_refine.png,EXCLUDED_CORRUPT,
SDXL_Refine/SDXL_Refine/id_1212/images_3_refine/M1_001/sd2_gene_1_refine.png,EXCLUDED_CORRUPT,
SDXL_Refine/SDXL_Refine/id_1212/images_4_refine/M1_002/sd2_gene_1_refine.png,EXCLUDED_CORRUPT,
SDXL_Refine/SDXL_Refine/id_1212/images_4_refine/M1_000/sd2_gene_1_refine.png,EXCLUDED_CORRUPT,
SDXL_Refine/SDXL_Refine/id_1212/images_4_refine/M1_003/sd2_gene_1_refine.png,EXCLUDED_CORRUPT,
SDXL_Refine/SDXL_Refine/id_1212/images_4_refine/M1_001/sd2_gene_1_refine.png,EXCLUDED_CORRUPT,
SDXL_Refine/SDXL_Refine/id_1212/images_refine/M1_002/sd2_gene_1_refine.png,EXCLUDED_CORRUPT,
SDXL_Refine/SDXL_Refine/id_1212/images_refine/M1_000/sd2_gene_1_refine.png,EXCLUDED_CORRUPT,
SDXL_Refine/SDXL_Refine/id_1212/images_refine/M1_003/sd2_gene_1_refine.png,EXCLUDED_CORRUPT,
SDXL_Refine/SDXL_Refine/id_1212/images_refine/M1_001/sd2_gene_1_refine.png,EXCLUDED_CORRUPT,
SDXL_Refine/SDXL_Refine/id_1212/images_2_refine/M1_002/sd2_gene_1_refine.png,EXCLUDED_CORRUPT,
SDXL_Refine/SDXL_Refine/id_1212/images_2_refine/M1_000/sd2_gene_1_refine.png,EXCLUDED_CORRUPT,
SDXL_Refine/SDXL_Refine/id_1212/images_2_refine/M1_003/sd2_gene_1_refine.png,EXCLUDED_CORRUPT,
SDXL_Refine/SDXL_Refine/id_1212/images_2_refine/M1_001/sd2_gene_1_refine.png,EXCLUDED_CORRUPT,
SDXL_Refine/SDXL_Refine/id_2502/images_3_refine/M1_005/sd2_gene_1_refine.png,EXCLUDED_CORRUPT,
SDXL_Refine/SDXL_Refine/id_2502/images_3_refine/M1_002/sd2_gene_1_refine.png,EXCLUDED_CORRUPT,
SDXL_Refine/SDXL_Refine/id_2502/images_3_refine/M1_000/sd2_gene_1_refine.png,EXCLUDED_CORRUPT,
SDXL_Refine/SDXL_Refine/id_2502/images_3_refine/M1_004/sd2_gene_1_refine.png,EXCLUDED_CORRUPT,
SDXL_Refine/SDXL_Refine/id_2502/images_3_refine/M1_003/sd2_gene_1_refine.png,EXCLUDED_CORRUPT,
SDXL_Refine/SDXL_Refine/id_2502/images_3_refine/M1_001/sd2_gene_1_refine.png,EXCLUDED_CORRUPT,
SDXL_Refine/SDXL_Refine/id_2502/images_3_refine/M1_006/sd2_gene_1_refine.png,EXCLUDED_CORRUPT,
SDXL_Refine/SDXL_Refine/id_2502/images_3_refine/M1_007/sd2_gene_1_refine.png,EXCLUDED_CORRUPT,
SDXL_Refine/SDXL_Refine/id_2502/images_4_refine/M1_005/sd2_gene_1_refine.png,EXCLUDED_CORRUPT,
SDXL_Refine/SDXL_Refine/id_2502/images_4_refine/M1_002/sd2_gene_1_refine.png,EXCLUDED_CORRUPT,
SDXL_Refine/SDXL_Refine/id_2502/images_4_refine/M1_000/sd2_gene_1_refine.png,EXCLUDED_CORRUPT,
SDXL_Refine/SDXL_Refine/id_2502/images_4_refine/M1_004/sd2_gene_1_refine.png,EXCLUDED_CORRUPT,
SDXL_Refine/SDXL_Refine/id_2502/images_4_refine/M1_003/sd2_gene_1_refine.png,EXCLUDED_CORRUPT,
SDXL_Refine/SDXL_Refine/id_2502/images_4_refine/M1_001/sd2_gene_1_refine.png,EXCLUDED_CORRUPT,
SDXL_Refine/SDXL_Refine/id_2502/images_4_refine/M1_006/sd2_gene_1_refine.png,EXCLUDED_CORRUPT,
SDXL_Refine/SDXL_Refine/id_2502/images_4_refine/M1_007/sd2_gene_1_refine.png,EXCLUDED_CORRUPT,
SDXL_Refine/SDXL_Refine/id_2502/images_refine/M1_005/sd2_gene_1_refine.png,EXCLUDED_CORRUPT,
SDXL_Refine/SDXL_Refine/id_2502/images_refine/M1_002/sd2_gene_1_refine.png,EXCLUDED_CORRUPT,
SDXL_Refine/SDXL_Refine/id_2502/images_refine/M1_000/sd2_gene_1_refine.png,EXCLUDED_CORRUPT,
SDXL_Refine/SDXL_Refine/id_2502/images_refine/M1_004/sd2_gene_1_refine.png,EXCLUDED_CORRUPT,
SDXL_Refine/SDXL_Refine/id_2502/images_refine/M1_003/sd2_gene_1_refine.png,EXCLUDED_CORRUPT,
SDXL_Refine/SDXL_Refine/id_2502/images_refine/M1_001/sd2_gene_1_refine.png,EXCLUDED_CORRUPT,
SDXL_Refine/SDXL_Refine/id_2502/images_refine/M1_006/sd2_gene_1_refine.png,EXCLUDED_CORRUPT,
SDXL_Refine/SDXL_Refine/id_2502/images_refine/M1_007/sd2_gene_1_refine.png,EXCLUDED_CORRUPT,
SDXL_Refine/SDXL_Refine/id_2502/images_2_refine/M1_005/sd2_gene_1_refine.png,EXCLUDED_CORRUPT,
SDXL_Refine/SDXL_Refine/id_2502/images_2_refine/M1_002/sd2_gene_1_refine.png,EXCLUDED_CORRUPT,
SDXL_Refine/SDXL_Refine/id_2502/images_2_refine/M1_000/sd2_gene_1_refine.png,EXCLUDED_CORRUPT,
SDXL_Refine/SDXL_Refine/id_2502/images_2_refine/M1_004/sd2_gene_1_refine.png,EXCLUDED_CORRUPT,
SDXL_Refine/SDXL_Refine/id_2502/images_2_refine/M1_003/sd2_gene_1_refine.png,EXCLUDED_CORRUPT,
SDXL_Refine/SDXL_Refine/id_2502/images_2_refine/M1_001/sd2_gene_1_refine.png,EXCLUDED_CORRUPT,
SDXL_Refine/SDXL_Refine/id_2502/images_2_refine/M1_006/sd2_gene_1_refine.png,EXCLUDED_CORRUPT,
SDXL_Refine/SDXL_Refine/id_2502/images_2_refine/M1_007/sd2_gene_1_refine.png,EXCLUDED_CORRUPT,
SDXL_Refine/SDXL_Refine/id_0354/images_3_refine/M1_011/sd2_gene_1_refine.png,EXCLUDED_CORRUPT,
SDXL_Refine/SDXL_Refine/id_0354/images_3_refine/M1_005/sd2_gene_1_refine.png,EXCLUDED_CORRUPT,
SDXL_Refine/SDXL_Refine/id_0354/images_3_refine/M1_002/sd2_gene_1_refine.png,EXCLUDED_CORRUPT,
SDXL_Refine/SDXL_Refine/id_0354/images_3_refine/M1_010/sd2_gene_1_refine.png,EXCLUDED_CORRUPT,
SDXL_Refine/SDXL_Refine/id_0354/images_3_refine/M1_000/sd2_gene_1_refine.png,EXCLUDED_CORRUPT,
SDXL_Refine/SDXL_Refine/id_0354/images_3_refine/M1_019/sd2_gene_1_refine.png,EXCLUDED_CORRUPT,
SDXL_Refine/SDXL_Refine/id_0354/images_3_refine/M1_004/sd2_gene_1_refine.png,EXCLUDED_CORRUPT,
SDXL_Refine/SDXL_Refine/id_0354/images_3_refine/M1_018/sd2_gene_1_refine.png,EXCLUDED_CORRUPT,
SDXL_Refine/SDXL_Refine/id_0354/images_3_refine/M1_016/sd2_gene_1_refine.png,EXCLUDED_CORRUPT,
SDXL_Refine/SDXL_Refine/id_0354/images_3_refine/M1_009/sd2_gene_1_refine.png,EXCLUDED_CORRUPT,
SDXL_Refine/SDXL_Refine/id_0354/images_3_refine/M1_015/sd2_gene_1_refine.png,EXCLUDED_CORRUPT,
SDXL_Refine/SDXL_Refine/id_0354/images_3_refine/M1_001/sd2_gene_1_refine.png,EXCLUDED_CORRUPT,
SDXL_Refine/SDXL_Refine/id_0354/images_3_refine/M1_014/sd2_gene_1_refine.png,EXCLUDED_CORRUPT,
SDXL_Refine/SDXL_Refine/id_0354/images_3_refine/M1_006/sd2_gene_1_refine.png,EXCLUDED_CORRUPT,
SDXL_Refine/SDXL_Refine/id_0354/images_3_refine/M1_007/sd2_gene_1_refine.png,EXCLUDED_CORRUPT,
SDXL_Refine/SDXL_Refine/id_0354/images_3_refine/M1_012/sd2_gene_1_refine.png,EXCLUDED_CORRUPT,
SDXL_Refine/SDXL_Refine/id_0354/images_3_refine/M1_013/sd2_gene_1_refine.png,EXCLUDED_CORRUPT,
SDXL_Refine/SDXL_Refine/id_0354/images_4_refine/M1_017/sd2_gene_1_refine.png,EXCLUDED_CORRUPT,
SDXL_Refine/SDXL_Refine/id_0354/images_4_refine/M1_011/sd2_gene_1_refine.png,EXCLUDED_CORRUPT,
SDXL_Refine/SDXL_Refine/id_0354/images_4_refine/M1_005/sd2_gene_1_refine.png,EXCLUDED_CORRUPT,
SDXL_Refine/SDXL_Refine/id_0354/images_4_refine/M1_002/sd2_gene_1_refine.png,EXCLUDED_CORRUPT,
SDXL_Refine/SDXL_Refine/id_0354/images_4_refine/M1_000/sd2_gene_1_refine.png,EXCLUDED_CORRUPT,
SDXL_Refine/SDXL_Refine/id_0354/images_4_refine/M1_019/sd2_gene_1_refine.png,EXCLUDED_CORRUPT,
SDXL_Refine/SDXL_Refine/id_0354/images_4_refine/M1_004/sd2_gene_1_refine.png,EXCLUDED_CORRUPT,
SDXL_Refine/SDXL_Refine/id_0354/images_4_refine/M1_018/sd2_gene_1_refine.png,EXCLUDED_CORRUPT,
SDXL_Refine/SDXL_Refine/id_0354/images_4_refine/M1_016/sd2_gene_1_refine.png,EXCLUDED_CORRUPT,
SDXL_Refine/SDXL_Refine/id_0354/images_4_refine/M1_009/sd2_gene_1_refine.png,EXCLUDED_CORRUPT,
SDXL_Refine/SDXL_Refine/id_0354/images_4_refine/M1_001/sd2_gene_1_refine.png,EXCLUDED_CORRUPT,
SDXL_Refine/SDXL_Refine/id_0354/images_4_refine/M1_014/sd2_gene_1_refine.png,EXCLUDED_CORRUPT,
SDXL_Refine/SDXL_Refine/id_0354/images_4_refine/M1_006/sd2_gene_1_refine.png,EXCLUDED_CORRUPT,
SDXL_Refine/SDXL_Refine/id_0354/images_4_refine/M1_007/sd2_gene_1_refine.png,EXCLUDED_CORRUPT,
SDXL_Refine/SDXL_Refine/id_0354/images_4_refine/M1_012/sd2_gene_1_refine.png,EXCLUDED_CORRUPT,
SDXL_Refine/SDXL_Refine/id_0354/images_4_refine/M1_013/sd2_gene_1_refine.png,EXCLUDED_CORRUPT,
SDXL_Refine/SDXL_Refine/id_0354/images_refine/M1_017/sd2_gene_1_refine.png,EXCLUDED_CORRUPT,
SDXL_Refine/SDXL_Refine/id_0354/images_refine/M1_011/sd2_gene_1_refine.png,EXCLUDED_CORRUPT,
SDXL_Refine/SDXL_Refine/id_0354/images_refine/M1_005/sd2_gene_1_refine.png,EXCLUDED_CORRUPT,
SDXL_Refine/SDXL_Refine/id_0354/images_refine/M1_002/sd2_gene_1_refine.png,EXCLUDED_CORRUPT,
SDXL_Refine/SDXL_Refine/id_0354/images_refine/M1_000/sd2_gene_1_refine.png,EXCLUDED_CORRUPT,
SDXL_Refine/SDXL_Refine/id_0354/images_refine/M1_019/sd2_gene_1_refine.png,EXCLUDED_CORRUPT,
SDXL_Refine/SDXL_Refine/id_0354/images_refine/M1_004/sd2_gene_1_refine.png,EXCLUDED_CORRUPT,
SDXL_Refine/SDXL_Refine/id_0354/images_refine/M1_018/sd2_gene_1_refine.png,EXCLUDED_CORRUPT,
SDXL_Refine/SDXL_Refine/id_0354/images_refine/M1_016/sd2_gene_1_refine.png,EXCLUDED_CORRUPT,
SDXL_Refine/SDXL_Refine/id_0354/images_refine/M1_009/sd2_gene_1_refine.png,EXCLUDED_CORRUPT,
SDXL_Refine/SDXL_Refine/id_0354/images_refine/M1_015/sd2_gene_1_refine.png,EXCLUDED_CORRUPT,
SDXL_Refine/SDXL_Refine/id_0354/images_refine/M1_001/sd2_gene_1_refine.png,EXCLUDED_CORRUPT,
SDXL_Refine/SDXL_Refine/id_0354/images_refine/M1_014/sd2_gene_1_refine.png,EXCLUDED_CORRUPT,
SDXL_Refine/SDXL_Refine/id_0354/images_refine/M1_006/sd2_gene_1_refine.png,EXCLUDED_CORRUPT,
SDXL_Refine/SDXL_Refine/id_0354/images_refine/M1_007/sd2_gene_1_refine.png,EXCLUDED_CORRUPT,
SDXL_Refine/SDXL_Refine/id_0354/images_refine/M1_012/sd2_gene_1_refine.png,EXCLUDED_CORRUPT,
SDXL_Refine/SDXL_Refine/id_0354/images_refine/M1_013/sd2_gene_1_refine.png,EXCLUDED_CORRUPT,
SDXL_Refine/SDXL_Refine/id_0354/images_2_refine/M1_017/sd2_gene_1_refine.png,EXCLUDED_CORRUPT,
SDXL_Refine/SDXL_Refine/id_0354/images_2_refine/M1_011/sd2_gene_1_refine.png,EXCLUDED_CORRUPT,
SDXL_Refine/SDXL_Refine/id_0354/images_2_refine/M1_005/sd2_gene_1_refine.png,EXCLUDED_CORRUPT,
SDXL_Refine/SDXL_Refine/id_0354/images_2_refine/M1_002/sd2_gene_1_refine.png,EXCLUDED_CORRUPT,
SDXL_Refine/SDXL_Refine/id_0354/images_2_refine/M1_000/sd2_gene_1_refine.png,EXCLUDED_CORRUPT,
SDXL_Refine/SDXL_Refine/id_0354/images_2_refine/M1_019/sd2_gene_1_refine.png,EXCLUDED_CORRUPT,
SDXL_Refine/SDXL_Refine/id_0354/images_2_refine/M1_004/sd2_gene_1_refine.png,EXCLUDED_CORRUPT,
SDXL_Refine/SDXL_Refine/id_0354/images_2_refine/M1_018/sd2_gene_1_refine.png,EXCLUDED_CORRUPT,
SDXL_Refine/SDXL_Refine/id_0354/images_2_refine/M1_016/sd2_gene_1_refine.png,EXCLUDED_CORRUPT,
SDXL_Refine/SDXL_Refine/id_0354/images_2_refine/M1_009/sd2_gene_1_refine.png,EXCLUDED_CORRUPT,
SDXL_Refine/SDXL_Refine/id_0354/images_2_refine/M1_015/sd2_gene_1_refine.png,EXCLUDED_CORRUPT,
SDXL_Refine/SDXL_Refine/id_0354/images_2_refine/M1_001/sd2_gene_1_refine.png,EXCLUDED_CORRUPT,
SDXL_Refine/SDXL_Refine/id_0354/images_2_refine/M1_014/sd2_gene_1_refine.png,EXCLUDED_CORRUPT,
SDXL_Refine/SDXL_Refine/id_0354/images_2_refine/M1_006/sd2_gene_1_refine.png,EXCLUDED_CORRUPT,
SDXL_Refine/SDXL_Refine/id_0354/images_2_refine/M1_007/sd2_gene_1_refine.png,EXCLUDED_CORRUPT,
SDXL_Refine/SDXL_Refine/id_0354/images_2_refine/M1_012/sd2_gene_1_refine.png,EXCLUDED_CORRUPT,
SDXL_Refine/SDXL_Refine/id_0354/images_2_refine/M1_013/sd2_gene_1_refine.png,EXCLUDED_CORRUPT,
SDXL_Refine/SDXL_Refine/id_1707/images_3_refine/M1_002/sd2_gene_1_refine.png,EXCLUDED_CORRUPT,
SDXL_Refine/SDXL_Refine/id_1707/images_3_refine/M1_000/sd2_gene_1_refine.png,EXCLUDED_CORRUPT,
SDXL_Refine/SDXL_Refine/id_1707/images_3_refine/M1_003/sd2_gene_1_refine.png,EXCLUDED_CORRUPT,
SDXL_Refine/SDXL_Refine/id_1707/images_3_refine/M1_001/sd2_gene_1_refine.png,EXCLUDED_CORRUPT,
SDXL_Refine/SDXL_Refine/id_1707/images_4_refine/M1_002/sd2_gene_1_refine.png,EXCLUDED_CORRUPT,
SDXL_Refine/SDXL_Refine/id_1707/images_4_refine/M1_000/sd2_gene_1_refine.png,EXCLUDED_CORRUPT,
SDXL_Refine/SDXL_Refine/id_1707/images_4_refine/M1_003/sd2_gene_1_refine.png,EXCLUDED_CORRUPT,
SDXL_Refine/SDXL_Refine/id_1707/images_4_refine/M1_001/sd2_gene_1_refine.png,EXCLUDED_CORRUPT,
SDXL_Refine/SDXL_Refine/id_1707/images_refine/M1_002/sd2_gene_1_refine.png,EXCLUDED_CORRUPT,
SDXL_Refine/SDXL_Refine/id_1707/images_refine/M1_000/sd2_gene_1_refine.png,EXCLUDED_CORRUPT,
SDXL_Refine/SDXL_Refine/id_1707/images_refine/M1_003/sd2_gene_1_refine.png,EXCLUDED_CORRUPT,
SDXL_Refine/SDXL_Refine/id_1707/images_refine/M1_001/sd2_gene_1_refine.png,EXCLUDED_CORRUPT,
SDXL_Refine/SDXL_Refine/id_1707/images_2_refine/M1_002/sd2_gene_1_refine.png,EXCLUDED_CORRUPT,
SDXL_Refine/SDXL_Refine/id_1707/images_2_refine/M1_000/sd2_gene_1_refine.png,EXCLUDED_CORRUPT,
SDXL_Refine/SDXL_Refine/id_1707/images_2_refine/M1_003/sd2_gene_1_refine.png,EXCLUDED_CORRUPT,
SDXL_Refine/SDXL_Refine/id_1707/images_2_refine/M1_001/sd2_gene_1_refine.png,EXCLUDED_CORRUPT,
SDXL_Refine/SDXL_Refine/id_2541/images_3_refine/M1_011/sd2_gene_1_refine.png,EXCLUDED_CORRUPT,
SDXL_Refine/SDXL_Refine/id_2541/images_3_refine/M1_008/sd2_gene_1_refine.png,EXCLUDED_CORRUPT,
SDXL_Refine/SDXL_Refine/id_2541/images_3_refine/M1_005/sd2_gene_1_refine.png,EXCLUDED_CORRUPT,
SDXL_Refine/SDXL_Refine/id_2541/images_3_refine/M1_002/sd2_gene_1_refine.png,EXCLUDED_CORRUPT,
SDXL_Refine/SDXL_Refine/id_2541/images_3_refine/M1_010/sd2_gene_1_refine.png,EXCLUDED_CORRUPT,
SDXL_Refine/SDXL_Refine/id_2541/images_3_refine/M1_000/sd2_gene_1_refine.png,EXCLUDED_CORRUPT,
SDXL_Refine/SDXL_Refine/id_2541/images_3_refine/M1_004/sd2_gene_1_refine.png,EXCLUDED_CORRUPT,
SDXL_Refine/SDXL_Refine/id_2541/images_3_refine/M1_009/sd2_gene_1_refine.png,EXCLUDED_CORRUPT,
SDXL_Refine/SDXL_Refine/id_2541/images_3_refine/M1_003/sd2_gene_1_refine.png,EXCLUDED_CORRUPT,
SDXL_Refine/SDXL_Refine/id_2541/images_3_refine/M1_001/sd2_gene_1_refine.png,EXCLUDED_CORRUPT,
SDXL_Refine/SDXL_Refine/id_2541/images_3_refine/M1_006/sd2_gene_1_refine.png,EXCLUDED_CORRUPT,
SDXL_Refine/SDXL_Refine/id_2541/images_3_refine/M1_007/sd2_gene_1_refine.png,EXCLUDED_CORRUPT,
SDXL_Refine/SDXL_Refine/id_2541/images_4_refine/M1_011/sd2_gene_1_refine.png,EXCLUDED_CORRUPT,
SDXL_Refine/SDXL_Refine/id_2541/images_4_refine/M1_008/sd2_gene_1_refine.png,EXCLUDED_CORRUPT,
SDXL_Refine/SDXL_Refine/id_2541/images_4_refine/M1_005/sd2_gene_1_refine.png,EXCLUDED_CORRUPT,
SDXL_Refine/SDXL_Refine/id_2541/images_4_refine/M1_002/sd2_gene_1_refine.png,EXCLUDED_CORRUPT,
SDXL_Refine/SDXL_Refine/id_2541/images_4_refine/M1_010/sd2_gene_1_refine.png,EXCLUDED_CORRUPT,
SDXL_Refine/SDXL_Refine/id_2541/images_4_refine/M1_000/sd2_gene_1_refine.png,EXCLUDED_CORRUPT,
SDXL_Refine/SDXL_Refine/id_2541/images_4_refine/M1_004/sd2_gene_1_refine.png,EXCLUDED_CORRUPT,
SDXL_Refine/SDXL_Refine/id_2541/images_4_refine/M1_009/sd2_gene_1_refine.png,EXCLUDED_CORRUPT,
SDXL_Refine/SDXL_Refine/id_2541/images_4_refine/M1_003/sd2_gene_1_refine.png,EXCLUDED_CORRUPT,
SDXL_Refine/SDXL_Refine/id_2541/images_4_refine/M1_001/sd2_gene_1_refine.png,EXCLUDED_CORRUPT,
SDXL_Refine/SDXL_Refine/id_2541/images_4_refine/M1_006/sd2_gene_1_refine.png,EXCLUDED_CORRUPT,
SDXL_Refine/SDXL_Refine/id_2541/images_4_refine/M1_007/sd2_gene_1_refine.png,EXCLUDED_CORRUPT,
SDXL_Refine/SDXL_Refine/id_2541/images_refine/M1_011/sd2_gene_1_refine.png,EXCLUDED_CORRUPT,
SDXL_Refine/SDXL_Refine/id_2541/images_refine/M1_008/sd2_gene_1_refine.png,EXCLUDED_CORRUPT,
SDXL_Refine/SDXL_Refine/id_2541/images_refine/M1_005/sd2_gene_1_refine.png,EXCLUDED_CORRUPT,
SDXL_Refine/SDXL_Refine/id_2541/images_refine/M1_002/sd2_gene_1_refine.png,EXCLUDED_CORRUPT,
SDXL_Refine/SDXL_Refine/id_2541/images_refine/M1_010/sd2_gene_1_refine.png,EXCLUDED_CORRUPT,
SDXL_Refine/SDXL_Refine/id_2541/images_refine/M1_000/sd2_gene_1_refine.png,EXCLUDED_CORRUPT,
SDXL_Refine/SDXL_Refine/id_2541/images_refine/M1_004/sd2_gene_1_refine.png,EXCLUDED_CORRUPT,
SDXL_Refine/SDXL_Refine/id_2541/images_refine/M1_009/sd2_gene_1_refine.png,EXCLUDED_CORRUPT,
SDXL_Refine/SDXL_Refine/id_2541/images_refine/M1_003/sd2_gene_1_refine.png,EXCLUDED_CORRUPT,
SDXL_Refine/SDXL_Refine/id_2541/images_refine/M1_001/sd2_gene_1_refine.png,EXCLUDED_CORRUPT,
SDXL_Refine/SDXL_Refine/id_2541/images_refine/M1_006/sd2_gene_1_refine.png,EXCLUDED_CORRUPT,
SDXL_Refine/SDXL_Refine/id_2541/images_refine/M1_007/sd2_gene_1_refine.png,EXCLUDED_CORRUPT,
SDXL_Refine/SDXL_Refine/id_2541/images_2_refine/M1_011/sd2_gene_1_refine.png,EXCLUDED_CORRUPT,
SDXL_Refine/SDXL_Refine/id_2541/images_2_refine/M1_008/sd2_gene_1_refine.png,EXCLUDED_CORRUPT,
SDXL_Refine/SDXL_Refine/id_2541/images_2_refine/M1_005/sd2_gene_1_refine.png,EXCLUDED_CORRUPT,
SDXL_Refine/SDXL_Refine/id_2541/images_2_refine/M1_002/sd2_gene_1_refine.png,EXCLUDED_CORRUPT,
SDXL_Refine/SDXL_Refine/id_2541/images_2_refine/M1_010/sd2_gene_1_refine.png,EXCLUDED_CORRUPT,
SDXL_Refine/SDXL_Refine/id_2541/images_2_refine/M1_000/sd2_gene_1_refine.png,EXCLUDED_CORRUPT,
SDXL_Refine/SDXL_Refine/id_2541/images_2_refine/M1_004/sd2_gene_1_refine.png,EXCLUDED_CORRUPT,
SDXL_Refine/SDXL_Refine/id_2541/images_2_refine/M1_009/sd2_gene_1_refine.png,EXCLUDED_CORRUPT,
SDXL_Refine/SDXL_Refine/id_2541/images_2_refine/M1_003/sd2_gene_1_refine.png,EXCLUDED_CORRUPT,
SDXL_Refine/SDXL_Refine/id_2541/images_2_refine/M1_001/sd2_gene_1_refine.png,EXCLUDED_CORRUPT,
SDXL_Refine/SDXL_Refine/id_2541/images_2_refine/M1_006/sd2_gene_1_refine.png,EXCLUDED_CORRUPT,
SDXL_Refine/SDXL_Refine/id_2541/images_2_refine/M1_007/sd2_gene_1_refine.png,EXCLUDED_CORRUPT,
SDXL_Refine/SDXL_Refine/id_0978/images_3_refine/M1_017/sd2_gene_1_refine.png,EXCLUDED_CORRUPT,
SDXL_Refine/SDXL_Refine/id_0978/images_3_refine/M1_011/sd2_gene_1_refine.png,EXCLUDED_CORRUPT,
SDXL_Refine/SDXL_Refine/id_0978/images_3_refine/M1_008/sd2_gene_1_refine.png,EXCLUDED_CORRUPT,
SDXL_Refine/SDXL_Refine/id_0978/images_3_refine/M1_005/sd2_gene_1_refine.png,EXCLUDED_CORRUPT,
SDXL_Refine/SDXL_Refine/id_0978/images_3_refine/M1_002/sd2_gene_1_refine.png,EXCLUDED_CORRUPT,
SDXL_Refine/SDXL_Refine/id_0978/images_3_refine/M1_010/sd2_gene_1_refine.png,EXCLUDED_CORRUPT,
SDXL_Refine/SDXL_Refine/id_0978/images_3_refine/M1_000/sd2_gene_1_refine.png,EXCLUDED_CORRUPT,
SDXL_Refine/SDXL_Refine/id_0978/images_3_refine/M1_019/sd2_gene_1_refine.png,EXCLUDED_CORRUPT,
SDXL_Refine/SDXL_Refine/id_0978/images_3_refine/M1_004/sd2_gene_1_refine.png,EXCLUDED_CORRUPT,
SDXL_Refine/SDXL_Refine/id_0978/images_3_refine/M1_018/sd2_gene_1_refine.png,EXCLUDED_CORRUPT,
SDXL_Refine/SDXL_Refine/id_0978/images_3_refine/M1_016/sd2_gene_1_refine.png,EXCLUDED_CORRUPT,
SDXL_Refine/SDXL_Refine/id_0978/images_3_refine/M1_009/sd2_gene_1_refine.png,EXCLUDED_CORRUPT,
SDXL_Refine/SDXL_Refine/id_0978/images_3_refine/M1_015/sd2_gene_1_refine.png,EXCLUDED_CORRUPT,
SDXL_Refine/SDXL_Refine/id_0978/images_3_refine/M1_003/sd2_gene_1_refine.png,EXCLUDED_CORRUPT,
SDXL_Refine/SDXL_Refine/id_0978/images_3_refine/M1_001/sd2_gene_1_refine.png,EXCLUDED_CORRUPT,
SDXL_Refine/SDXL_Refine/id_0978/images_3_refine/M1_014/sd2_gene_1_refine.png,EXCLUDED_CORRUPT,
SDXL_Refine/SDXL_Refine/id_0978/images_3_refine/M1_006/sd2_gene_1_refine.png,EXCLUDED_CORRUPT,
SDXL_Refine/SDXL_Refine/id_0978/images_3_refine/M1_007/sd2_gene_1_refine.png,EXCLUDED_CORRUPT,
SDXL_Refine/SDXL_Refine/id_0978/images_3_refine/M1_012/sd2_gene_1_refine.png,EXCLUDED_CORRUPT,
SDXL_Refine/SDXL_Refine/id_0978/images_3_refine/M1_013/sd2_gene_1_refine.png,EXCLUDED_CORRUPT,
SDXL_Refine/SDXL_Refine/id_0978/images_4_refine/M1_017/sd2_gene_1_refine.png,EXCLUDED_CORRUPT,
SDXL_Refine/SDXL_Refine/id_0978/images_4_refine/M1_011/sd2_gene_1_refine.png,EXCLUDED_CORRUPT,
SDXL_Refine/SDXL_Refine/id_0978/images_4_refine/M1_008/sd2_gene_1_refine.png,EXCLUDED_CORRUPT,
SDXL_Refine/SDXL_Refine/id_0978/images_4_refine/M1_005/sd2_gene_1_refine.png,EXCLUDED_CORRUPT,
SDXL_Refine/SDXL_Refine/id_0978/images_4_refine/M1_002/sd2_gene_1_refine.png,EXCLUDED_CORRUPT,
SDXL_Refine/SDXL_Refine/id_0978/images_4_refine/M1_010/sd2_gene_1_refine.png,EXCLUDED_CORRUPT,
SDXL_Refine/SDXL_Refine/id_0978/images_4_refine/M1_000/sd2_gene_1_refine.png,EXCLUDED_CORRUPT,
SDXL_Refine/SDXL_Refine/id_0978/images_4_refine/M1_019/sd2_gene_1_refine.png,EXCLUDED_CORRUPT,
SDXL_Refine/SDXL_Refine/id_0978/images_4_refine/M1_004/sd2_gene_1_refine.png,EXCLUDED_CORRUPT,
SDXL_Refine/SDXL_Refine/id_0978/images_4_refine/M1_018/sd2_gene_1_refine.png,EXCLUDED_CORRUPT,
SDXL_Refine/SDXL_Refine/id_0978/images_4_refine/M1_016/sd2_gene_1_refine.png,EXCLUDED_CORRUPT,
SDXL_Refine/SDXL_Refine/id_0978/images_4_refine/M1_009/sd2_gene_1_refine.png,EXCLUDED_CORRUPT,
SDXL_Refine/SDXL_Refine/id_0978/images_4_refine/M1_015/sd2_gene_1_refine.png,EXCLUDED_CORRUPT,
SDXL_Refine/SDXL_Refine/id_0978/images_4_refine/M1_003/sd2_gene_1_refine.png,EXCLUDED_CORRUPT,
SDXL_Refine/SDXL_Refine/id_0978/images_4_refine/M1_001/sd2_gene_1_refine.png,EXCLUDED_CORRUPT,
SDXL_Refine/SDXL_Refine/id_0978/images_4_refine/M1_014/sd2_gene_1_refine.png,EXCLUDED_CORRUPT,
SDXL_Refine/SDXL_Refine/id_0978/images_4_refine/M1_006/sd2_gene_1_refine.png,EXCLUDED_CORRUPT,
SDXL_Refine/SDXL_Refine/id_0978/images_4_refine/M1_007/sd2_gene_1_refine.png,EXCLUDED_CORRUPT,
SDXL_Refine/SDXL_Refine/id_0978/images_4_refine/M1_012/sd2_gene_1_refine.png,EXCLUDED_CORRUPT,
SDXL_Refine/SDXL_Refine/id_0978/images_4_refine/M1_013/sd2_gene_1_refine.png,EXCLUDED_CORRUPT,
SDXL_Refine/SDXL_Refine/id_0978/images_refine/M1_017/sd2_gene_1_refine.png,EXCLUDED_CORRUPT,
SDXL_Refine/SDXL_Refine/id_0978/images_refine/M1_011/sd2_gene_1_refine.png,EXCLUDED_CORRUPT,
SDXL_Refine/SDXL_Refine/id_0978/images_refine/M1_008/sd2_gene_1_refine.png,EXCLUDED_CORRUPT,
SDXL_Refine/SDXL_Refine/id_0978/images_refine/M1_005/sd2_gene_1_refine.png,EXCLUDED_CORRUPT,
SDXL_Refine/SDXL_Refine/id_0978/images_refine/M1_002/sd2_gene_1_refine.png,EXCLUDED_CORRUPT,
SDXL_Refine/SDXL_Refine/id_0978/images_refine/M1_010/sd2_gene_1_refine.png,EXCLUDED_CORRUPT,
SDXL_Refine/SDXL_Refine/id_0978/images_refine/M1_000/sd2_gene_1_refine.png,EXCLUDED_CORRUPT,
SDXL_Refine/SDXL_Refine/id_0978/images_refine/M1_019/sd2_gene_1_refine.png,EXCLUDED_CORRUPT,
SDXL_Refine/SDXL_Refine/id_0978/images_refine/M1_004/sd2_gene_1_refine.png,EXCLUDED_CORRUPT,
SDXL_Refine/SDXL_Refine/id_0978/images_refine/M1_018/sd2_gene_1_refine.png,EXCLUDED_CORRUPT,
SDXL_Refine/SDXL_Refine/id_0978/images_refine/M1_016/sd2_gene_1_refine.png,EXCLUDED_CORRUPT,
SDXL_Refine/SDXL_Refine/id_0978/images_refine/M1_009/sd2_gene_1_refine.png,EXCLUDED_CORRUPT,
SDXL_Refine/SDXL_Refine/id_0978/images_refine/M1_015/sd2_gene_1_refine.png,EXCLUDED_CORRUPT,
SDXL_Refine/SDXL_Refine/id_0978/images_refine/M1_003/sd2_gene_1_refine.png,EXCLUDED_CORRUPT,
SDXL_Refine/SDXL_Refine/id_0978/images_refine/M1_001/sd2_gene_1_refine.png,EXCLUDED_CORRUPT,
SDXL_Refine/SDXL_Refine/id_0978/images_refine/M1_014/sd2_gene_1_refine.png,EXCLUDED_CORRUPT,
SDXL_Refine/SDXL_Refine/id_0978/images_refine/M1_006/sd2_gene_1_refine.png,EXCLUDED_CORRUPT,
SDXL_Refine/SDXL_Refine/id_0978/images_refine/M1_007/sd2_gene_1_refine.png,EXCLUDED_CORRUPT,
SDXL_Refine/SDXL_Refine/id_0978/images_refine/M1_012/sd2_gene_1_refine.png,EXCLUDED_CORRUPT,
SDXL_Refine/SDXL_Refine/id_0978/images_refine/M1_013/sd2_gene_1_refine.png,EXCLUDED_CORRUPT,
SDXL_Refine/SDXL_Refine/id_0978/images_2_refine/M1_017/sd2_gene_1_refine.png,EXCLUDED_CORRUPT,
SDXL_Refine/SDXL_Refine/id_0978/images_2_refine/M1_011/sd2_gene_1_refine.png,EXCLUDED_CORRUPT,
SDXL_Refine/SDXL_Refine/id_0978/images_2_refine/M1_008/sd2_gene_1_refine.png,EXCLUDED_CORRUPT,
SDXL_Refine/SDXL_Refine/id_0978/images_2_refine/M1_005/sd2_gene_1_refine.png,EXCLUDED_CORRUPT,
SDXL_Refine/SDXL_Refine/id_0978/images_2_refine/M1_002/sd2_gene_1_refine.png,EXCLUDED_CORRUPT,
SDXL_Refine/SDXL_Refine/id_0978/images_2_refine/M1_010/sd2_gene_1_refine.png,EXCLUDED_CORRUPT,
SDXL_Refine/SDXL_Refine/id_0978/images_2_refine/M1_000/sd2_gene_1_refine.png,EXCLUDED_CORRUPT,
SDXL_Refine/SDXL_Refine/id_0978/images_2_refine/M1_019/sd2_gene_1_refine.png,EXCLUDED_CORRUPT,
SDXL_Refine/SDXL_Refine/id_0978/images_2_refine/M1_004/sd2_gene_1_refine.png,EXCLUDED_CORRUPT,
SDXL_Refine/SDXL_Refine/id_0978/images_2_refine/M1_018/sd2_gene_1_refine.png,EXCLUDED_CORRUPT,
SDXL_Refine/SDXL_Refine/id_0978/images_2_refine/M1_016/sd2_gene_1_refine.png,EXCLUDED_CORRUPT,
SDXL_Refine/SDXL_Refine/id_0978/images_2_refine/M1_009/sd2_gene_1_refine.png,EXCLUDED_CORRUPT,
SDXL_Refine/SDXL_Refine/id_0978/images_2_refine/M1_015/sd2_gene_1_refine.png,EXCLUDED_CORRUPT,
SDXL_Refine/SDXL_Refine/id_0978/images_2_refine/M1_003/sd2_gene_1_refine.png,EXCLUDED_CORRUPT,
SDXL_Refine/SDXL_Refine/id_0978/images_2_refine/M1_001/sd2_gene_1_refine.png,EXCLUDED_CORRUPT,
SDXL_Refine/SDXL_Refine/id_0978/images_2_refine/M1_014/sd2_gene_1_refine.png,EXCLUDED_CORRUPT,
SDXL_Refine/SDXL_Refine/id_0978/images_2_refine/M1_006/sd2_gene_1_refine.png,EXCLUDED_CORRUPT,
SDXL_Refine/SDXL_Refine/id_0978/images_2_refine/M1_007/sd2_gene_1_refine.png,EXCLUDED_CORRUPT,
SDXL_Refine/SDXL_Refine/id_0978/images_2_refine/M1_012/sd2_gene_1_refine.png,EXCLUDED_CORRUPT,
SDXL_Refine/SDXL_Refine/id_0978/images_2_refine/M1_013/sd2_gene_1_refine.png,EXCLUDED_CORRUPT,
SDXL_Refine/SDXL_Refine/id_1564/images_3_refine/M1_025/sd2_gene_1_refine.png,EXCLUDED_CORRUPT,
SDXL_Refine/SDXL_Refine/id_1564/images_3_refine/M1_030/sd2_gene_1_refine.png,EXCLUDED_CORRUPT,
SDXL_Refine/SDXL_Refine/id_1564/images_3_refine/M1_017/sd2_gene_1_refine.png,EXCLUDED_CORRUPT,
SDXL_Refine/SDXL_Refine/id_1564/images_3_refine/M1_035/sd2_gene_1_refine.png,EXCLUDED_CORRUPT,
SDXL_Refine/SDXL_Refine/id_1564/images_3_refine/M1_011/sd2_gene_1_refine.png,EXCLUDED_CORRUPT,
SDXL_Refine/SDXL_Refine/id_1564/images_3_refine/M1_008/sd2_gene_1_refine.png,EXCLUDED_CORRUPT,
SDXL_Refine/SDXL_Refine/id_1564/images_3_refine/M1_028/sd2_gene_1_refine.png,EXCLUDED_CORRUPT,
SDXL_Refine/SDXL_Refine/id_1564/images_3_refine/M1_037/sd2_gene_1_refine.png,EXCLUDED_CORRUPT,
SDXL_Refine/SDXL_Refine/id_1564/images_3_refine/M1_005/sd2_gene_1_refine.png,EXCLUDED_CORRUPT,
SDXL_Refine/SDXL_Refine/id_1564/images_3_refine/M1_002/sd2_gene_1_refine.png,EXCLUDED_CORRUPT,
SDXL_Refine/SDXL_Refine/id_1564/images_3_refine/M1_010/sd2_gene_1_refine.png,EXCLUDED_CORRUPT,
SDXL_Refine/SDXL_Refine/id_1564/images_3_refine/M1_027/sd2_gene_1_refine.png,EXCLUDED_CORRUPT,
SDXL_Refine/SDXL_Refine/id_1564/images_3_refine/M1_026/sd2_gene_1_refine.png,EXCLUDED_CORRUPT,
SDXL_Refine/SDXL_Refine/id_1564/images_3_refine/M1_023/sd2_gene_1_refine.png,EXCLUDED_CORRUPT,
SDXL_Refine/SDXL_Refine/id_1564/images_3_refine/M1_033/sd2_gene_1_refine.png,EXCLUDED_CORRUPT,
SDXL_Refine/SDXL_Refine/id_1564/images_3_refine/M1_000/sd2_gene_1_refine.png,EXCLUDED_CORRUPT,
SDXL_Refine/SDXL_Refine/id_1564/images_3_refine/M1_019/sd2_gene_1_refine.png,EXCLUDED_CORRUPT,
SDXL_Refine/SDXL_Refine/id_1564/images_3_refine/M1_004/sd2_gene_1_refine.png,EXCLUDED_CORRUPT,
SDXL_Refine/SDXL_Refine/id_1564/images_3_refine/M1_038/sd2_gene_1_refine.png,EXCLUDED_CORRUPT,
SDXL_Refine/SDXL_Refine/id_1564/images_3_refine/M1_018/sd2_gene_1_refine.png,EXCLUDED_CORRUPT,
SDXL_Refine/SDXL_Refine/id_1564/images_3_refine/M1_016/sd2_gene_1_refine.png,EXCLUDED_CORRUPT,
SDXL_Refine/SDXL_Refine/id_1564/images_3_refine/M1_009/sd2_gene_1_refine.png,EXCLUDED_CORRUPT,
SDXL_Refine/SDXL_Refine/id_1564/images_3_refine/M1_022/sd2_gene_1_refine.png,EXCLUDED_CORRUPT,
SDXL_Refine/SDXL_Refine/id_1564/images_3_refine/M1_015/sd2_gene_1_refine.png,EXCLUDED_CORRUPT,
SDXL_Refine/SDXL_Refine/id_1564/images_3_refine/M1_039/sd2_gene_1_refine.png,EXCLUDED_CORRUPT,
SDXL_Refine/SDXL_Refine/id_1564/images_3_refine/M1_024/sd2_gene_1_refine.png,EXCLUDED_CORRUPT,
SDXL_Refine/SDXL_Refine/id_1564/images_3_refine/M1_021/sd2_gene_1_refine.png,EXCLUDED_CORRUPT,
SDXL_Refine/SDXL_Refine/id_1564/images_3_refine/M1_003/sd2_gene_1_refine.png,EXCLUDED_CORRUPT,
SDXL_Refine/SDXL_Refine/id_1564/images_3_refine/M1_001/sd2_gene_1_refine.png,EXCLUDED_CORRUPT,
SDXL_Refine/SDXL_Refine/id_1564/images_3_refine/M1_032/sd2_gene_1_refine.png,EXCLUDED_CORRUPT,
SDXL_Refine/SDXL_Refine/id_1564/images_3_refine/M1_020/sd2_gene_1_refine.png,EXCLUDED_CORRUPT,
SDXL_Refine/SDXL_Refine/id_1564/images_3_refine/M1_036/sd2_gene_1_refine.png,EXCLUDED_CORRUPT,
SDXL_Refine/SDXL_Refine/id_1564/images_3_refine/M1_014/sd2_gene_1_refine.png,EXCLUDED_CORRUPT,
SDXL_Refine/SDXL_Refine/id_1564/images_3_refine/M1_029/sd2_gene_1_refine.png,EXCLUDED_CORRUPT,
SDXL_Refine/SDXL_Refine/id_1564/images_3_refine/M1_034/sd2_gene_1_refine.png,EXCLUDED_CORRUPT,
SDXL_Refine/SDXL_Refine/id_1564/images_3_refine/M1_006/sd2_gene_1_refine.png,EXCLUDED_CORRUPT,
SDXL_Refine/SDXL_Refine/id_1564/images_3_refine/M1_007/sd2_gene_1_refine.png,EXCLUDED_CORRUPT,
SDXL_Refine/SDXL_Refine/id_1564/images_3_refine/M1_012/sd2_gene_1_refine.png,EXCLUDED_CORRUPT,
SDXL_Refine/SDXL_Refine/id_1564/images_3_refine/M1_031/sd2_gene_1_refine.png,EXCLUDED_CORRUPT,
SDXL_Refine/SDXL_Refine/id_1564/images_3_refine/M1_013/sd2_gene_1_refine.png,EXCLUDED_CORRUPT,
SDXL_Refine/SDXL_Refine/id_1564/images_4_refine/M1_025/sd2_gene_1_refine.png,EXCLUDED_CORRUPT,
SDXL_Refine/SDXL_Refine/id_1564/images_4_refine/M1_030/sd2_gene_1_refine.png,EXCLUDED_CORRUPT,
SDXL_Refine/SDXL_Refine/id_1564/images_4_refine/M1_017/sd2_gene_1_refine.png,EXCLUDED_CORRUPT,
SDXL_Refine/SDXL_Refine/id_1564/images_4_refine/M1_011/sd2_gene_1_refine.png,EXCLUDED_CORRUPT,
SDXL_Refine/SDXL_Refine/id_1564/images_4_refine/M1_008/sd2_gene_1_refine.png,EXCLUDED_CORRUPT,
SDXL_Refine/SDXL_Refine/id_1564/images_4_refine/M1_028/sd2_gene_1_refine.png,EXCLUDED_CORRUPT,
SDXL_Refine/SDXL_Refine/id_1564/images_4_refine/M1_037/sd2_gene_1_refine.png,EXCLUDED_CORRUPT,
SDXL_Refine/SDXL_Refine/id_1564/images_4_refine/M1_005/sd2_gene_1_refine.png,EXCLUDED_CORRUPT,
SDXL_Refine/SDXL_Refine/id_1564/images_4_refine/M1_002/sd2_gene_1_refine.png,EXCLUDED_CORRUPT,
SDXL_Refine/SDXL_Refine/id_1564/images_4_refine/M1_010/sd2_gene_1_refine.png,EXCLUDED_CORRUPT,
SDXL_Refine/SDXL_Refine/id_1564/images_4_refine/M1_027/sd2_gene_1_refine.png,EXCLUDED_CORRUPT,
SDXL_Refine/SDXL_Refine/id_1564/images_4_refine/M1_026/sd2_gene_1_refine.png,EXCLUDED_CORRUPT,
SDXL_Refine/SDXL_Refine/id_1564/images_4_refine/M1_023/sd2_gene_1_refine.png,EXCLUDED_CORRUPT,
SDXL_Refine/SDXL_Refine/id_1564/images_4_refine/M1_033/sd2_gene_1_refine.png,EXCLUDED_CORRUPT,
SDXL_Refine/SDXL_Refine/id_1564/images_4_refine/M1_000/sd2_gene_1_refine.png,EXCLUDED_CORRUPT,
SDXL_Refine/SDXL_Refine/id_1564/images_4_refine/M1_019/sd2_gene_1_refine.png,EXCLUDED_CORRUPT,
SDXL_Refine/SDXL_Refine/id_1564/images_4_refine/M1_004/sd2_gene_1_refine.png,EXCLUDED_CORRUPT,
SDXL_Refine/SDXL_Refine/id_1564/images_4_refine/M1_038/sd2_gene_1_refine.png,EXCLUDED_CORRUPT,
SDXL_Refine/SDXL_Refine/id_1564/images_4_refine/M1_018/sd2_gene_1_refine.png,EXCLUDED_CORRUPT,
SDXL_Refine/SDXL_Refine/id_1564/images_4_refine/M1_016/sd2_gene_1_refine.png,EXCLUDED_CORRUPT,
SDXL_Refine/SDXL_Refine/id_1564/images_4_refine/M1_009/sd2_gene_1_refine.png,EXCLUDED_CORRUPT,
SDXL_Refine/SDXL_Refine/id_1564/images_4_refine/M1_022/sd2_gene_1_refine.png,EXCLUDED_CORRUPT,
SDXL_Refine/SDXL_Refine/id_1564/images_4_refine/M1_015/sd2_gene_1_refine.png,EXCLUDED_CORRUPT,
SDXL_Refine/SDXL_Refine/id_1564/images_4_refine/M1_039/sd2_gene_1_refine.png,EXCLUDED_CORRUPT,
SDXL_Refine/SDXL_Refine/id_1564/images_4_refine/M1_024/sd2_gene_1_refine.png,EXCLUDED_CORRUPT,
SDXL_Refine/SDXL_Refine/id_1564/images_4_refine/M1_021/sd2_gene_1_refine.png,EXCLUDED_CORRUPT,
SDXL_Refine/SDXL_Refine/id_1564/images_4_refine/M1_003/sd2_gene_1_refine.png,EXCLUDED_CORRUPT,
SDXL_Refine/SDXL_Refine/id_1564/images_4_refine/M1_001/sd2_gene_1_refine.png,EXCLUDED_CORRUPT,
SDXL_Refine/SDXL_Refine/id_1564/images_4_refine/M1_032/sd2_gene_1_refine.png,EXCLUDED_CORRUPT,
SDXL_Refine/SDXL_Refine/id_1564/images_4_refine/M1_020/sd2_gene_1_refine.png,EXCLUDED_CORRUPT,
SDXL_Refine/SDXL_Refine/id_1564/images_4_refine/M1_036/sd2_gene_1_refine.png,EXCLUDED_CORRUPT,
SDXL_Refine/SDXL_Refine/id_1564/images_4_refine/M1_014/sd2_gene_1_refine.png,EXCLUDED_CORRUPT,
SDXL_Refine/SDXL_Refine/id_1564/images_4_refine/M1_029/sd2_gene_1_refine.png,EXCLUDED_CORRUPT,
SDXL_Refine/SDXL_Refine/id_1564/images_4_refine/M1_034/sd2_gene_1_refine.png,EXCLUDED_CORRUPT,
SDXL_Refine/SDXL_Refine/id_1564/images_4_refine/M1_006/sd2_gene_1_refine.png,EXCLUDED_CORRUPT,
SDXL_Refine/SDXL_Refine/id_1564/images_4_refine/M1_007/sd2_gene_1_refine.png,EXCLUDED_CORRUPT,
SDXL_Refine/SDXL_Refine/id_1564/images_4_refine/M1_012/sd2_gene_1_refine.png,EXCLUDED_CORRUPT,
SDXL_Refine/SDXL_Refine/id_1564/images_4_refine/M1_031/sd2_gene_1_refine.png,EXCLUDED_CORRUPT,
SDXL_Refine/SDXL_Refine/id_1564/images_4_refine/M1_013/sd2_gene_1_refine.png,EXCLUDED_CORRUPT,
SDXL_Refine/SDXL_Refine/id_1564/images_refine/M1_025/sd2_gene_1_refine.png,EXCLUDED_CORRUPT,
SDXL_Refine/SDXL_Refine/id_1564/images_refine/M1_030/sd2_gene_1_refine.png,EXCLUDED_CORRUPT,
SDXL_Refine/SDXL_Refine/id_1564/images_refine/M1_017/sd2_gene_1_refine.png,EXCLUDED_CORRUPT,
SDXL_Refine/SDXL_Refine/id_1564/images_refine/M1_011/sd2_gene_1_refine.png,EXCLUDED_CORRUPT,
SDXL_Refine/SDXL_Refine/id_1564/images_refine/M1_008/sd2_gene_1_refine.png,EXCLUDED_CORRUPT,
SDXL_Refine/SDXL_Refine/id_1564/images_refine/M1_028/sd2_gene_1_refine.png,EXCLUDED_CORRUPT,
SDXL_Refine/SDXL_Refine/id_1564/images_refine/M1_037/sd2_gene_1_refine.png,EXCLUDED_CORRUPT,
SDXL_Refine/SDXL_Refine/id_1564/images_refine/M1_005/sd2_gene_1_refine.png,EXCLUDED_CORRUPT,
SDXL_Refine/SDXL_Refine/id_1564/images_refine/M1_002/sd2_gene_1_refine.png,EXCLUDED_CORRUPT,
SDXL_Refine/SDXL_Refine/id_1564/images_refine/M1_010/sd2_gene_1_refine.png,EXCLUDED_CORRUPT,
SDXL_Refine/SDXL_Refine/id_1564/images_refine/M1_027/sd2_gene_1_refine.png,EXCLUDED_CORRUPT,
SDXL_Refine/SDXL_Refine/id_1564/images_refine/M1_026/sd2_gene_1_refine.png,EXCLUDED_CORRUPT,
SDXL_Refine/SDXL_Refine/id_1564/images_refine/M1_023/sd2_gene_1_refine.png,EXCLUDED_CORRUPT,
SDXL_Refine/SDXL_Refine/id_1564/images_refine/M1_033/sd2_gene_1_refine.png,EXCLUDED_CORRUPT,
SDXL_Refine/SDXL_Refine/id_1564/images_refine/M1_000/sd2_gene_1_refine.png,EXCLUDED_CORRUPT,
SDXL_Refine/SDXL_Refine/id_1564/images_refine/M1_019/sd2_gene_1_refine.png,EXCLUDED_CORRUPT,
SDXL_Refine/SDXL_Refine/id_1564/images_refine/M1_004/sd2_gene_1_refine.png,EXCLUDED_CORRUPT,
SDXL_Refine/SDXL_Refine/id_1564/images_refine/M1_038/sd2_gene_1_refine.png,EXCLUDED_CORRUPT,
SDXL_Refine/SDXL_Refine/id_1564/images_refine/M1_018/sd2_gene_1_refine.png,EXCLUDED_CORRUPT,
SDXL_Refine/SDXL_Refine/id_1564/images_refine/M1_016/sd2_gene_1_refine.png,EXCLUDED_CORRUPT,
SDXL_Refine/SDXL_Refine/id_1564/images_refine/M1_009/sd2_gene_1_refine.png,EXCLUDED_CORRUPT,
SDXL_Refine/SDXL_Refine/id_1564/images_refine/M1_022/sd2_gene_1_refine.png,EXCLUDED_CORRUPT,
SDXL_Refine/SDXL_Refine/id_1564/images_refine/M1_015/sd2_gene_1_refine.png,EXCLUDED_CORRUPT,
SDXL_Refine/SDXL_Refine/id_1564/images_refine/M1_039/sd2_gene_1_refine.png,EXCLUDED_CORRUPT,
SDXL_Refine/SDXL_Refine/id_1564/images_refine/M1_024/sd2_gene_1_refine.png,EXCLUDED_CORRUPT,
SDXL_Refine/SDXL_Refine/id_1564/images_refine/M1_021/sd2_gene_1_refine.png,EXCLUDED_CORRUPT,
SDXL_Refine/SDXL_Refine/id_1564/images_refine/M1_003/sd2_gene_1_refine.png,EXCLUDED_CORRUPT,
SDXL_Refine/SDXL_Refine/id_1564/images_refine/M1_001/sd2_gene_1_refine.png,EXCLUDED_CORRUPT,
SDXL_Refine/SDXL_Refine/id_1564/images_refine/M1_032/sd2_gene_1_refine.png,EXCLUDED_CORRUPT,
SDXL_Refine/SDXL_Refine/id_1564/images_refine/M1_020/sd2_gene_1_refine.png,EXCLUDED_CORRUPT,
SDXL_Refine/SDXL_Refine/id_1564/images_refine/M1_036/sd2_gene_1_refine.png,EXCLUDED_CORRUPT,
SDXL_Refine/SDXL_Refine/id_1564/images_refine/M1_014/sd2_gene_1_refine.png,EXCLUDED_CORRUPT,
SDXL_Refine/SDXL_Refine/id_1564/images_refine/M1_029/sd2_gene_1_refine.png,EXCLUDED_CORRUPT,
SDXL_Refine/SDXL_Refine/id_1564/images_refine/M1_034/sd2_gene_1_refine.png,EXCLUDED_CORRUPT,
SDXL_Refine/SDXL_Refine/id_1564/images_refine/M1_006/sd2_gene_1_refine.png,EXCLUDED_CORRUPT,
SDXL_Refine/SDXL_Refine/id_1564/images_refine/M1_007/sd2_gene_1_refine.png,EXCLUDED_CORRUPT,
SDXL_Refine/SDXL_Refine/id_1564/images_refine/M1_012/sd2_gene_1_refine.png,EXCLUDED_CORRUPT,
SDXL_Refine/SDXL_Refine/id_1564/images_refine/M1_031/sd2_gene_1_refine.png,EXCLUDED_CORRUPT,
SDXL_Refine/SDXL_Refine/id_1564/images_refine/M1_013/sd2_gene_1_refine.png,EXCLUDED_CORRUPT,
SDXL_Refine/SDXL_Refine/id_1564/images_2_refine/M1_025/sd2_gene_1_refine.png,EXCLUDED_CORRUPT,
SDXL_Refine/SDXL_Refine/id_1564/images_2_refine/M1_030/sd2_gene_1_refine.png,EXCLUDED_CORRUPT,
SDXL_Refine/SDXL_Refine/id_1564/images_2_refine/M1_017/sd2_gene_1_refine.png,EXCLUDED_CORRUPT,
SDXL_Refine/SDXL_Refine/id_1564/images_2_refine/M1_011/sd2_gene_1_refine.png,EXCLUDED_CORRUPT,
SDXL_Refine/SDXL_Refine/id_1564/images_2_refine/M1_008/sd2_gene_1_refine.png,EXCLUDED_CORRUPT,
SDXL_Refine/SDXL_Refine/id_1564/images_2_refine/M1_028/sd2_gene_1_refine.png,EXCLUDED_CORRUPT,
SDXL_Refine/SDXL_Refine/id_1564/images_2_refine/M1_037/sd2_gene_1_refine.png,EXCLUDED_CORRUPT,
SDXL_Refine/SDXL_Refine/id_1564/images_2_refine/M1_005/sd2_gene_1_refine.png,EXCLUDED_CORRUPT,
SDXL_Refine/SDXL_Refine/id_1564/images_2_refine/M1_002/sd2_gene_1_refine.png,EXCLUDED_CORRUPT,
SDXL_Refine/SDXL_Refine/id_1564/images_2_refine/M1_010/sd2_gene_1_refine.png,EXCLUDED_CORRUPT,
SDXL_Refine/SDXL_Refine/id_1564/images_2_refine/M1_027/sd2_gene_1_refine.png,EXCLUDED_CORRUPT,
SDXL_Refine/SDXL_Refine/id_1564/images_2_refine/M1_026/sd2_gene_1_refine.png,EXCLUDED_CORRUPT,
SDXL_Refine/SDXL_Refine/id_1564/images_2_refine/M1_023/sd2_gene_1_refine.png,EXCLUDED_CORRUPT,
SDXL_Refine/SDXL_Refine/id_1564/images_2_refine/M1_000/sd2_gene_1_refine.png,EXCLUDED_CORRUPT,
SDXL_Refine/SDXL_Refine/id_1564/images_2_refine/M1_019/sd2_gene_1_refine.png,EXCLUDED_CORRUPT,
SDXL_Refine/SDXL_Refine/id_1564/images_2_refine/M1_004/sd2_gene_1_refine.png,EXCLUDED_CORRUPT,
SDXL_Refine/SDXL_Refine/id_1564/images_2_refine/M1_038/sd2_gene_1_refine.png,EXCLUDED_CORRUPT,
SDXL_Refine/SDXL_Refine/id_1564/images_2_refine/M1_018/sd2_gene_1_refine.png,EXCLUDED_CORRUPT,
SDXL_Refine/SDXL_Refine/id_1564/images_2_refine/M1_016/sd2_gene_1_refine.png,EXCLUDED_CORRUPT,
SDXL_Refine/SDXL_Refine/id_1564/images_2_refine/M1_009/sd2_gene_1_refine.png,EXCLUDED_CORRUPT,
SDXL_Refine/SDXL_Refine/id_1564/images_2_refine/M1_022/sd2_gene_1_refine.png,EXCLUDED_CORRUPT,
SDXL_Refine/SDXL_Refine/id_1564/images_2_refine/M1_015/sd2_gene_1_refine.png,EXCLUDED_CORRUPT,
SDXL_Refine/SDXL_Refine/id_1564/images_2_refine/M1_039/sd2_gene_1_refine.png,EXCLUDED_CORRUPT,
SDXL_Refine/SDXL_Refine/id_1564/images_2_refine/M1_024/sd2_gene_1_refine.png,EXCLUDED_CORRUPT,
SDXL_Refine/SDXL_Refine/id_1564/images_2_refine/M1_021/sd2_gene_1_refine.png,EXCLUDED_CORRUPT,
SDXL_Refine/SDXL_Refine/id_1564/images_2_refine/M1_003/sd2_gene_1_refine.png,EXCLUDED_CORRUPT,
SDXL_Refine/SDXL_Refine/id_1564/images_2_refine/M1_001/sd2_gene_1_refine.png,EXCLUDED_CORRUPT,
SDXL_Refine/SDXL_Refine/id_1564/images_2_refine/M1_032/sd2_gene_1_refine.png,EXCLUDED_CORRUPT,
SDXL_Refine/SDXL_Refine/id_1564/images_2_refine/M1_020/sd2_gene_1_refine.png,EXCLUDED_CORRUPT,
SDXL_Refine/SDXL_Refine/id_1564/images_2_refine/M1_036/sd2_gene_1_refine.png,EXCLUDED_CORRUPT,
SDXL_Refine/SDXL_Refine/id_1564/images_2_refine/M1_014/sd2_gene_1_refine.png,EXCLUDED_CORRUPT,
SDXL_Refine/SDXL_Refine/id_1564/images_2_refine/M1_029/sd2_gene_1_refine.png,EXCLUDED_CORRUPT,
SDXL_Refine/SDXL_Refine/id_1564/images_2_refine/M1_034/sd2_gene_1_refine.png,EXCLUDED_CORRUPT,
SDXL_Refine/SDXL_Refine/id_1564/images_2_refine/M1_006/sd2_gene_1_refine.png,EXCLUDED_CORRUPT,
SDXL_Refine/SDXL_Refine/id_1564/images_2_refine/M1_007/sd2_gene_1_refine.png,EXCLUDED_CORRUPT,
SDXL_Refine/SDXL_Refine/id_1564/images_2_refine/M1_012/sd2_gene_1_refine.png,EXCLUDED_CORRUPT,
SDXL_Refine/SDXL_Refine/id_1564/images_2_refine/M1_031/sd2_gene_1_refine.png,EXCLUDED_CORRUPT,
SDXL_Refine/SDXL_Refine/id_1564/images_2_refine/M1_013/sd2_gene_1_refine.png,EXCLUDED_CORRUPT,
SDXL_Refine/SDXL_Refine/id_2431/images_3_refine/M1_011/sd2_gene_1_refine.png,EXCLUDED_CORRUPT,
SDXL_Refine/SDXL_Refine/id_2431/images_3_refine/M1_008/sd2_gene_1_refine.png,EXCLUDED_CORRUPT,
SDXL_Refine/SDXL_Refine/id_2431/images_3_refine/M1_005/sd2_gene_1_refine.png,EXCLUDED_CORRUPT,
SDXL_Refine/SDXL_Refine/id_2431/images_3_refine/M1_002/sd2_gene_1_refine.png,EXCLUDED_CORRUPT,
SDXL_Refine/SDXL_Refine/id_2431/images_3_refine/M1_010/sd2_gene_1_refine.png,EXCLUDED_CORRUPT,
SDXL_Refine/SDXL_Refine/id_2431/images_3_refine/M1_000/sd2_gene_1_refine.png,EXCLUDED_CORRUPT,
SDXL_Refine/SDXL_Refine/id_2431/images_3_refine/M1_004/sd2_gene_1_refine.png,EXCLUDED_CORRUPT,
SDXL_Refine/SDXL_Refine/id_2431/images_3_refine/M1_009/sd2_gene_1_refine.png,EXCLUDED_CORRUPT,
SDXL_Refine/SDXL_Refine/id_2431/images_3_refine/M1_015/sd2_gene_1_refine.png,EXCLUDED_CORRUPT,
SDXL_Refine/SDXL_Refine/id_2431/images_3_refine/M1_003/sd2_gene_1_refine.png,EXCLUDED_CORRUPT,
SDXL_Refine/SDXL_Refine/id_2431/images_3_refine/M1_001/sd2_gene_1_refine.png,EXCLUDED_CORRUPT,
SDXL_Refine/SDXL_Refine/id_2431/images_3_refine/M1_014/sd2_gene_1_refine.png,EXCLUDED_CORRUPT,
SDXL_Refine/SDXL_Refine/id_2431/images_3_refine/M1_006/sd2_gene_1_refine.png,EXCLUDED_CORRUPT,
SDXL_Refine/SDXL_Refine/id_2431/images_3_refine/M1_007/sd2_gene_1_refine.png,EXCLUDED_CORRUPT,
SDXL_Refine/SDXL_Refine/id_2431/images_3_refine/M1_012/sd2_gene_1_refine.png,EXCLUDED_CORRUPT,
SDXL_Refine/SDXL_Refine/id_2431/images_3_refine/M1_013/sd2_gene_1_refine.png,EXCLUDED_CORRUPT,
SDXL_Refine/SDXL_Refine/id_2431/images_4_refine/M1_011/sd2_gene_1_refine.png,EXCLUDED_CORRUPT,
SDXL_Refine/SDXL_Refine/id_2431/images_4_refine/M1_008/sd2_gene_1_refine.png,EXCLUDED_CORRUPT,
SDXL_Refine/SDXL_Refine/id_2431/images_4_refine/M1_005/sd2_gene_1_refine.png,EXCLUDED_CORRUPT,
SDXL_Refine/SDXL_Refine/id_2431/images_4_refine/M1_002/sd2_gene_1_refine.png,EXCLUDED_CORRUPT,
SDXL_Refine/SDXL_Refine/id_2431/images_4_refine/M1_010/sd2_gene_1_refine.png,EXCLUDED_CORRUPT,
SDXL_Refine/SDXL_Refine/id_2431/images_4_refine/M1_000/sd2_gene_1_refine.png,EXCLUDED_CORRUPT,
SDXL_Refine/SDXL_Refine/id_2431/images_4_refine/M1_004/sd2_gene_1_refine.png,EXCLUDED_CORRUPT,
SDXL_Refine/SDXL_Refine/id_2431/images_4_refine/M1_015/sd2_gene_1_refine.png,EXCLUDED_CORRUPT,
SDXL_Refine/SDXL_Refine/id_2431/images_4_refine/M1_003/sd2_gene_1_refine.png,EXCLUDED_CORRUPT,
SDXL_Refine/SDXL_Refine/id_2431/images_4_refine/M1_001/sd2_gene_1_refine.png,EXCLUDED_CORRUPT,
SDXL_Refine/SDXL_Refine/id_2431/images_4_refine/M1_014/sd2_gene_1_refine.png,EXCLUDED_CORRUPT,
SDXL_Refine/SDXL_Refine/id_2431/images_4_refine/M1_006/sd2_gene_1_refine.png,EXCLUDED_CORRUPT,
SDXL_Refine/SDXL_Refine/id_2431/images_4_refine/M1_007/sd2_gene_1_refine.png,EXCLUDED_CORRUPT,
SDXL_Refine/SDXL_Refine/id_2431/images_4_refine/M1_012/sd2_gene_1_refine.png,EXCLUDED_CORRUPT,
SDXL_Refine/SDXL_Refine/id_2431/images_4_refine/M1_013/sd2_gene_1_refine.png,EXCLUDED_CORRUPT,
SDXL_Refine/SDXL_Refine/id_2431/images_refine/M1_011/sd2_gene_1_refine.png,EXCLUDED_CORRUPT,
SDXL_Refine/SDXL_Refine/id_2431/images_refine/M1_008/sd2_gene_1_refine.png,EXCLUDED_CORRUPT,
SDXL_Refine/SDXL_Refine/id_2431/images_refine/M1_005/sd2_gene_1_refine.png,EXCLUDED_CORRUPT,
SDXL_Refine/SDXL_Refine/id_2431/images_refine/M1_002/sd2_gene_1_refine.png,EXCLUDED_CORRUPT,
SDXL_Refine/SDXL_Refine/id_2431/images_refine/M1_010/sd2_gene_1_refine.png,EXCLUDED_CORRUPT,
SDXL_Refine/SDXL_Refine/id_2431/images_refine/M1_000/sd2_gene_1_refine.png,EXCLUDED_CORRUPT,
SDXL_Refine/SDXL_Refine/id_2431/images_refine/M1_004/sd2_gene_1_refine.png,EXCLUDED_CORRUPT,
SDXL_Refine/SDXL_Refine/id_2431/images_refine/M1_009/sd2_gene_1_refine.png,EXCLUDED_CORRUPT,
SDXL_Refine/SDXL_Refine/id_2431/images_refine/M1_015/sd2_gene_1_refine.png,EXCLUDED_CORRUPT,
SDXL_Refine/SDXL_Refine/id_2431/images_refine/M1_003/sd2_gene_1_refine.png,EXCLUDED_CORRUPT,
SDXL_Refine/SDXL_Refine/id_2431/images_refine/M1_001/sd2_gene_1_refine.png,EXCLUDED_CORRUPT,
SDXL_Refine/SDXL_Refine/id_2431/images_refine/M1_014/sd2_gene_1_refine.png,EXCLUDED_CORRUPT,
SDXL_Refine/SDXL_Refine/id_2431/images_refine/M1_006/sd2_gene_1_refine.png,EXCLUDED_CORRUPT,
SDXL_Refine/SDXL_Refine/id_2431/images_refine/M1_007/sd2_gene_1_refine.png,EXCLUDED_CORRUPT,
SDXL_Refine/SDXL_Refine/id_2431/images_refine/M1_012/sd2_gene_1_refine.png,EXCLUDED_CORRUPT,
SDXL_Refine/SDXL_Refine/id_2431/images_refine/M1_013/sd2_gene_1_refine.png,EXCLUDED_CORRUPT,
SDXL_Refine/SDXL_Refine/id_2431/images_2_refine/M1_011/sd2_gene_1_refine.png,EXCLUDED_CORRUPT,
SDXL_Refine/SDXL_Refine/id_2431/images_2_refine/M1_008/sd2_gene_1_refine.png,EXCLUDED_CORRUPT,
SDXL_Refine/SDXL_Refine/id_2431/images_2_refine/M1_005/sd2_gene_1_refine.png,EXCLUDED_CORRUPT,
SDXL_Refine/SDXL_Refine/id_2431/images_2_refine/M1_002/sd2_gene_1_refine.png,EXCLUDED_CORRUPT,
SDXL_Refine/SDXL_Refine/id_2431/images_2_refine/M1_010/sd2_gene_1_refine.png,EXCLUDED_CORRUPT,
SDXL_Refine/SDXL_Refine/id_2431/images_2_refine/M1_000/sd2_gene_1_refine.png,EXCLUDED_CORRUPT,
SDXL_Refine/SDXL_Refine/id_2431/images_2_refine/M1_004/sd2_gene_1_refine.png,EXCLUDED_CORRUPT,
SDXL_Refine/SDXL_Refine/id_2431/images_2_refine/M1_009/sd2_gene_1_refine.png,EXCLUDED_CORRUPT,
SDXL_Refine/SDXL_Refine/id_2431/images_2_refine/M1_015/sd2_gene_1_refine.png,EXCLUDED_CORRUPT,
SDXL_Refine/SDXL_Refine/id_2431/images_2_refine/M1_003/sd2_gene_1_refine.png,EXCLUDED_CORRUPT,
SDXL_Refine/SDXL_Refine/id_2431/images_2_refine/M1_001/sd2_gene_1_refine.png,EXCLUDED_CORRUPT,
SDXL_Refine/SDXL_Refine/id_2431/images_2_refine/M1_014/sd2_gene_1_refine.png,EXCLUDED_CORRUPT,
SDXL_Refine/SDXL_Refine/id_2431/images_2_refine/M1_006/sd2_gene_1_refine.png,EXCLUDED_CORRUPT,
SDXL_Refine/SDXL_Refine/id_2431/images_2_refine/M1_007/sd2_gene_1_refine.png,EXCLUDED_CORRUPT,
SDXL_Refine/SDXL_Refine/id_2431/images_2_refine/M1_012/sd2_gene_1_refine.png,EXCLUDED_CORRUPT,
SDXL_Refine/SDXL_Refine/id_2431/images_2_refine/M1_013/sd2_gene_1_refine.png,EXCLUDED_CORRUPT,
SDXL_Refine/SDXL_Refine/id_1741/images_3_refine/M1_002/sd2_gene_1_refine.png,EXCLUDED_CORRUPT,
SDXL_Refine/SDXL_Refine/id_1741/images_3_refine/M1_000/sd2_gene_1_refine.png,EXCLUDED_CORRUPT,
SDXL_Refine/SDXL_Refine/id_1741/images_3_refine/M1_003/sd2_gene_1_refine.png,EXCLUDED_CORRUPT,
SDXL_Refine/SDXL_Refine/id_1741/images_3_refine/M1_001/sd2_gene_1_refine.png,EXCLUDED_CORRUPT,
SDXL_Refine/SDXL_Refine/id_1741/images_4_refine/M1_000/sd2_gene_1_refine.png,EXCLUDED_CORRUPT,
SDXL_Refine/SDXL_Refine/id_1741/images_4_refine/M1_003/sd2_gene_1_refine.png,EXCLUDED_CORRUPT,
SDXL_Refine/SDXL_Refine/id_1741/images_4_refine/M1_001/sd2_gene_1_refine.png,EXCLUDED_CORRUPT,
SDXL_Refine/SDXL_Refine/id_1741/images_refine/M1_002/sd2_gene_1_refine.png,EXCLUDED_CORRUPT,
SDXL_Refine/SDXL_Refine/id_1741/images_refine/M1_000/sd2_gene_1_refine.png,EXCLUDED_CORRUPT,
SDXL_Refine/SDXL_Refine/id_1741/images_refine/M1_003/sd2_gene_1_refine.png,EXCLUDED_CORRUPT,
SDXL_Refine/SDXL_Refine/id_1741/images_refine/M1_001/sd2_gene_1_refine.png,EXCLUDED_CORRUPT,
SDXL_Refine/SDXL_Refine/id_1741/images_2_refine/M1_002/sd2_gene_1_refine.png,EXCLUDED_CORRUPT,
SDXL_Refine/SDXL_Refine/id_1741/images_2_refine/M1_000/sd2_gene_1_refine.png,EXCLUDED_CORRUPT,
SDXL_Refine/SDXL_Refine/id_1741/images_2_refine/M1_003/sd2_gene_1_refine.png,EXCLUDED_CORRUPT,
SDXL_Refine/SDXL_Refine/id_1741/images_2_refine/M1_001/sd2_gene_1_refine.png,EXCLUDED_CORRUPT,
SDXL_Refine/SDXL_Refine/id_2382/images_3_refine/M1_002/sd2_gene_1_refine.png,EXCLUDED_CORRUPT,
SDXL_Refine/SDXL_Refine/id_2382/images_3_refine/M1_000/sd2_gene_1_refine.png,EXCLUDED_CORRUPT,
SDXL_Refine/SDXL_Refine/id_2382/images_3_refine/M1_003/sd2_gene_1_refine.png,EXCLUDED_CORRUPT,
SDXL_Refine/SDXL_Refine/id_2382/images_3_refine/M1_001/sd2_gene_1_refine.png,EXCLUDED_CORRUPT,
SDXL_Refine/SDXL_Refine/id_2382/images_4_refine/M1_002/sd2_gene_1_refine.png,EXCLUDED_CORRUPT,
SDXL_Refine/SDXL_Refine/id_2382/images_4_refine/M1_000/sd2_gene_1_refine.png,EXCLUDED_CORRUPT,
SDXL_Refine/SDXL_Refine/id_2382/images_4_refine/M1_003/sd2_gene_1_refine.png,EXCLUDED_CORRUPT,
SDXL_Refine/SDXL_Refine/id_2382/images_4_refine/M1_001/sd2_gene_1_refine.png,EXCLUDED_CORRUPT,
SDXL_Refine/SDXL_Refine/id_2382/images_refine/M1_002/sd2_gene_1_refine.png,EXCLUDED_CORRUPT,
SDXL_Refine/SDXL_Refine/id_2382/images_refine/M1_000/sd2_gene_1_refine.png,EXCLUDED_CORRUPT,
SDXL_Refine/SDXL_Refine/id_2382/images_refine/M1_003/sd2_gene_1_refine.png,EXCLUDED_CORRUPT,
SDXL_Refine/SDXL_Refine/id_2382/images_refine/M1_001/sd2_gene_1_refine.png,EXCLUDED_CORRUPT,
SDXL_Refine/SDXL_Refine/id_2382/images_2_refine/M1_002/sd2_gene_1_refine.png,EXCLUDED_CORRUPT,
SDXL_Refine/SDXL_Refine/id_2382/images_2_refine/M1_000/sd2_gene_1_refine.png,EXCLUDED_CORRUPT,
SDXL_Refine/SDXL_Refine/id_2382/images_2_refine/M1_003/sd2_gene_1_refine.png,EXCLUDED_CORRUPT,
SDXL_Refine/SDXL_Refine/id_2382/images_2_refine/M1_001/sd2_gene_1_refine.png,EXCLUDED_CORRUPT,
SDXL_Refine/SDXL_Refine/id_2342/images_3_refine/M1_002/sd2_gene_1_refine.png,EXCLUDED_CORRUPT,
SDXL_Refine/SDXL_Refine/id_2342/images_3_refine/M1_000/sd2_gene_1_refine.png,EXCLUDED_CORRUPT,
SDXL_Refine/SDXL_Refine/id_2342/images_3_refine/M1_003/sd2_gene_1_refine.png,EXCLUDED_CORRUPT,
SDXL_Refine/SDXL_Refine/id_2342/images_4_refine/M1_002/sd2_gene_1_refine.png,EXCLUDED_CORRUPT,
SDXL_Refine/SDXL_Refine/id_2342/images_4_refine/M1_000/sd2_gene_1_refine.png,EXCLUDED_CORRUPT,
SDXL_Refine/SDXL_Refine/id_2342/images_4_refine/M1_003/sd2_gene_1_refine.png,EXCLUDED_CORRUPT,
SDXL_Refine/SDXL_Refine/id_2342/images_4_refine/M1_001/sd2_gene_1_refine.png,EXCLUDED_CORRUPT,
SDXL_Refine/SDXL_Refine/id_2342/images_refine/M1_000/sd2_gene_1_refine.png,EXCLUDED_CORRUPT,
SDXL_Refine/SDXL_Refine/id_2342/images_refine/M1_003/sd2_gene_1_refine.png,EXCLUDED_CORRUPT,
SDXL_Refine/SDXL_Refine/id_2342/images_2_refine/M1_002/sd2_gene_1_refine.png,EXCLUDED_CORRUPT,
SDXL_Refine/SDXL_Refine/id_2342/images_2_refine/M1_000/sd2_gene_1_refine.png,EXCLUDED_CORRUPT,
SDXL_Refine/SDXL_Refine/id_2342/images_2_refine/M1_003/sd2_gene_1_refine.png,EXCLUDED_CORRUPT,
SDXL_Refine/SDXL_Refine/id_2342/images_2_refine/M1_001/sd2_gene_1_refine.png,EXCLUDED_CORRUPT,
SDXL_Refine/SDXL_Refine/id_2443/images_3_refine/M1_002/sd2_gene_1_refine.png,EXCLUDED_CORRUPT,
SDXL_Refine/SDXL_Refine/id_2443/images_3_refine/M1_000/sd2_gene_1_refine.png,EXCLUDED_CORRUPT,
SDXL_Refine/SDXL_Refine/id_2443/images_3_refine/M1_003/sd2_gene_1_refine.png,EXCLUDED_CORRUPT,
SDXL_Refine/SDXL_Refine/id_2443/images_3_refine/M1_001/sd2_gene_1_refine.png,EXCLUDED_CORRUPT,
SDXL_Refine/SDXL_Refine/id_2443/images_4_refine/M1_002/sd2_gene_1_refine.png,EXCLUDED_CORRUPT,
SDXL_Refine/SDXL_Refine/id_2443/images_4_refine/M1_000/sd2_gene_1_refine.png,EXCLUDED_CORRUPT,
SDXL_Refine/SDXL_Refine/id_2443/images_4_refine/M1_003/sd2_gene_1_refine.png,EXCLUDED_CORRUPT,
SDXL_Refine/SDXL_Refine/id_2443/images_4_refine/M1_001/sd2_gene_1_refine.png,EXCLUDED_CORRUPT,
SDXL_Refine/SDXL_Refine/id_2443/images_refine/M1_002/sd2_gene_1_refine.png,EXCLUDED_CORRUPT,
SDXL_Refine/SDXL_Refine/id_2443/images_refine/M1_000/sd2_gene_1_refine.png,EXCLUDED_CORRUPT,
SDXL_Refine/SDXL_Refine/id_2443/images_refine/M1_003/sd2_gene_1_refine.png,EXCLUDED_CORRUPT,
SDXL_Refine/SDXL_Refine/id_2443/images_refine/M1_001/sd2_gene_1_refine.png,EXCLUDED_CORRUPT,
SDXL_Refine/SDXL_Refine/id_2443/images_2_refine/M1_002/sd2_gene_1_refine.png,EXCLUDED_CORRUPT,
SDXL_Refine/SDXL_Refine/id_2443/images_2_refine/M1_000/sd2_gene_1_refine.png,EXCLUDED_CORRUPT,
SDXL_Refine/SDXL_Refine/id_2443/images_2_refine/M1_003/sd2_gene_1_refine.png,EXCLUDED_CORRUPT,
SDXL_Refine/SDXL_Refine/id_2443/images_2_refine/M1_001/sd2_gene_1_refine.png,EXCLUDED_CORRUPT,
SDXL_Refine/SDXL_Refine/id_2168/images_3_refine/M1_011/sd2_gene_1_refine.png,EXCLUDED_CORRUPT,
SDXL_Refine/SDXL_Refine/id_2168/images_3_refine/M1_008/sd2_gene_1_refine.png,EXCLUDED_CORRUPT,
SDXL_Refine/SDXL_Refine/id_2168/images_3_refine/M1_005/sd2_gene_1_refine.png,EXCLUDED_CORRUPT,
SDXL_Refine/SDXL_Refine/id_2168/images_3_refine/M1_002/sd2_gene_1_refine.png,EXCLUDED_CORRUPT,
SDXL_Refine/SDXL_Refine/id_2168/images_3_refine/M1_010/sd2_gene_1_refine.png,EXCLUDED_CORRUPT,
SDXL_Refine/SDXL_Refine/id_2168/images_3_refine/M1_000/sd2_gene_1_refine.png,EXCLUDED_CORRUPT,
SDXL_Refine/SDXL_Refine/id_2168/images_3_refine/M1_004/sd2_gene_1_refine.png,EXCLUDED_CORRUPT,
SDXL_Refine/SDXL_Refine/id_2168/images_3_refine/M1_009/sd2_gene_1_refine.png,EXCLUDED_CORRUPT,
SDXL_Refine/SDXL_Refine/id_2168/images_3_refine/M1_003/sd2_gene_1_refine.png,EXCLUDED_CORRUPT,
SDXL_Refine/SDXL_Refine/id_2168/images_3_refine/M1_001/sd2_gene_1_refine.png,EXCLUDED_CORRUPT,
SDXL_Refine/SDXL_Refine/id_2168/images_3_refine/M1_006/sd2_gene_1_refine.png,EXCLUDED_CORRUPT,
SDXL_Refine/SDXL_Refine/id_2168/images_3_refine/M1_007/sd2_gene_1_refine.png,EXCLUDED_CORRUPT,
SDXL_Refine/SDXL_Refine/id_2168/images_4_refine/M1_008/sd2_gene_1_refine.png,EXCLUDED_CORRUPT,
SDXL_Refine/SDXL_Refine/id_2168/images_4_refine/M1_005/sd2_gene_1_refine.png,EXCLUDED_CORRUPT,
SDXL_Refine/SDXL_Refine/id_2168/images_4_refine/M1_002/sd2_gene_1_refine.png,EXCLUDED_CORRUPT,
SDXL_Refine/SDXL_Refine/id_2168/images_4_refine/M1_010/sd2_gene_1_refine.png,EXCLUDED_CORRUPT,
SDXL_Refine/SDXL_Refine/id_2168/images_4_refine/M1_000/sd2_gene_1_refine.png,EXCLUDED_CORRUPT,
SDXL_Refine/SDXL_Refine/id_2168/images_4_refine/M1_004/sd2_gene_1_refine.png,EXCLUDED_CORRUPT,
SDXL_Refine/SDXL_Refine/id_2168/images_4_refine/M1_009/sd2_gene_1_refine.png,EXCLUDED_CORRUPT,
SDXL_Refine/SDXL_Refine/id_2168/images_4_refine/M1_003/sd2_gene_1_refine.png,EXCLUDED_CORRUPT,
SDXL_Refine/SDXL_Refine/id_2168/images_4_refine/M1_001/sd2_gene_1_refine.png,EXCLUDED_CORRUPT,
SDXL_Refine/SDXL_Refine/id_2168/images_4_refine/M1_006/sd2_gene_1_refine.png,EXCLUDED_CORRUPT,
SDXL_Refine/SDXL_Refine/id_2168/images_4_refine/M1_007/sd2_gene_1_refine.png,EXCLUDED_CORRUPT,
SDXL_Refine/SDXL_Refine/id_2168/images_refine/M1_011/sd2_gene_1_refine.png,EXCLUDED_CORRUPT,
SDXL_Refine/SDXL_Refine/id_2168/images_refine/M1_008/sd2_gene_1_refine.png,EXCLUDED_CORRUPT,
SDXL_Refine/SDXL_Refine/id_2168/images_refine/M1_005/sd2_gene_1_refine.png,EXCLUDED_CORRUPT,
SDXL_Refine/SDXL_Refine/id_2168/images_refine/M1_002/sd2_gene_1_refine.png,EXCLUDED_CORRUPT,
SDXL_Refine/SDXL_Refine/id_2168/images_refine/M1_010/sd2_gene_1_refine.png,EXCLUDED_CORRUPT,
SDXL_Refine/SDXL_Refine/id_2168/images_refine/M1_000/sd2_gene_1_refine.png,EXCLUDED_CORRUPT,
SDXL_Refine/SDXL_Refine/id_2168/images_refine/M1_004/sd2_gene_1_refine.png,EXCLUDED_CORRUPT,
SDXL_Refine/SDXL_Refine/id_2168/images_refine/M1_009/sd2_gene_1_refine.png,EXCLUDED_CORRUPT,
SDXL_Refine/SDXL_Refine/id_2168/images_refine/M1_003/sd2_gene_1_refine.png,EXCLUDED_CORRUPT,
SDXL_Refine/SDXL_Refine/id_2168/images_refine/M1_001/sd2_gene_1_refine.png,EXCLUDED_CORRUPT,
SDXL_Refine/SDXL_Refine/id_2168/images_refine/M1_006/sd2_gene_1_refine.png,EXCLUDED_CORRUPT,
SDXL_Refine/SDXL_Refine/id_2168/images_refine/M1_007/sd2_gene_1_refine.png,EXCLUDED_CORRUPT,
SDXL_Refine/SDXL_Refine/id_2168/images_2_refine/M1_011/sd2_gene_1_refine.png,EXCLUDED_CORRUPT,
SDXL_Refine/SDXL_Refine/id_2168/images_2_refine/M1_008/sd2_gene_1_refine.png,EXCLUDED_CORRUPT,
SDXL_Refine/SDXL_Refine/id_2168/images_2_refine/M1_005/sd2_gene_1_refine.png,EXCLUDED_CORRUPT,
SDXL_Refine/SDXL_Refine/id_2168/images_2_refine/M1_002/sd2_gene_1_refine.png,EXCLUDED_CORRUPT,
SDXL_Refine/SDXL_Refine/id_2168/images_2_refine/M1_010/sd2_gene_1_refine.png,EXCLUDED_CORRUPT,
SDXL_Refine/SDXL_Refine/id_2168/images_2_refine/M1_000/sd2_gene_1_refine.png,EXCLUDED_CORRUPT,
SDXL_Refine/SDXL_Refine/id_2168/images_2_refine/M1_004/sd2_gene_1_refine.png,EXCLUDED_CORRUPT,
SDXL_Refine/SDXL_Refine/id_2168/images_2_refine/M1_009/sd2_gene_1_refine.png,EXCLUDED_CORRUPT,
SDXL_Refine/SDXL_Refine/id_2168/images_2_refine/M1_003/sd2_gene_1_refine.png,EXCLUDED_CORRUPT,
SDXL_Refine/SDXL_Refine/id_2168/images_2_refine/M1_001/sd2_gene_1_refine.png,EXCLUDED_CORRUPT,
SDXL_Refine/SDXL_Refine/id_2168/images_2_refine/M1_006/sd2_gene_1_refine.png,EXCLUDED_CORRUPT,
SDXL_Refine/SDXL_Refine/id_2168/images_2_refine/M1_007/sd2_gene_1_refine.png,EXCLUDED_CORRUPT,
SDXL_Refine/SDXL_Refine/id_1885/images_3_refine/M1_011/sd2_gene_1_refine.png,EXCLUDED_CORRUPT,
SDXL_Refine/SDXL_Refine/id_1885/images_3_refine/M1_008/sd2_gene_1_refine.png,EXCLUDED_CORRUPT,
SDXL_Refine/SDXL_Refine/id_1885/images_3_refine/M1_005/sd2_gene_1_refine.png,EXCLUDED_CORRUPT,
SDXL_Refine/SDXL_Refine/id_1885/images_3_refine/M1_002/sd2_gene_1_refine.png,EXCLUDED_CORRUPT,
SDXL_Refine/SDXL_Refine/id_1885/images_3_refine/M1_010/sd2_gene_1_refine.png,EXCLUDED_CORRUPT,
SDXL_Refine/SDXL_Refine/id_1885/images_3_refine/M1_000/sd2_gene_1_refine.png,EXCLUDED_CORRUPT,
SDXL_Refine/SDXL_Refine/id_1885/images_3_refine/M1_004/sd2_gene_1_refine.png,EXCLUDED_CORRUPT,
SDXL_Refine/SDXL_Refine/id_1885/images_3_refine/M1_009/sd2_gene_1_refine.png,EXCLUDED_CORRUPT,
SDXL_Refine/SDXL_Refine/id_1885/images_3_refine/M1_015/sd2_gene_1_refine.png,EXCLUDED_CORRUPT,
SDXL_Refine/SDXL_Refine/id_1885/images_3_refine/M1_003/sd2_gene_1_refine.png,EXCLUDED_CORRUPT,
SDXL_Refine/SDXL_Refine/id_1885/images_3_refine/M1_001/sd2_gene_1_refine.png,EXCLUDED_CORRUPT,
SDXL_Refine/SDXL_Refine/id_1885/images_3_refine/M1_014/sd2_gene_1_refine.png,EXCLUDED_CORRUPT,
SDXL_Refine/SDXL_Refine/id_1885/images_3_refine/M1_006/sd2_gene_1_refine.png,EXCLUDED_CORRUPT,
SDXL_Refine/SDXL_Refine/id_1885/images_3_refine/M1_007/sd2_gene_1_refine.png,EXCLUDED_CORRUPT,
SDXL_Refine/SDXL_Refine/id_1885/images_3_refine/M1_012/sd2_gene_1_refine.png,EXCLUDED_CORRUPT,
SDXL_Refine/SDXL_Refine/id_1885/images_3_refine/M1_013/sd2_gene_1_refine.png,EXCLUDED_CORRUPT,
SDXL_Refine/SDXL_Refine/id_1885/images_4_refine/M1_011/sd2_gene_1_refine.png,EXCLUDED_CORRUPT,
SDXL_Refine/SDXL_Refine/id_1885/images_4_refine/M1_008/sd2_gene_1_refine.png,EXCLUDED_CORRUPT,
SDXL_Refine/SDXL_Refine/id_1885/images_4_refine/M1_005/sd2_gene_1_refine.png,EXCLUDED_CORRUPT,
SDXL_Refine/SDXL_Refine/id_1885/images_4_refine/M1_010/sd2_gene_1_refine.png,EXCLUDED_CORRUPT,
SDXL_Refine/SDXL_Refine/id_1885/images_4_refine/M1_000/sd2_gene_1_refine.png,EXCLUDED_CORRUPT,
SDXL_Refine/SDXL_Refine/id_1885/images_4_refine/M1_004/sd2_gene_1_refine.png,EXCLUDED_CORRUPT,
SDXL_Refine/SDXL_Refine/id_1885/images_4_refine/M1_009/sd2_gene_1_refine.png,EXCLUDED_CORRUPT,
SDXL_Refine/SDXL_Refine/id_1885/images_4_refine/M1_015/sd2_gene_1_refine.png,EXCLUDED_CORRUPT,
SDXL_Refine/SDXL_Refine/id_1885/images_4_refine/M1_003/sd2_gene_1_refine.png,EXCLUDED_CORRUPT,
SDXL_Refine/SDXL_Refine/id_1885/images_4_refine/M1_001/sd2_gene_1_refine.png,EXCLUDED_CORRUPT,
SDXL_Refine/SDXL_Refine/id_1885/images_4_refine/M1_014/sd2_gene_1_refine.png,EXCLUDED_CORRUPT,
SDXL_Refine/SDXL_Refine/id_1885/images_4_refine/M1_006/sd2_gene_1_refine.png,EXCLUDED_CORRUPT,
SDXL_Refine/SDXL_Refine/id_1885/images_4_refine/M1_007/sd2_gene_1_refine.png,EXCLUDED_CORRUPT,
SDXL_Refine/SDXL_Refine/id_1885/images_4_refine/M1_013/sd2_gene_1_refine.png,EXCLUDED_CORRUPT,
SDXL_Refine/SDXL_Refine/id_1885/images_refine/M1_011/sd2_gene_1_refine.png,EXCLUDED_CORRUPT,
SDXL_Refine/SDXL_Refine/id_1885/images_refine/M1_008/sd2_gene_1_refine.png,EXCLUDED_CORRUPT,
SDXL_Refine/SDXL_Refine/id_1885/images_refine/M1_005/sd2_gene_1_refine.png,EXCLUDED_CORRUPT,
SDXL_Refine/SDXL_Refine/id_1885/images_refine/M1_010/sd2_gene_1_refine.png,EXCLUDED_CORRUPT,
SDXL_Refine/SDXL_Refine/id_1885/images_refine/M1_000/sd2_gene_1_refine.png,EXCLUDED_CORRUPT,
SDXL_Refine/SDXL_Refine/id_1885/images_refine/M1_004/sd2_gene_1_refine.png,EXCLUDED_CORRUPT,
SDXL_Refine/SDXL_Refine/id_1885/images_refine/M1_015/sd2_gene_1_refine.png,EXCLUDED_CORRUPT,
SDXL_Refine/SDXL_Refine/id_1885/images_refine/M1_003/sd2_gene_1_refine.png,EXCLUDED_CORRUPT,
SDXL_Refine/SDXL_Refine/id_1885/images_refine/M1_001/sd2_gene_1_refine.png,EXCLUDED_CORRUPT,
SDXL_Refine/SDXL_Refine/id_1885/images_refine/M1_014/sd2_gene_1_refine.png,EXCLUDED_CORRUPT,
SDXL_Refine/SDXL_Refine/id_1885/images_refine/M1_006/sd2_gene_1_refine.png,EXCLUDED_CORRUPT,
SDXL_Refine/SDXL_Refine/id_1885/images_refine/M1_007/sd2_gene_1_refine.png,EXCLUDED_CORRUPT,
SDXL_Refine/SDXL_Refine/id_1885/images_refine/M1_012/sd2_gene_1_refine.png,EXCLUDED_CORRUPT,
SDXL_Refine/SDXL_Refine/id_1885/images_2_refine/M1_011/sd2_gene_1_refine.png,EXCLUDED_CORRUPT,
SDXL_Refine/SDXL_Refine/id_1885/images_2_refine/M1_008/sd2_gene_1_refine.png,EXCLUDED_CORRUPT,
SDXL_Refine/SDXL_Refine/id_1885/images_2_refine/M1_005/sd2_gene_1_refine.png,EXCLUDED_CORRUPT,
SDXL_Refine/SDXL_Refine/id_1885/images_2_refine/M1_010/sd2_gene_1_refine.png,EXCLUDED_CORRUPT,
SDXL_Refine/SDXL_Refine/id_1885/images_2_refine/M1_000/sd2_gene_1_refine.png,EXCLUDED_CORRUPT,
SDXL_Refine/SDXL_Refine/id_1885/images_2_refine/M1_004/sd2_gene_1_refine.png,EXCLUDED_CORRUPT,
SDXL_Refine/SDXL_Refine/id_1885/images_2_refine/M1_015/sd2_gene_1_refine.png,EXCLUDED_CORRUPT,
SDXL_Refine/SDXL_Refine/id_1885/images_2_refine/M1_003/sd2_gene_1_refine.png,EXCLUDED_CORRUPT,
SDXL_Refine/SDXL_Refine/id_1885/images_2_refine/M1_001/sd2_gene_1_refine.png,EXCLUDED_CORRUPT,
SDXL_Refine/SDXL_Refine/id_1885/images_2_refine/M1_014/sd2_gene_1_refine.png,EXCLUDED_CORRUPT,
SDXL_Refine/SDXL_Refine/id_1885/images_2_refine/M1_006/sd2_gene_1_refine.png,EXCLUDED_CORRUPT,
SDXL_Refine/SDXL_Refine/id_1885/images_2_refine/M1_007/sd2_gene_1_refine.png,EXCLUDED_CORRUPT,
SDXL_Refine/SDXL_Refine/id_1885/images_2_refine/M1_012/sd2_gene_1_refine.png,EXCLUDED_CORRUPT,
SDXL_Refine/SDXL_Refine/id_2789/images_3_refine/M1_002/sd2_gene_1_refine.png,EXCLUDED_CORRUPT,
SDXL_Refine/SDXL_Refine/id_2789/images_3_refine/M1_000/sd2_gene_1_refine.png,EXCLUDED_CORRUPT,
SDXL_Refine/SDXL_Refine/id_2789/images_3_refine/M1_003/sd2_gene_1_refine.png,EXCLUDED_CORRUPT,
SDXL_Refine/SDXL_Refine/id_2789/images_3_refine/M1_001/sd2_gene_1_refine.png,EXCLUDED_CORRUPT,
SDXL_Refine/SDXL_Refine/id_2789/images_4_refine/M1_002/sd2_gene_1_refine.png,EXCLUDED_CORRUPT,
SDXL_Refine/SDXL_Refine/id_2789/images_4_refine/M1_000/sd2_gene_1_refine.png,EXCLUDED_CORRUPT,
SDXL_Refine/SDXL_Refine/id_2789/images_4_refine/M1_003/sd2_gene_1_refine.png,EXCLUDED_CORRUPT,
SDXL_Refine/SDXL_Refine/id_2789/images_4_refine/M1_001/sd2_gene_1_refine.png,EXCLUDED_CORRUPT,
SDXL_Refine/SDXL_Refine/id_2789/images_refine/M1_002/sd2_gene_1_refine.png,EXCLUDED_CORRUPT,
SDXL_Refine/SDXL_Refine/id_2789/images_refine/M1_000/sd2_gene_1_refine.png,EXCLUDED_CORRUPT,
SDXL_Refine/SDXL_Refine/id_2789/images_refine/M1_003/sd2_gene_1_refine.png,EXCLUDED_CORRUPT,
SDXL_Refine/SDXL_Refine/id_2789/images_2_refine/M1_002/sd2_gene_1_refine.png,EXCLUDED_CORRUPT,
SDXL_Refine/SDXL_Refine/id_2789/images_2_refine/M1_000/sd2_gene_1_refine.png,EXCLUDED_CORRUPT,
SDXL_Refine/SDXL_Refine/id_2789/images_2_refine/M1_003/sd2_gene_1_refine.png,EXCLUDED_CORRUPT,
SDXL_Refine/SDXL_Refine/id_2789/images_2_refine/M1_001/sd2_gene_1_refine.png,EXCLUDED_CORRUPT,
SDXL_Refine/SDXL_Refine/id_0276/images_3_refine/M1_000/sd2_gene_1_refine.png,EXCLUDED_CORRUPT,
SDXL_Refine/SDXL_Refine/id_0276/images_3_refine/M1_003/sd2_gene_1_refine.png,EXCLUDED_CORRUPT,
SDXL_Refine/SDXL_Refine/id_0276/images_4_refine/M1_002/sd2_gene_1_refine.png,EXCLUDED_CORRUPT,
SDXL_Refine/SDXL_Refine/id_0276/images_4_refine/M1_000/sd2_gene_1_refine.png,EXCLUDED_CORRUPT,
SDXL_Refine/SDXL_Refine/id_0276/images_4_refine/M1_003/sd2_gene_1_refine.png,EXCLUDED_CORRUPT,
SDXL_Refine/SDXL_Refine/id_0276/images_refine/M1_000/sd2_gene_1_refine.png,EXCLUDED_CORRUPT,
SDXL_Refine/SDXL_Refine/id_0276/images_refine/M1_003/sd2_gene_1_refine.png,EXCLUDED_CORRUPT,
SDXL_Refine/SDXL_Refine/id_0276/images_2_refine/M1_000/sd2_gene_1_refine.png,EXCLUDED_CORRUPT,
SDXL_Refine/SDXL_Refine/id_0276/images_2_refine/M1_003/sd2_gene_1_refine.png,EXCLUDED_CORRUPT,
SDXL_Refine/SDXL_Refine/id_1904/images_3_refine/M1_002/sd2_gene_1_refine.png,EXCLUDED_CORRUPT,
SDXL_Refine/SDXL_Refine/id_1904/images_3_refine/M1_000/sd2_gene_1_refine.png,EXCLUDED_CORRUPT,
SDXL_Refine/SDXL_Refine/id_1904/images_3_refine/M1_003/sd2_gene_1_refine.png,EXCLUDED_CORRUPT,
SDXL_Refine/SDXL_Refine/id_1904/images_3_refine/M1_001/sd2_gene_1_refine.png,EXCLUDED_CORRUPT,
SDXL_Refine/SDXL_Refine/id_1904/images_4_refine/M1_002/sd2_gene_1_refine.png,EXCLUDED_CORRUPT,
SDXL_Refine/SDXL_Refine/id_1904/images_4_refine/M1_000/sd2_gene_1_refine.png,EXCLUDED_CORRUPT,
SDXL_Refine/SDXL_Refine/id_1904/images_4_refine/M1_003/sd2_gene_1_refine.png,EXCLUDED_CORRUPT,
SDXL_Refine/SDXL_Refine/id_1904/images_4_refine/M1_001/sd2_gene_1_refine.png,EXCLUDED_CORRUPT,
SDXL_Refine/SDXL_Refine/id_1904/images_refine/M1_002/sd2_gene_1_refine.png,EXCLUDED_CORRUPT,
SDXL_Refine/SDXL_Refine/id_1904/images_refine/M1_000/sd2_gene_1_refine.png,EXCLUDED_CORRUPT,
SDXL_Refine/SDXL_Refine/id_1904/images_refine/M1_003/sd2_gene_1_refine.png,EXCLUDED_CORRUPT,
SDXL_Refine/SDXL_Refine/id_1904/images_refine/M1_001/sd2_gene_1_refine.png,EXCLUDED_CORRUPT,
SDXL_Refine/SDXL_Refine/id_1904/images_2_refine/M1_002/sd2_gene_1_refine.png,EXCLUDED_CORRUPT,
SDXL_Refine/SDXL_Refine/id_1904/images_2_refine/M1_000/sd2_gene_1_refine.png,EXCLUDED_CORRUPT,
SDXL_Refine/SDXL_Refine/id_1904/images_2_refine/M1_003/sd2_gene_1_refine.png,EXCLUDED_CORRUPT,
SDXL_Refine/SDXL_Refine/id_1904/images_2_refine/M1_001/sd2_gene_1_refine.png,EXCLUDED_CORRUPT,
SDXL_Refine/SDXL_Refine/id_2522/images_3_refine/M1_002/sd2_gene_1_refine.png,EXCLUDED_CORRUPT,
SDXL_Refine/SDXL_Refine/id_2522/images_3_refine/M1_000/sd2_gene_1_refine.png,EXCLUDED_CORRUPT,
SDXL_Refine/SDXL_Refine/id_2522/images_3_refine/M1_003/sd2_gene_1_refine.png,EXCLUDED_CORRUPT,
SDXL_Refine/SDXL_Refine/id_2522/images_3_refine/M1_001/sd2_gene_1_refine.png,EXCLUDED_CORRUPT,
SDXL_Refine/SDXL_Refine/id_2522/images_4_refine/M1_002/sd2_gene_1_refine.png,EXCLUDED_CORRUPT,
SDXL_Refine/SDXL_Refine/id_2522/images_4_refine/M1_000/sd2_gene_1_refine.png,EXCLUDED_CORRUPT,
SDXL_Refine/SDXL_Refine/id_2522/images_4_refine/M1_003/sd2_gene_1_refine.png,EXCLUDED_CORRUPT,
SDXL_Refine/SDXL_Refine/id_2522/images_4_refine/M1_001/sd2_gene_1_refine.png,EXCLUDED_CORRUPT,
SDXL_Refine/SDXL_Refine/id_2522/images_refine/M1_002/sd2_gene_1_refine.png,EXCLUDED_CORRUPT,
SDXL_Refine/SDXL_Refine/id_2522/images_refine/M1_000/sd2_gene_1_refine.png,EXCLUDED_CORRUPT,
SDXL_Refine/SDXL_Refine/id_2522/images_refine/M1_003/sd2_gene_1_refine.png,EXCLUDED_CORRUPT,
SDXL_Refine/SDXL_Refine/id_2522/images_refine/M1_001/sd2_gene_1_refine.png,EXCLUDED_CORRUPT,
SDXL_Refine/SDXL_Refine/id_2522/images_2_refine/M1_002/sd2_gene_1_refine.png,EXCLUDED_CORRUPT,
SDXL_Refine/SDXL_Refine/id_2522/images_2_refine/M1_000/sd2_gene_1_refine.png,EXCLUDED_CORRUPT,
SDXL_Refine/SDXL_Refine/id_2522/images_2_refine/M1_003/sd2_gene_1_refine.png,EXCLUDED_CORRUPT,
SDXL_Refine/SDXL_Refine/id_2522/images_2_refine/M1_001/sd2_gene_1_refine.png,EXCLUDED_CORRUPT,
SDXL_Refine/SDXL_Refine/id_2715/images_3_refine/M1_002/sd2_gene_1_refine.png,EXCLUDED_CORRUPT,
SDXL_Refine/SDXL_Refine/id_2715/images_3_refine/M1_000/sd2_gene_1_refine.png,EXCLUDED_CORRUPT,
SDXL_Refine/SDXL_Refine/id_2715/images_3_refine/M1_003/sd2_gene_1_refine.png,EXCLUDED_CORRUPT,
SDXL_Refine/SDXL_Refine/id_2715/images_3_refine/M1_001/sd2_gene_1_refine.png,EXCLUDED_CORRUPT,
SDXL_Refine/SDXL_Refine/id_2715/images_4_refine/M1_002/sd2_gene_1_refine.png,EXCLUDED_CORRUPT,
SDXL_Refine/SDXL_Refine/id_2715/images_4_refine/M1_000/sd2_gene_1_refine.png,EXCLUDED_CORRUPT,
SDXL_Refine/SDXL_Refine/id_2715/images_4_refine/M1_003/sd2_gene_1_refine.png,EXCLUDED_CORRUPT,
SDXL_Refine/SDXL_Refine/id_2715/images_4_refine/M1_001/sd2_gene_1_refine.png,EXCLUDED_CORRUPT,
SDXL_Refine/SDXL_Refine/id_2715/images_refine/M1_002/sd2_gene_1_refine.png,EXCLUDED_CORRUPT,
SDXL_Refine/SDXL_Refine/id_2715/images_refine/M1_000/sd2_gene_1_refine.png,EXCLUDED_CORRUPT,
SDXL_Refine/SDXL_Refine/id_2715/images_refine/M1_003/sd2_gene_1_refine.png,EXCLUDED_CORRUPT,
SDXL_Refine/SDXL_Refine/id_2715/images_refine/M1_001/sd2_gene_1_refine.png,EXCLUDED_CORRUPT,
SDXL_Refine/SDXL_Refine/id_2715/images_2_refine/M1_002/sd2_gene_1_refine.png,EXCLUDED_CORRUPT,
SDXL_Refine/SDXL_Refine/id_2715/images_2_refine/M1_000/sd2_gene_1_refine.png,EXCLUDED_CORRUPT,
SDXL_Refine/SDXL_Refine/id_2715/images_2_refine/M1_003/sd2_gene_1_refine.png,EXCLUDED_CORRUPT,
SDXL_Refine/SDXL_Refine/id_2715/images_2_refine/M1_001/sd2_gene_1_refine.png,EXCLUDED_CORRUPT,
SDXL_Refine/SDXL_Refine/id_1832/images_3_refine/M1_017/sd2_gene_1_refine.png,EXCLUDED_CORRUPT,
SDXL_Refine/SDXL_Refine/id_1832/images_3_refine/M1_011/sd2_gene_1_refine.png,EXCLUDED_CORRUPT,
SDXL_Refine/SDXL_Refine/id_1832/images_3_refine/M1_008/sd2_gene_1_refine.png,EXCLUDED_CORRUPT,
SDXL_Refine/SDXL_Refine/id_1832/images_3_refine/M1_005/sd2_gene_1_refine.png,EXCLUDED_CORRUPT,
SDXL_Refine/SDXL_Refine/id_1832/images_3_refine/M1_002/sd2_gene_1_refine.png,EXCLUDED_CORRUPT,
SDXL_Refine/SDXL_Refine/id_1832/images_3_refine/M1_010/sd2_gene_1_refine.png,EXCLUDED_CORRUPT,
SDXL_Refine/SDXL_Refine/id_1832/images_3_refine/M1_000/sd2_gene_1_refine.png,EXCLUDED_CORRUPT,
SDXL_Refine/SDXL_Refine/id_1832/images_3_refine/M1_019/sd2_gene_1_refine.png,EXCLUDED_CORRUPT,
SDXL_Refine/SDXL_Refine/id_1832/images_3_refine/M1_018/sd2_gene_1_refine.png,EXCLUDED_CORRUPT,
SDXL_Refine/SDXL_Refine/id_1832/images_3_refine/M1_016/sd2_gene_1_refine.png,EXCLUDED_CORRUPT,
SDXL_Refine/SDXL_Refine/id_1832/images_3_refine/M1_009/sd2_gene_1_refine.png,EXCLUDED_CORRUPT,
SDXL_Refine/SDXL_Refine/id_1832/images_3_refine/M1_015/sd2_gene_1_refine.png,EXCLUDED_CORRUPT,
SDXL_Refine/SDXL_Refine/id_1832/images_3_refine/M1_003/sd2_gene_1_refine.png,EXCLUDED_CORRUPT,
SDXL_Refine/SDXL_Refine/id_1832/images_3_refine/M1_001/sd2_gene_1_refine.png,EXCLUDED_CORRUPT,
SDXL_Refine/SDXL_Refine/id_1832/images_3_refine/M1_014/sd2_gene_1_refine.png,EXCLUDED_CORRUPT,
SDXL_Refine/SDXL_Refine/id_1832/images_3_refine/M1_006/sd2_gene_1_refine.png,EXCLUDED_CORRUPT,
SDXL_Refine/SDXL_Refine/id_1832/images_3_refine/M1_007/sd2_gene_1_refine.png,EXCLUDED_CORRUPT,
SDXL_Refine/SDXL_Refine/id_1832/images_3_refine/M1_013/sd2_gene_1_refine.png,EXCLUDED_CORRUPT,
SDXL_Refine/SDXL_Refine/id_1832/images_4_refine/M1_017/sd2_gene_1_refine.png,EXCLUDED_CORRUPT,
SDXL_Refine/SDXL_Refine/id_1832/images_4_refine/M1_011/sd2_gene_1_refine.png,EXCLUDED_CORRUPT,
SDXL_Refine/SDXL_Refine/id_1832/images_4_refine/M1_008/sd2_gene_1_refine.png,EXCLUDED_CORRUPT,
SDXL_Refine/SDXL_Refine/id_1832/images_4_refine/M1_005/sd2_gene_1_refine.png,EXCLUDED_CORRUPT,
SDXL_Refine/SDXL_Refine/id_1832/images_4_refine/M1_002/sd2_gene_1_refine.png,EXCLUDED_CORRUPT,
SDXL_Refine/SDXL_Refine/id_1832/images_4_refine/M1_010/sd2_gene_1_refine.png,EXCLUDED_CORRUPT,
SDXL_Refine/SDXL_Refine/id_1832/images_4_refine/M1_000/sd2_gene_1_refine.png,EXCLUDED_CORRUPT,
SDXL_Refine/SDXL_Refine/id_1832/images_4_refine/M1_019/sd2_gene_1_refine.png,EXCLUDED_CORRUPT,
SDXL_Refine/SDXL_Refine/id_1832/images_4_refine/M1_004/sd2_gene_1_refine.png,EXCLUDED_CORRUPT,
SDXL_Refine/SDXL_Refine/id_1832/images_4_refine/M1_018/sd2_gene_1_refine.png,EXCLUDED_CORRUPT,
SDXL_Refine/SDXL_Refine/id_1832/images_4_refine/M1_016/sd2_gene_1_refine.png,EXCLUDED_CORRUPT,
SDXL_Refine/SDXL_Refine/id_1832/images_4_refine/M1_009/sd2_gene_1_refine.png,EXCLUDED_CORRUPT,
SDXL_Refine/SDXL_Refine/id_1832/images_4_refine/M1_003/sd2_gene_1_refine.png,EXCLUDED_CORRUPT,
SDXL_Refine/SDXL_Refine/id_1832/images_4_refine/M1_001/sd2_gene_1_refine.png,EXCLUDED_CORRUPT,
SDXL_Refine/SDXL_Refine/id_1832/images_4_refine/M1_014/sd2_gene_1_refine.png,EXCLUDED_CORRUPT,
SDXL_Refine/SDXL_Refine/id_1832/images_4_refine/M1_006/sd2_gene_1_refine.png,EXCLUDED_CORRUPT,
SDXL_Refine/SDXL_Refine/id_1832/images_4_refine/M1_012/sd2_gene_1_refine.png,EXCLUDED_CORRUPT,
SDXL_Refine/SDXL_Refine/id_1832/images_4_refine/M1_013/sd2_gene_1_refine.png,EXCLUDED_CORRUPT,
SDXL_Refine/SDXL_Refine/id_1832/images_refine/M1_017/sd2_gene_1_refine.png,EXCLUDED_CORRUPT,
SDXL_Refine/SDXL_Refine/id_1832/images_refine/M1_011/sd2_gene_1_refine.png,EXCLUDED_CORRUPT,
SDXL_Refine/SDXL_Refine/id_1832/images_refine/M1_005/sd2_gene_1_refine.png,EXCLUDED_CORRUPT,
SDXL_Refine/SDXL_Refine/id_1832/images_refine/M1_002/sd2_gene_1_refine.png,EXCLUDED_CORRUPT,
SDXL_Refine/SDXL_Refine/id_1832/images_refine/M1_010/sd2_gene_1_refine.png,EXCLUDED_CORRUPT,
SDXL_Refine/SDXL_Refine/id_1832/images_refine/M1_019/sd2_gene_1_refine.png,EXCLUDED_CORRUPT,
SDXL_Refine/SDXL_Refine/id_1832/images_refine/M1_018/sd2_gene_1_refine.png,EXCLUDED_CORRUPT,
SDXL_Refine/SDXL_Refine/id_1832/images_refine/M1_016/sd2_gene_1_refine.png,EXCLUDED_CORRUPT,
SDXL_Refine/SDXL_Refine/id_1832/images_refine/M1_015/sd2_gene_1_refine.png,EXCLUDED_CORRUPT,
SDXL_Refine/SDXL_Refine/id_1832/images_refine/M1_003/sd2_gene_1_refine.png,EXCLUDED_CORRUPT,
SDXL_Refine/SDXL_Refine/id_1832/images_refine/M1_001/sd2_gene_1_refine.png,EXCLUDED_CORRUPT,
SDXL_Refine/SDXL_Refine/id_1832/images_refine/M1_014/sd2_gene_1_refine.png,EXCLUDED_CORRUPT,
SDXL_Refine/SDXL_Refine/id_1832/images_refine/M1_006/sd2_gene_1_refine.png,EXCLUDED_CORRUPT,
SDXL_Refine/SDXL_Refine/id_1832/images_refine/M1_012/sd2_gene_1_refine.png,EXCLUDED_CORRUPT,
SDXL_Refine/SDXL_Refine/id_1832/images_refine/M1_013/sd2_gene_1_refine.png,EXCLUDED_CORRUPT,
SDXL_Refine/SDXL_Refine/id_1832/images_2_refine/M1_017/sd2_gene_1_refine.png,EXCLUDED_CORRUPT,
SDXL_Refine/SDXL_Refine/id_1832/images_2_refine/M1_011/sd2_gene_1_refine.png,EXCLUDED_CORRUPT,
SDXL_Refine/SDXL_Refine/id_1832/images_2_refine/M1_005/sd2_gene_1_refine.png,EXCLUDED_CORRUPT,
SDXL_Refine/SDXL_Refine/id_1832/images_2_refine/M1_002/sd2_gene_1_refine.png,EXCLUDED_CORRUPT,
SDXL_Refine/SDXL_Refine/id_1832/images_2_refine/M1_010/sd2_gene_1_refine.png,EXCLUDED_CORRUPT,
SDXL_Refine/SDXL_Refine/id_1832/images_2_refine/M1_019/sd2_gene_1_refine.png,EXCLUDED_CORRUPT,
SDXL_Refine/SDXL_Refine/id_1832/images_2_refine/M1_018/sd2_gene_1_refine.png,EXCLUDED_CORRUPT,
SDXL_Refine/SDXL_Refine/id_1832/images_2_refine/M1_016/sd2_gene_1_refine.png,EXCLUDED_CORRUPT,
SDXL_Refine/SDXL_Refine/id_1832/images_2_refine/M1_015/sd2_gene_1_refine.png,EXCLUDED_CORRUPT,
SDXL_Refine/SDXL_Refine/id_1832/images_2_refine/M1_003/sd2_gene_1_refine.png,EXCLUDED_CORRUPT,
SDXL_Refine/SDXL_Refine/id_1832/images_2_refine/M1_001/sd2_gene_1_refine.png,EXCLUDED_CORRUPT,
SDXL_Refine/SDXL_Refine/id_1832/images_2_refine/M1_014/sd2_gene_1_refine.png,EXCLUDED_CORRUPT,
SDXL_Refine/SDXL_Refine/id_1832/images_2_refine/M1_006/sd2_gene_1_refine.png,EXCLUDED_CORRUPT,
SDXL_Refine/SDXL_Refine/id_1832/images_2_refine/M1_013/sd2_gene_1_refine.png,EXCLUDED_CORRUPT,
SDXL_Refine/SDXL_Refine/id_0156/images_3_refine/M1_002/sd2_gene_1_refine.png,EXCLUDED_CORRUPT,
SDXL_Refine/SDXL_Refine/id_0156/images_3_refine/M1_000/sd2_gene_1_refine.png,EXCLUDED_CORRUPT,
SDXL_Refine/SDXL_Refine/id_0156/images_3_refine/M1_003/sd2_gene_1_refine.png,EXCLUDED_CORRUPT,
SDXL_Refine/SDXL_Refine/id_0156/images_3_refine/M1_001/sd2_gene_1_refine.png,EXCLUDED_CORRUPT,
SDXL_Refine/SDXL_Refine/id_0156/images_4_refine/M1_002/sd2_gene_1_refine.png,EXCLUDED_CORRUPT,
SDXL_Refine/SDXL_Refine/id_0156/images_4_refine/M1_000/sd2_gene_1_refine.png,EXCLUDED_CORRUPT,
SDXL_Refine/SDXL_Refine/id_0156/images_4_refine/M1_003/sd2_gene_1_refine.png,EXCLUDED_CORRUPT,
SDXL_Refine/SDXL_Refine/id_0156/images_4_refine/M1_001/sd2_gene_1_refine.png,EXCLUDED_CORRUPT,
SDXL_Refine/SDXL_Refine/id_0156/images_refine/M1_002/sd2_gene_1_refine.png,EXCLUDED_CORRUPT,
SDXL_Refine/SDXL_Refine/id_0156/images_refine/M1_000/sd2_gene_1_refine.png,EXCLUDED_CORRUPT,
SDXL_Refine/SDXL_Refine/id_0156/images_refine/M1_003/sd2_gene_1_refine.png,EXCLUDED_CORRUPT,
SDXL_Refine/SDXL_Refine/id_0156/images_refine/M1_001/sd2_gene_1_refine.png,EXCLUDED_CORRUPT,
SDXL_Refine/SDXL_Refine/id_0156/images_2_refine/M1_002/sd2_gene_1_refine.png,EXCLUDED_CORRUPT,
SDXL_Refine/SDXL_Refine/id_0156/images_2_refine/M1_000/sd2_gene_1_refine.png,EXCLUDED_CORRUPT,
SDXL_Refine/SDXL_Refine/id_0156/images_2_refine/M1_003/sd2_gene_1_refine.png,EXCLUDED_CORRUPT,
SDXL_Refine/SDXL_Refine/id_0156/images_2_refine/M1_001/sd2_gene_1_refine.png,EXCLUDED_CORRUPT,
SDXL_Refine/SDXL_Refine/id_2219/images_3_refine/M1_002/sd2_gene_1_refine.png,EXCLUDED_CORRUPT,
SDXL_Refine/SDXL_Refine/id_2219/images_3_refine/M1_000/sd2_gene_1_refine.png,EXCLUDED_CORRUPT,
SDXL_Refine/SDXL_Refine/id_2219/images_3_refine/M1_003/sd2_gene_1_refine.png,EXCLUDED_CORRUPT,
SDXL_Refine/SDXL_Refine/id_2219/images_3_refine/M1_001/sd2_gene_1_refine.png,EXCLUDED_CORRUPT,
SDXL_Refine/SDXL_Refine/id_2219/images_4_refine/M1_002/sd2_gene_1_refine.png,EXCLUDED_CORRUPT,
SDXL_Refine/SDXL_Refine/id_2219/images_4_refine/M1_000/sd2_gene_1_refine.png,EXCLUDED_CORRUPT,
SDXL_Refine/SDXL_Refine/id_2219/images_4_refine/M1_003/sd2_gene_1_refine.png,EXCLUDED_CORRUPT,
SDXL_Refine/SDXL_Refine/id_2219/images_4_refine/M1_001/sd2_gene_1_refine.png,EXCLUDED_CORRUPT,
SDXL_Refine/SDXL_Refine/id_2219/images_refine/M1_002/sd2_gene_1_refine.png,EXCLUDED_CORRUPT,
SDXL_Refine/SDXL_Refine/id_2219/images_refine/M1_000/sd2_gene_1_refine.png,EXCLUDED_CORRUPT,
SDXL_Refine/SDXL_Refine/id_2219/images_refine/M1_003/sd2_gene_1_refine.png,EXCLUDED_CORRUPT,
SDXL_Refine/SDXL_Refine/id_2219/images_refine/M1_001/sd2_gene_1_refine.png,EXCLUDED_CORRUPT,
SDXL_Refine/SDXL_Refine/id_2219/images_2_refine/M1_002/sd2_gene_1_refine.png,EXCLUDED_CORRUPT,
SDXL_Refine/SDXL_Refine/id_2219/images_2_refine/M1_000/sd2_gene_1_refine.png,EXCLUDED_CORRUPT,
SDXL_Refine/SDXL_Refine/id_2219/images_2_refine/M1_003/sd2_gene_1_refine.png,EXCLUDED_CORRUPT,
SDXL_Refine/SDXL_Refine/id_2219/images_2_refine/M1_001/sd2_gene_1_refine.png,EXCLUDED_CORRUPT,
SDXL_Refine/SDXL_Refine/id_1284/images_3_refine/M1_011/sd2_gene_1_refine.png,EXCLUDED_CORRUPT,
SDXL_Refine/SDXL_Refine/id_1284/images_3_refine/M1_008/sd2_gene_1_refine.png,EXCLUDED_CORRUPT,
SDXL_Refine/SDXL_Refine/id_1284/images_3_refine/M1_005/sd2_gene_1_refine.png,EXCLUDED_CORRUPT,
SDXL_Refine/SDXL_Refine/id_1284/images_3_refine/M1_002/sd2_gene_1_refine.png,EXCLUDED_CORRUPT,
SDXL_Refine/SDXL_Refine/id_1284/images_3_refine/M1_010/sd2_gene_1_refine.png,EXCLUDED_CORRUPT,
SDXL_Refine/SDXL_Refine/id_1284/images_3_refine/M1_000/sd2_gene_1_refine.png,EXCLUDED_CORRUPT,
SDXL_Refine/SDXL_Refine/id_1284/images_3_refine/M1_004/sd2_gene_1_refine.png,EXCLUDED_CORRUPT,
SDXL_Refine/SDXL_Refine/id_1284/images_3_refine/M1_009/sd2_gene_1_refine.png,EXCLUDED_CORRUPT,
SDXL_Refine/SDXL_Refine/id_1284/images_3_refine/M1_015/sd2_gene_1_refine.png,EXCLUDED_CORRUPT,
SDXL_Refine/SDXL_Refine/id_1284/images_3_refine/M1_003/sd2_gene_1_refine.png,EXCLUDED_CORRUPT,
SDXL_Refine/SDXL_Refine/id_1284/images_3_refine/M1_001/sd2_gene_1_refine.png,EXCLUDED_CORRUPT,
SDXL_Refine/SDXL_Refine/id_1284/images_3_refine/M1_014/sd2_gene_1_refine.png,EXCLUDED_CORRUPT,
SDXL_Refine/SDXL_Refine/id_1284/images_3_refine/M1_006/sd2_gene_1_refine.png,EXCLUDED_CORRUPT,
SDXL_Refine/SDXL_Refine/id_1284/images_3_refine/M1_007/sd2_gene_1_refine.png,EXCLUDED_CORRUPT,
SDXL_Refine/SDXL_Refine/id_1284/images_3_refine/M1_012/sd2_gene_1_refine.png,EXCLUDED_CORRUPT,
SDXL_Refine/SDXL_Refine/id_1284/images_3_refine/M1_013/sd2_gene_1_refine.png,EXCLUDED_CORRUPT,
SDXL_Refine/SDXL_Refine/id_1284/images_4_refine/M1_011/sd2_gene_1_refine.png,EXCLUDED_CORRUPT,
SDXL_Refine/SDXL_Refine/id_1284/images_4_refine/M1_008/sd2_gene_1_refine.png,EXCLUDED_CORRUPT,
SDXL_Refine/SDXL_Refine/id_1284/images_4_refine/M1_005/sd2_gene_1_refine.png,EXCLUDED_CORRUPT,
SDXL_Refine/SDXL_Refine/id_1284/images_4_refine/M1_002/sd2_gene_1_refine.png,EXCLUDED_CORRUPT,
SDXL_Refine/SDXL_Refine/id_1284/images_4_refine/M1_010/sd2_gene_1_refine.png,EXCLUDED_CORRUPT,
SDXL_Refine/SDXL_Refine/id_1284/images_4_refine/M1_000/sd2_gene_1_refine.png,EXCLUDED_CORRUPT,
SDXL_Refine/SDXL_Refine/id_1284/images_4_refine/M1_004/sd2_gene_1_refine.png,EXCLUDED_CORRUPT,
SDXL_Refine/SDXL_Refine/id_1284/images_4_refine/M1_009/sd2_gene_1_refine.png,EXCLUDED_CORRUPT,
SDXL_Refine/SDXL_Refine/id_1284/images_4_refine/M1_015/sd2_gene_1_refine.png,EXCLUDED_CORRUPT,
SDXL_Refine/SDXL_Refine/id_1284/images_4_refine/M1_003/sd2_gene_1_refine.png,EXCLUDED_CORRUPT,
SDXL_Refine/SDXL_Refine/id_1284/images_4_refine/M1_001/sd2_gene_1_refine.png,EXCLUDED_CORRUPT,
SDXL_Refine/SDXL_Refine/id_1284/images_4_refine/M1_014/sd2_gene_1_refine.png,EXCLUDED_CORRUPT,
SDXL_Refine/SDXL_Refine/id_1284/images_4_refine/M1_006/sd2_gene_1_refine.png,EXCLUDED_CORRUPT,
SDXL_Refine/SDXL_Refine/id_1284/images_4_refine/M1_007/sd2_gene_1_refine.png,EXCLUDED_CORRUPT,
SDXL_Refine/SDXL_Refine/id_1284/images_4_refine/M1_013/sd2_gene_1_refine.png,EXCLUDED_CORRUPT,
SDXL_Refine/SDXL_Refine/id_1284/images_refine/M1_011/sd2_gene_1_refine.png,EXCLUDED_CORRUPT,
SDXL_Refine/SDXL_Refine/id_1284/images_refine/M1_008/sd2_gene_1_refine.png,EXCLUDED_CORRUPT,
SDXL_Refine/SDXL_Refine/id_1284/images_refine/M1_005/sd2_gene_1_refine.png,EXCLUDED_CORRUPT,
SDXL_Refine/SDXL_Refine/id_1284/images_refine/M1_002/sd2_gene_1_refine.png,EXCLUDED_CORRUPT,
SDXL_Refine/SDXL_Refine/id_1284/images_refine/M1_010/sd2_gene_1_refine.png,EXCLUDED_CORRUPT,
SDXL_Refine/SDXL_Refine/id_1284/images_refine/M1_000/sd2_gene_1_refine.png,EXCLUDED_CORRUPT,
SDXL_Refine/SDXL_Refine/id_1284/images_refine/M1_004/sd2_gene_1_refine.png,EXCLUDED_CORRUPT,
SDXL_Refine/SDXL_Refine/id_1284/images_refine/M1_009/sd2_gene_1_refine.png,EXCLUDED_CORRUPT,
SDXL_Refine/SDXL_Refine/id_1284/images_refine/M1_015/sd2_gene_1_refine.png,EXCLUDED_CORRUPT,
SDXL_Refine/SDXL_Refine/id_1284/images_refine/M1_003/sd2_gene_1_refine.png,EXCLUDED_CORRUPT,
SDXL_Refine/SDXL_Refine/id_1284/images_refine/M1_001/sd2_gene_1_refine.png,EXCLUDED_CORRUPT,
SDXL_Refine/SDXL_Refine/id_1284/images_refine/M1_014/sd2_gene_1_refine.png,EXCLUDED_CORRUPT,
SDXL_Refine/SDXL_Refine/id_1284/images_refine/M1_006/sd2_gene_1_refine.png,EXCLUDED_CORRUPT,
SDXL_Refine/SDXL_Refine/id_1284/images_refine/M1_007/sd2_gene_1_refine.png,EXCLUDED_CORRUPT,
SDXL_Refine/SDXL_Refine/id_1284/images_refine/M1_013/sd2_gene_1_refine.png,EXCLUDED_CORRUPT,
SDXL_Refine/SDXL_Refine/id_1284/images_2_refine/M1_011/sd2_gene_1_refine.png,EXCLUDED_CORRUPT,
SDXL_Refine/SDXL_Refine/id_1284/images_2_refine/M1_008/sd2_gene_1_refine.png,EXCLUDED_CORRUPT,
SDXL_Refine/SDXL_Refine/id_1284/images_2_refine/M1_005/sd2_gene_1_refine.png,EXCLUDED_CORRUPT,
SDXL_Refine/SDXL_Refine/id_1284/images_2_refine/M1_002/sd2_gene_1_refine.png,EXCLUDED_CORRUPT,
SDXL_Refine/SDXL_Refine/id_1284/images_2_refine/M1_010/sd2_gene_1_refine.png,EXCLUDED_CORRUPT,
SDXL_Refine/SDXL_Refine/id_1284/images_2_refine/M1_000/sd2_gene_1_refine.png,EXCLUDED_CORRUPT,
SDXL_Refine/SDXL_Refine/id_1284/images_2_refine/M1_004/sd2_gene_1_refine.png,EXCLUDED_CORRUPT,
SDXL_Refine/SDXL_Refine/id_1284/images_2_refine/M1_009/sd2_gene_1_refine.png,EXCLUDED_CORRUPT,
SDXL_Refine/SDXL_Refine/id_1284/images_2_refine/M1_015/sd2_gene_1_refine.png,EXCLUDED_CORRUPT,
SDXL_Refine/SDXL_Refine/id_1284/images_2_refine/M1_003/sd2_gene_1_refine.png,EXCLUDED_CORRUPT,
SDXL_Refine/SDXL_Refine/id_1284/images_2_refine/M1_001/sd2_gene_1_refine.png,EXCLUDED_CORRUPT,
SDXL_Refine/SDXL_Refine/id_1284/images_2_refine/M1_014/sd2_gene_1_refine.png,EXCLUDED_CORRUPT,
SDXL_Refine/SDXL_Refine/id_1284/images_2_refine/M1_006/sd2_gene_1_refine.png,EXCLUDED_CORRUPT,
SDXL_Refine/SDXL_Refine/id_1284/images_2_refine/M1_007/sd2_gene_1_refine.png,EXCLUDED_CORRUPT,
SDXL_Refine/SDXL_Refine/id_1284/images_2_refine/M1_012/sd2_gene_1_refine.png,EXCLUDED_CORRUPT,
SDXL_Refine/SDXL_Refine/id_1284/images_2_refine/M1_013/sd2_gene_1_refine.png,EXCLUDED_CORRUPT,
SDXL_Refine/SDXL_Refine/id_0190/images_3_refine/M1_005/sd2_gene_1_refine.png,EXCLUDED_CORRUPT,
SDXL_Refine/SDXL_Refine/id_0190/images_3_refine/M1_002/sd2_gene_1_refine.png,EXCLUDED_CORRUPT,
SDXL_Refine/SDXL_Refine/id_0190/images_3_refine/M1_000/sd2_gene_1_refine.png,EXCLUDED_CORRUPT,
SDXL_Refine/SDXL_Refine/id_0190/images_3_refine/M1_004/sd2_gene_1_refine.png,EXCLUDED_CORRUPT,
SDXL_Refine/SDXL_Refine/id_0190/images_3_refine/M1_003/sd2_gene_1_refine.png,EXCLUDED_CORRUPT,
SDXL_Refine/SDXL_Refine/id_0190/images_3_refine/M1_001/sd2_gene_1_refine.png,EXCLUDED_CORRUPT,
SDXL_Refine/SDXL_Refine/id_0190/images_3_refine/M1_006/sd2_gene_1_refine.png,EXCLUDED_CORRUPT,
SDXL_Refine/SDXL_Refine/id_0190/images_3_refine/M1_007/sd2_gene_1_refine.png,EXCLUDED_CORRUPT,
SDXL_Refine/SDXL_Refine/id_0190/images_4_refine/M1_005/sd2_gene_1_refine.png,EXCLUDED_CORRUPT,
SDXL_Refine/SDXL_Refine/id_0190/images_4_refine/M1_002/sd2_gene_1_refine.png,EXCLUDED_CORRUPT,
SDXL_Refine/SDXL_Refine/id_0190/images_4_refine/M1_004/sd2_gene_1_refine.png,EXCLUDED_CORRUPT,
SDXL_Refine/SDXL_Refine/id_0190/images_4_refine/M1_003/sd2_gene_1_refine.png,EXCLUDED_CORRUPT,
SDXL_Refine/SDXL_Refine/id_0190/images_4_refine/M1_001/sd2_gene_1_refine.png,EXCLUDED_CORRUPT,
SDXL_Refine/SDXL_Refine/id_0190/images_4_refine/M1_006/sd2_gene_1_refine.png,EXCLUDED_CORRUPT,
SDXL_Refine/SDXL_Refine/id_0190/images_4_refine/M1_007/sd2_gene_1_refine.png,EXCLUDED_CORRUPT,
SDXL_Refine/SDXL_Refine/id_0190/images_refine/M1_005/sd2_gene_1_refine.png,EXCLUDED_CORRUPT,
SDXL_Refine/SDXL_Refine/id_0190/images_refine/M1_002/sd2_gene_1_refine.png,EXCLUDED_CORRUPT,
SDXL_Refine/SDXL_Refine/id_0190/images_refine/M1_004/sd2_gene_1_refine.png,EXCLUDED_CORRUPT,
SDXL_Refine/SDXL_Refine/id_0190/images_refine/M1_003/sd2_gene_1_refine.png,EXCLUDED_CORRUPT,
SDXL_Refine/SDXL_Refine/id_0190/images_refine/M1_001/sd2_gene_1_refine.png,EXCLUDED_CORRUPT,
SDXL_Refine/SDXL_Refine/id_0190/images_refine/M1_006/sd2_gene_1_refine.png,EXCLUDED_CORRUPT,
SDXL_Refine/SDXL_Refine/id_0190/images_refine/M1_007/sd2_gene_1_refine.png,EXCLUDED_CORRUPT,
SDXL_Refine/SDXL_Refine/id_0190/images_2_refine/M1_005/sd2_gene_1_refine.png,EXCLUDED_CORRUPT,
SDXL_Refine/SDXL_Refine/id_0190/images_2_refine/M1_002/sd2_gene_1_refine.png,EXCLUDED_CORRUPT,
SDXL_Refine/SDXL_Refine/id_0190/images_2_refine/M1_000/sd2_gene_1_refine.png,EXCLUDED_CORRUPT,
SDXL_Refine/SDXL_Refine/id_0190/images_2_refine/M1_004/sd2_gene_1_refine.png,EXCLUDED_CORRUPT,
SDXL_Refine/SDXL_Refine/id_0190/images_2_refine/M1_003/sd2_gene_1_refine.png,EXCLUDED_CORRUPT,
SDXL_Refine/SDXL_Refine/id_0190/images_2_refine/M1_001/sd2_gene_1_refine.png,EXCLUDED_CORRUPT,
SDXL_Refine/SDXL_Refine/id_0190/images_2_refine/M1_006/sd2_gene_1_refine.png,EXCLUDED_CORRUPT,
SDXL_Refine/SDXL_Refine/id_0190/images_2_refine/M1_007/sd2_gene_1_refine.png,EXCLUDED_CORRUPT,
SDXL_Refine/SDXL_Refine/id_2432/images_3_refine/M1_002/sd2_gene_1_refine.png,EXCLUDED_CORRUPT,
SDXL_Refine/SDXL_Refine/id_2432/images_3_refine/M1_000/sd2_gene_1_refine.png,EXCLUDED_CORRUPT,
SDXL_Refine/SDXL_Refine/id_2432/images_3_refine/M1_003/sd2_gene_1_refine.png,EXCLUDED_CORRUPT,
SDXL_Refine/SDXL_Refine/id_2432/images_3_refine/M1_001/sd2_gene_1_refine.png,EXCLUDED_CORRUPT,
SDXL_Refine/SDXL_Refine/id_2432/images_4_refine/M1_002/sd2_gene_1_refine.png,EXCLUDED_CORRUPT,
SDXL_Refine/SDXL_Refine/id_2432/images_4_refine/M1_000/sd2_gene_1_refine.png,EXCLUDED_CORRUPT,
SDXL_Refine/SDXL_Refine/id_2432/images_4_refine/M1_003/sd2_gene_1_refine.png,EXCLUDED_CORRUPT,
SDXL_Refine/SDXL_Refine/id_2432/images_4_refine/M1_001/sd2_gene_1_refine.png,EXCLUDED_CORRUPT,
SDXL_Refine/SDXL_Refine/id_2432/images_refine/M1_002/sd2_gene_1_refine.png,EXCLUDED_CORRUPT,
SDXL_Refine/SDXL_Refine/id_2432/images_refine/M1_000/sd2_gene_1_refine.png,EXCLUDED_CORRUPT,
SDXL_Refine/SDXL_Refine/id_2432/images_refine/M1_003/sd2_gene_1_refine.png,EXCLUDED_CORRUPT,
SDXL_Refine/SDXL_Refine/id_2432/images_refine/M1_001/sd2_gene_1_refine.png,EXCLUDED_CORRUPT,
SDXL_Refine/SDXL_Refine/id_2432/images_2_refine/M1_002/sd2_gene_1_refine.png,EXCLUDED_CORRUPT,
SDXL_Refine/SDXL_Refine/id_2432/images_2_refine/M1_000/sd2_gene_1_refine.png,EXCLUDED_CORRUPT,
SDXL_Refine/SDXL_Refine/id_2432/images_2_refine/M1_003/sd2_gene_1_refine.png,EXCLUDED_CORRUPT,
SDXL_Refine/SDXL_Refine/id_2432/images_2_refine/M1_001/sd2_gene_1_refine.png,EXCLUDED_CORRUPT,
SDXL_Refine/SDXL_Refine/id_2246/images_3_refine/M1_011/sd2_gene_1_refine.png,EXCLUDED_CORRUPT,
SDXL_Refine/SDXL_Refine/id_2246/images_3_refine/M1_008/sd2_gene_1_refine.png,EXCLUDED_CORRUPT,
SDXL_Refine/SDXL_Refine/id_2246/images_3_refine/M1_005/sd2_gene_1_refine.png,EXCLUDED_CORRUPT,
SDXL_Refine/SDXL_Refine/id_2246/images_3_refine/M1_002/sd2_gene_1_refine.png,EXCLUDED_CORRUPT,
SDXL_Refine/SDXL_Refine/id_2246/images_3_refine/M1_000/sd2_gene_1_refine.png,EXCLUDED_CORRUPT,
SDXL_Refine/SDXL_Refine/id_2246/images_3_refine/M1_004/sd2_gene_1_refine.png,EXCLUDED_CORRUPT,
SDXL_Refine/SDXL_Refine/id_2246/images_3_refine/M1_003/sd2_gene_1_refine.png,EXCLUDED_CORRUPT,
SDXL_Refine/SDXL_Refine/id_2246/images_3_refine/M1_001/sd2_gene_1_refine.png,EXCLUDED_CORRUPT,
SDXL_Refine/SDXL_Refine/id_2246/images_3_refine/M1_006/sd2_gene_1_refine.png,EXCLUDED_CORRUPT,
SDXL_Refine/SDXL_Refine/id_2246/images_3_refine/M1_007/sd2_gene_1_refine.png,EXCLUDED_CORRUPT,
SDXL_Refine/SDXL_Refine/id_2246/images_4_refine/M1_011/sd2_gene_1_refine.png,EXCLUDED_CORRUPT,
SDXL_Refine/SDXL_Refine/id_2246/images_4_refine/M1_008/sd2_gene_1_refine.png,EXCLUDED_CORRUPT,
SDXL_Refine/SDXL_Refine/id_2246/images_4_refine/M1_005/sd2_gene_1_refine.png,EXCLUDED_CORRUPT,
SDXL_Refine/SDXL_Refine/id_2246/images_4_refine/M1_002/sd2_gene_1_refine.png,EXCLUDED_CORRUPT,
SDXL_Refine/SDXL_Refine/id_2246/images_4_refine/M1_010/sd2_gene_1_refine.png,EXCLUDED_CORRUPT,
SDXL_Refine/SDXL_Refine/id_2246/images_4_refine/M1_000/sd2_gene_1_refine.png,EXCLUDED_CORRUPT,
SDXL_Refine/SDXL_Refine/id_2246/images_4_refine/M1_004/sd2_gene_1_refine.png,EXCLUDED_CORRUPT,
SDXL_Refine/SDXL_Refine/id_2246/images_4_refine/M1_003/sd2_gene_1_refine.png,EXCLUDED_CORRUPT,
SDXL_Refine/SDXL_Refine/id_2246/images_4_refine/M1_001/sd2_gene_1_refine.png,EXCLUDED_CORRUPT,
SDXL_Refine/SDXL_Refine/id_2246/images_4_refine/M1_006/sd2_gene_1_refine.png,EXCLUDED_CORRUPT,
SDXL_Refine/SDXL_Refine/id_2246/images_4_refine/M1_007/sd2_gene_1_refine.png,EXCLUDED_CORRUPT,
SDXL_Refine/SDXL_Refine/id_2246/images_refine/M1_011/sd2_gene_1_refine.png,EXCLUDED_CORRUPT,
SDXL_Refine/SDXL_Refine/id_2246/images_refine/M1_008/sd2_gene_1_refine.png,EXCLUDED_CORRUPT,
SDXL_Refine/SDXL_Refine/id_2246/images_refine/M1_005/sd2_gene_1_refine.png,EXCLUDED_CORRUPT,
SDXL_Refine/SDXL_Refine/id_2246/images_refine/M1_002/sd2_gene_1_refine.png,EXCLUDED_CORRUPT,
SDXL_Refine/SDXL_Refine/id_2246/images_refine/M1_010/sd2_gene_1_refine.png,EXCLUDED_CORRUPT,
SDXL_Refine/SDXL_Refine/id_2246/images_refine/M1_000/sd2_gene_1_refine.png,EXCLUDED_CORRUPT,
SDXL_Refine/SDXL_Refine/id_2246/images_refine/M1_004/sd2_gene_1_refine.png,EXCLUDED_CORRUPT,
SDXL_Refine/SDXL_Refine/id_2246/images_refine/M1_003/sd2_gene_1_refine.png,EXCLUDED_CORRUPT,
SDXL_Refine/SDXL_Refine/id_2246/images_refine/M1_001/sd2_gene_1_refine.png,EXCLUDED_CORRUPT,
SDXL_Refine/SDXL_Refine/id_2246/images_refine/M1_006/sd2_gene_1_refine.png,EXCLUDED_CORRUPT,
SDXL_Refine/SDXL_Refine/id_2246/images_refine/M1_007/sd2_gene_1_refine.png,EXCLUDED_CORRUPT,
SDXL_Refine/SDXL_Refine/id_2246/images_2_refine/M1_011/sd2_gene_1_refine.png,EXCLUDED_CORRUPT,
SDXL_Refine/SDXL_Refine/id_2246/images_2_refine/M1_008/sd2_gene_1_refine.png,EXCLUDED_CORRUPT,
SDXL_Refine/SDXL_Refine/id_2246/images_2_refine/M1_002/sd2_gene_1_refine.png,EXCLUDED_CORRUPT,
SDXL_Refine/SDXL_Refine/id_2246/images_2_refine/M1_000/sd2_gene_1_refine.png,EXCLUDED_CORRUPT,
SDXL_Refine/SDXL_Refine/id_2246/images_2_refine/M1_004/sd2_gene_1_refine.png,EXCLUDED_CORRUPT,
SDXL_Refine/SDXL_Refine/id_2246/images_2_refine/M1_003/sd2_gene_1_refine.png,EXCLUDED_CORRUPT,
SDXL_Refine/SDXL_Refine/id_2246/images_2_refine/M1_001/sd2_gene_1_refine.png,EXCLUDED_CORRUPT,
SDXL_Refine/SDXL_Refine/id_2246/images_2_refine/M1_006/sd2_gene_1_refine.png,EXCLUDED_CORRUPT,
SDXL_Refine/SDXL_Refine/id_2246/images_2_refine/M1_007/sd2_gene_1_refine.png,EXCLUDED_CORRUPT,
SDXL_Refine/SDXL_Refine/id_1640/images_3_refine/M1_002/sd2_gene_1_refine.png,EXCLUDED_CORRUPT,
SDXL_Refine/SDXL_Refine/id_1640/images_3_refine/M1_000/sd2_gene_1_refine.png,EXCLUDED_CORRUPT,
SDXL_Refine/SDXL_Refine/id_1640/images_3_refine/M1_003/sd2_gene_1_refine.png,EXCLUDED_CORRUPT,
SDXL_Refine/SDXL_Refine/id_1640/images_3_refine/M1_001/sd2_gene_1_refine.png,EXCLUDED_CORRUPT,
SDXL_Refine/SDXL_Refine/id_1640/images_4_refine/M1_002/sd2_gene_1_refine.png,EXCLUDED_CORRUPT,
SDXL_Refine/SDXL_Refine/id_1640/images_4_refine/M1_000/sd2_gene_1_refine.png,EXCLUDED_CORRUPT,
SDXL_Refine/SDXL_Refine/id_1640/images_4_refine/M1_003/sd2_gene_1_refine.png,EXCLUDED_CORRUPT,
SDXL_Refine/SDXL_Refine/id_1640/images_4_refine/M1_001/sd2_gene_1_refine.png,EXCLUDED_CORRUPT,
SDXL_Refine/SDXL_Refine/id_1640/images_refine/M1_002/sd2_gene_1_refine.png,EXCLUDED_CORRUPT,
SDXL_Refine/SDXL_Refine/id_1640/images_refine/M1_000/sd2_gene_1_refine.png,EXCLUDED_CORRUPT,
SDXL_Refine/SDXL_Refine/id_1640/images_refine/M1_001/sd2_gene_1_refine.png,EXCLUDED_CORRUPT,
SDXL_Refine/SDXL_Refine/id_1640/images_2_refine/M1_002/sd2_gene_1_refine.png,EXCLUDED_CORRUPT,
SDXL_Refine/SDXL_Refine/id_1640/images_2_refine/M1_000/sd2_gene_1_refine.png,EXCLUDED_CORRUPT,
SDXL_Refine/SDXL_Refine/id_1640/images_2_refine/M1_003/sd2_gene_1_refine.png,EXCLUDED_CORRUPT,
SDXL_Refine/SDXL_Refine/id_1640/images_2_refine/M1_001/sd2_gene_1_refine.png,EXCLUDED_CORRUPT,
SDXL_Refine/SDXL_Refine/id_2302/images_3_refine/M1_005/sd2_gene_1_refine.png,EXCLUDED_CORRUPT,
SDXL_Refine/SDXL_Refine/id_2302/images_3_refine/M1_002/sd2_gene_1_refine.png,EXCLUDED_CORRUPT,
SDXL_Refine/SDXL_Refine/id_2302/images_3_refine/M1_000/sd2_gene_1_refine.png,EXCLUDED_CORRUPT,
SDXL_Refine/SDXL_Refine/id_2302/images_3_refine/M1_004/sd2_gene_1_refine.png,EXCLUDED_CORRUPT,
SDXL_Refine/SDXL_Refine/id_2302/images_3_refine/M1_003/sd2_gene_1_refine.png,EXCLUDED_CORRUPT,
SDXL_Refine/SDXL_Refine/id_2302/images_3_refine/M1_001/sd2_gene_1_refine.png,EXCLUDED_CORRUPT,
SDXL_Refine/SDXL_Refine/id_2302/images_3_refine/M1_006/sd2_gene_1_refine.png,EXCLUDED_CORRUPT,
SDXL_Refine/SDXL_Refine/id_2302/images_3_refine/M1_007/sd2_gene_1_refine.png,EXCLUDED_CORRUPT,
SDXL_Refine/SDXL_Refine/id_2302/images_4_refine/M1_005/sd2_gene_1_refine.png,EXCLUDED_CORRUPT,
SDXL_Refine/SDXL_Refine/id_2302/images_4_refine/M1_002/sd2_gene_1_refine.png,EXCLUDED_CORRUPT,
SDXL_Refine/SDXL_Refine/id_2302/images_4_refine/M1_000/sd2_gene_1_refine.png,EXCLUDED_CORRUPT,
SDXL_Refine/SDXL_Refine/id_2302/images_4_refine/M1_004/sd2_gene_1_refine.png,EXCLUDED_CORRUPT,
SDXL_Refine/SDXL_Refine/id_2302/images_4_refine/M1_003/sd2_gene_1_refine.png,EXCLUDED_CORRUPT,
SDXL_Refine/SDXL_Refine/id_2302/images_4_refine/M1_001/sd2_gene_1_refine.png,EXCLUDED_CORRUPT,
SDXL_Refine/SDXL_Refine/id_2302/images_4_refine/M1_007/sd2_gene_1_refine.png,EXCLUDED_CORRUPT,
SDXL_Refine/SDXL_Refine/id_2302/images_refine/M1_005/sd2_gene_1_refine.png,EXCLUDED_CORRUPT,
SDXL_Refine/SDXL_Refine/id_2302/images_refine/M1_002/sd2_gene_1_refine.png,EXCLUDED_CORRUPT,
SDXL_Refine/SDXL_Refine/id_2302/images_refine/M1_000/sd2_gene_1_refine.png,EXCLUDED_CORRUPT,
SDXL_Refine/SDXL_Refine/id_2302/images_refine/M1_004/sd2_gene_1_refine.png,EXCLUDED_CORRUPT,
SDXL_Refine/SDXL_Refine/id_2302/images_refine/M1_003/sd2_gene_1_refine.png,EXCLUDED_CORRUPT,
SDXL_Refine/SDXL_Refine/id_2302/images_refine/M1_001/sd2_gene_1_refine.png,EXCLUDED_CORRUPT,
SDXL_Refine/SDXL_Refine/id_2302/images_refine/M1_006/sd2_gene_1_refine.png,EXCLUDED_CORRUPT,
SDXL_Refine/SDXL_Refine/id_2302/images_refine/M1_007/sd2_gene_1_refine.png,EXCLUDED_CORRUPT,
SDXL_Refine/SDXL_Refine/id_2302/images_2_refine/M1_005/sd2_gene_1_refine.png,EXCLUDED_CORRUPT,
SDXL_Refine/SDXL_Refine/id_2302/images_2_refine/M1_002/sd2_gene_1_refine.png,EXCLUDED_CORRUPT,
SDXL_Refine/SDXL_Refine/id_2302/images_2_refine/M1_000/sd2_gene_1_refine.png,EXCLUDED_CORRUPT,
SDXL_Refine/SDXL_Refine/id_2302/images_2_refine/M1_004/sd2_gene_1_refine.png,EXCLUDED_CORRUPT,
SDXL_Refine/SDXL_Refine/id_2302/images_2_refine/M1_003/sd2_gene_1_refine.png,EXCLUDED_CORRUPT,
SDXL_Refine/SDXL_Refine/id_2302/images_2_refine/M1_001/sd2_gene_1_refine.png,EXCLUDED_CORRUPT,
SDXL_Refine/SDXL_Refine/id_2302/images_2_refine/M1_006/sd2_gene_1_refine.png,EXCLUDED_CORRUPT,
SDXL_Refine/SDXL_Refine/id_2302/images_2_refine/M1_007/sd2_gene_1_refine.png,EXCLUDED_CORRUPT,
SDXL_Refine/SDXL_Refine/id_2044/images_3_refine/M1_002/sd2_gene_1_refine.png,EXCLUDED_CORRUPT,
SDXL_Refine/SDXL_Refine/id_2044/images_3_refine/M1_000/sd2_gene_1_refine.png,EXCLUDED_CORRUPT,
SDXL_Refine/SDXL_Refine/id_2044/images_3_refine/M1_003/sd2_gene_1_refine.png,EXCLUDED_CORRUPT,
SDXL_Refine/SDXL_Refine/id_2044/images_3_refine/M1_001/sd2_gene_1_refine.png,EXCLUDED_CORRUPT,
SDXL_Refine/SDXL_Refine/id_2044/images_4_refine/M1_002/sd2_gene_1_refine.png,EXCLUDED_CORRUPT,
SDXL_Refine/SDXL_Refine/id_2044/images_4_refine/M1_000/sd2_gene_1_refine.png,EXCLUDED_CORRUPT,
SDXL_Refine/SDXL_Refine/id_2044/images_4_refine/M1_003/sd2_gene_1_refine.png,EXCLUDED_CORRUPT,
SDXL_Refine/SDXL_Refine/id_2044/images_4_refine/M1_001/sd2_gene_1_refine.png,EXCLUDED_CORRUPT,
SDXL_Refine/SDXL_Refine/id_2044/images_refine/M1_002/sd2_gene_1_refine.png,EXCLUDED_CORRUPT,
SDXL_Refine/SDXL_Refine/id_2044/images_refine/M1_000/sd2_gene_1_refine.png,EXCLUDED_CORRUPT,
SDXL_Refine/SDXL_Refine/id_2044/images_refine/M1_003/sd2_gene_1_refine.png,EXCLUDED_CORRUPT,
SDXL_Refine/SDXL_Refine/id_2044/images_refine/M1_001/sd2_gene_1_refine.png,EXCLUDED_CORRUPT,
SDXL_Refine/SDXL_Refine/id_2044/images_2_refine/M1_002/sd2_gene_1_refine.png,EXCLUDED_CORRUPT,
SDXL_Refine/SDXL_Refine/id_2044/images_2_refine/M1_000/sd2_gene_1_refine.png,EXCLUDED_CORRUPT,
SDXL_Refine/SDXL_Refine/id_2044/images_2_refine/M1_003/sd2_gene_1_refine.png,EXCLUDED_CORRUPT,
SDXL_Refine/SDXL_Refine/id_2044/images_2_refine/M1_001/sd2_gene_1_refine.png,EXCLUDED_CORRUPT,
SDXL_Refine/SDXL_Refine/id_2505/images_3_refine/M1_017/sd2_gene_1_refine.png,EXCLUDED_CORRUPT,
SDXL_Refine/SDXL_Refine/id_2505/images_3_refine/M1_011/sd2_gene_1_refine.png,EXCLUDED_CORRUPT,
SDXL_Refine/SDXL_Refine/id_2505/images_3_refine/M1_008/sd2_gene_1_refine.png,EXCLUDED_CORRUPT,
SDXL_Refine/SDXL_Refine/id_2505/images_3_refine/M1_005/sd2_gene_1_refine.png,EXCLUDED_CORRUPT,
SDXL_Refine/SDXL_Refine/id_2505/images_3_refine/M1_002/sd2_gene_1_refine.png,EXCLUDED_CORRUPT,
SDXL_Refine/SDXL_Refine/id_2505/images_3_refine/M1_010/sd2_gene_1_refine.png,EXCLUDED_CORRUPT,
SDXL_Refine/SDXL_Refine/id_2505/images_3_refine/M1_023/sd2_gene_1_refine.png,EXCLUDED_CORRUPT,
SDXL_Refine/SDXL_Refine/id_2505/images_3_refine/M1_000/sd2_gene_1_refine.png,EXCLUDED_CORRUPT,
SDXL_Refine/SDXL_Refine/id_2505/images_3_refine/M1_019/sd2_gene_1_refine.png,EXCLUDED_CORRUPT,
SDXL_Refine/SDXL_Refine/id_2505/images_3_refine/M1_004/sd2_gene_1_refine.png,EXCLUDED_CORRUPT,
SDXL_Refine/SDXL_Refine/id_2505/images_3_refine/M1_018/sd2_gene_1_refine.png,EXCLUDED_CORRUPT,
SDXL_Refine/SDXL_Refine/id_2505/images_3_refine/M1_016/sd2_gene_1_refine.png,EXCLUDED_CORRUPT,
SDXL_Refine/SDXL_Refine/id_2505/images_3_refine/M1_009/sd2_gene_1_refine.png,EXCLUDED_CORRUPT,
SDXL_Refine/SDXL_Refine/id_2505/images_3_refine/M1_022/sd2_gene_1_refine.png,EXCLUDED_CORRUPT,
SDXL_Refine/SDXL_Refine/id_2505/images_3_refine/M1_015/sd2_gene_1_refine.png,EXCLUDED_CORRUPT,
SDXL_Refine/SDXL_Refine/id_2505/images_3_refine/M1_021/sd2_gene_1_refine.png,EXCLUDED_CORRUPT,
SDXL_Refine/SDXL_Refine/id_2505/images_3_refine/M1_003/sd2_gene_1_refine.png,EXCLUDED_CORRUPT,
SDXL_Refine/SDXL_Refine/id_2505/images_3_refine/M1_001/sd2_gene_1_refine.png,EXCLUDED_CORRUPT,
SDXL_Refine/SDXL_Refine/id_2505/images_3_refine/M1_020/sd2_gene_1_refine.png,EXCLUDED_CORRUPT,
SDXL_Refine/SDXL_Refine/id_2505/images_3_refine/M1_014/sd2_gene_1_refine.png,EXCLUDED_CORRUPT,
SDXL_Refine/SDXL_Refine/id_2505/images_3_refine/M1_006/sd2_gene_1_refine.png,EXCLUDED_CORRUPT,
SDXL_Refine/SDXL_Refine/id_2505/images_3_refine/M1_007/sd2_gene_1_refine.png,EXCLUDED_CORRUPT,
SDXL_Refine/SDXL_Refine/id_2505/images_3_refine/M1_012/sd2_gene_1_refine.png,EXCLUDED_CORRUPT,
SDXL_Refine/SDXL_Refine/id_2505/images_3_refine/M1_013/sd2_gene_1_refine.png,EXCLUDED_CORRUPT,
SDXL_Refine/SDXL_Refine/id_2505/images_4_refine/M1_017/sd2_gene_1_refine.png,EXCLUDED_CORRUPT,
SDXL_Refine/SDXL_Refine/id_2505/images_4_refine/M1_011/sd2_gene_1_refine.png,EXCLUDED_CORRUPT,
SDXL_Refine/SDXL_Refine/id_2505/images_4_refine/M1_008/sd2_gene_1_refine.png,EXCLUDED_CORRUPT,
SDXL_Refine/SDXL_Refine/id_2505/images_4_refine/M1_005/sd2_gene_1_refine.png,EXCLUDED_CORRUPT,
SDXL_Refine/SDXL_Refine/id_2505/images_4_refine/M1_002/sd2_gene_1_refine.png,EXCLUDED_CORRUPT,
SDXL_Refine/SDXL_Refine/id_2505/images_4_refine/M1_010/sd2_gene_1_refine.png,EXCLUDED_CORRUPT,
SDXL_Refine/SDXL_Refine/id_2505/images_4_refine/M1_023/sd2_gene_1_refine.png,EXCLUDED_CORRUPT,
SDXL_Refine/SDXL_Refine/id_2505/images_4_refine/M1_000/sd2_gene_1_refine.png,EXCLUDED_CORRUPT,
SDXL_Refine/SDXL_Refine/id_2505/images_4_refine/M1_019/sd2_gene_1_refine.png,EXCLUDED_CORRUPT,
SDXL_Refine/SDXL_Refine/id_2505/images_4_refine/M1_004/sd2_gene_1_refine.png,EXCLUDED_CORRUPT,
SDXL_Refine/SDXL_Refine/id_2505/images_4_refine/M1_018/sd2_gene_1_refine.png,EXCLUDED_CORRUPT,
SDXL_Refine/SDXL_Refine/id_2505/images_4_refine/M1_016/sd2_gene_1_refine.png,EXCLUDED_CORRUPT,
SDXL_Refine/SDXL_Refine/id_2505/images_4_refine/M1_009/sd2_gene_1_refine.png,EXCLUDED_CORRUPT,
SDXL_Refine/SDXL_Refine/id_2505/images_4_refine/M1_022/sd2_gene_1_refine.png,EXCLUDED_CORRUPT,
SDXL_Refine/SDXL_Refine/id_2505/images_4_refine/M1_015/sd2_gene_1_refine.png,EXCLUDED_CORRUPT,
SDXL_Refine/SDXL_Refine/id_2505/images_4_refine/M1_021/sd2_gene_1_refine.png,EXCLUDED_CORRUPT,
SDXL_Refine/SDXL_Refine/id_2505/images_4_refine/M1_003/sd2_gene_1_refine.png,EXCLUDED_CORRUPT,
SDXL_Refine/SDXL_Refine/id_2505/images_4_refine/M1_001/sd2_gene_1_refine.png,EXCLUDED_CORRUPT,
SDXL_Refine/SDXL_Refine/id_2505/images_4_refine/M1_020/sd2_gene_1_refine.png,EXCLUDED_CORRUPT,
SDXL_Refine/SDXL_Refine/id_2505/images_4_refine/M1_014/sd2_gene_1_refine.png,EXCLUDED_CORRUPT,
SDXL_Refine/SDXL_Refine/id_2505/images_4_refine/M1_006/sd2_gene_1_refine.png,EXCLUDED_CORRUPT,
SDXL_Refine/SDXL_Refine/id_2505/images_4_refine/M1_007/sd2_gene_1_refine.png,EXCLUDED_CORRUPT,
SDXL_Refine/SDXL_Refine/id_2505/images_4_refine/M1_012/sd2_gene_1_refine.png,EXCLUDED_CORRUPT,
SDXL_Refine/SDXL_Refine/id_2505/images_4_refine/M1_013/sd2_gene_1_refine.png,EXCLUDED_CORRUPT,
SDXL_Refine/SDXL_Refine/id_2505/images_refine/M1_017/sd2_gene_1_refine.png,EXCLUDED_CORRUPT,
SDXL_Refine/SDXL_Refine/id_2505/images_refine/M1_011/sd2_gene_1_refine.png,EXCLUDED_CORRUPT,
SDXL_Refine/SDXL_Refine/id_2505/images_refine/M1_008/sd2_gene_1_refine.png,EXCLUDED_CORRUPT,
SDXL_Refine/SDXL_Refine/id_2505/images_refine/M1_005/sd2_gene_1_refine.png,EXCLUDED_CORRUPT,
SDXL_Refine/SDXL_Refine/id_2505/images_refine/M1_002/sd2_gene_1_refine.png,EXCLUDED_CORRUPT,
SDXL_Refine/SDXL_Refine/id_2505/images_refine/M1_010/sd2_gene_1_refine.png,EXCLUDED_CORRUPT,
SDXL_Refine/SDXL_Refine/id_2505/images_refine/M1_023/sd2_gene_1_refine.png,EXCLUDED_CORRUPT,
SDXL_Refine/SDXL_Refine/id_2505/images_refine/M1_000/sd2_gene_1_refine.png,EXCLUDED_CORRUPT,
SDXL_Refine/SDXL_Refine/id_2505/images_refine/M1_019/sd2_gene_1_refine.png,EXCLUDED_CORRUPT,
SDXL_Refine/SDXL_Refine/id_2505/images_refine/M1_004/sd2_gene_1_refine.png,EXCLUDED_CORRUPT,
SDXL_Refine/SDXL_Refine/id_2505/images_refine/M1_018/sd2_gene_1_refine.png,EXCLUDED_CORRUPT,
SDXL_Refine/SDXL_Refine/id_2505/images_refine/M1_016/sd2_gene_1_refine.png,EXCLUDED_CORRUPT,
SDXL_Refine/SDXL_Refine/id_2505/images_refine/M1_009/sd2_gene_1_refine.png,EXCLUDED_CORRUPT,
SDXL_Refine/SDXL_Refine/id_2505/images_refine/M1_022/sd2_gene_1_refine.png,EXCLUDED_CORRUPT,
SDXL_Refine/SDXL_Refine/id_2505/images_refine/M1_015/sd2_gene_1_refine.png,EXCLUDED_CORRUPT,
SDXL_Refine/SDXL_Refine/id_2505/images_refine/M1_021/sd2_gene_1_refine.png,EXCLUDED_CORRUPT,
SDXL_Refine/SDXL_Refine/id_2505/images_refine/M1_003/sd2_gene_1_refine.png,EXCLUDED_CORRUPT,
SDXL_Refine/SDXL_Refine/id_2505/images_refine/M1_001/sd2_gene_1_refine.png,EXCLUDED_CORRUPT,
SDXL_Refine/SDXL_Refine/id_2505/images_refine/M1_020/sd2_gene_1_refine.png,EXCLUDED_CORRUPT,
SDXL_Refine/SDXL_Refine/id_2505/images_refine/M1_014/sd2_gene_1_refine.png,EXCLUDED_CORRUPT,
SDXL_Refine/SDXL_Refine/id_2505/images_refine/M1_006/sd2_gene_1_refine.png,EXCLUDED_CORRUPT,
SDXL_Refine/SDXL_Refine/id_2505/images_refine/M1_007/sd2_gene_1_refine.png,EXCLUDED_CORRUPT,
SDXL_Refine/SDXL_Refine/id_2505/images_refine/M1_012/sd2_gene_1_refine.png,EXCLUDED_CORRUPT,
SDXL_Refine/SDXL_Refine/id_2505/images_refine/M1_013/sd2_gene_1_refine.png,EXCLUDED_CORRUPT,
SDXL_Refine/SDXL_Refine/id_2505/images_2_refine/M1_017/sd2_gene_1_refine.png,EXCLUDED_CORRUPT,
SDXL_Refine/SDXL_Refine/id_2505/images_2_refine/M1_011/sd2_gene_1_refine.png,EXCLUDED_CORRUPT,
SDXL_Refine/SDXL_Refine/id_2505/images_2_refine/M1_008/sd2_gene_1_refine.png,EXCLUDED_CORRUPT,
SDXL_Refine/SDXL_Refine/id_2505/images_2_refine/M1_005/sd2_gene_1_refine.png,EXCLUDED_CORRUPT,
SDXL_Refine/SDXL_Refine/id_2505/images_2_refine/M1_002/sd2_gene_1_refine.png,EXCLUDED_CORRUPT,
SDXL_Refine/SDXL_Refine/id_2505/images_2_refine/M1_010/sd2_gene_1_refine.png,EXCLUDED_CORRUPT,
SDXL_Refine/SDXL_Refine/id_2505/images_2_refine/M1_023/sd2_gene_1_refine.png,EXCLUDED_CORRUPT,
SDXL_Refine/SDXL_Refine/id_2505/images_2_refine/M1_000/sd2_gene_1_refine.png,EXCLUDED_CORRUPT,
SDXL_Refine/SDXL_Refine/id_2505/images_2_refine/M1_019/sd2_gene_1_refine.png,EXCLUDED_CORRUPT,
SDXL_Refine/SDXL_Refine/id_2505/images_2_refine/M1_004/sd2_gene_1_refine.png,EXCLUDED_CORRUPT,
SDXL_Refine/SDXL_Refine/id_2505/images_2_refine/M1_018/sd2_gene_1_refine.png,EXCLUDED_CORRUPT,
SDXL_Refine/SDXL_Refine/id_2505/images_2_refine/M1_016/sd2_gene_1_refine.png,EXCLUDED_CORRUPT,
SDXL_Refine/SDXL_Refine/id_2505/images_2_refine/M1_009/sd2_gene_1_refine.png,EXCLUDED_CORRUPT,
SDXL_Refine/SDXL_Refine/id_2505/images_2_refine/M1_022/sd2_gene_1_refine.png,EXCLUDED_CORRUPT,
SDXL_Refine/SDXL_Refine/id_2505/images_2_refine/M1_015/sd2_gene_1_refine.png,EXCLUDED_CORRUPT,
SDXL_Refine/SDXL_Refine/id_2505/images_2_refine/M1_021/sd2_gene_1_refine.png,EXCLUDED_CORRUPT,
SDXL_Refine/SDXL_Refine/id_2505/images_2_refine/M1_003/sd2_gene_1_refine.png,EXCLUDED_CORRUPT,
SDXL_Refine/SDXL_Refine/id_2505/images_2_refine/M1_001/sd2_gene_1_refine.png,EXCLUDED_CORRUPT,
SDXL_Refine/SDXL_Refine/id_2505/images_2_refine/M1_020/sd2_gene_1_refine.png,EXCLUDED_CORRUPT,
SDXL_Refine/SDXL_Refine/id_2505/images_2_refine/M1_014/sd2_gene_1_refine.png,EXCLUDED_CORRUPT,
SDXL_Refine/SDXL_Refine/id_2505/images_2_refine/M1_006/sd2_gene_1_refine.png,EXCLUDED_CORRUPT,
SDXL_Refine/SDXL_Refine/id_2505/images_2_refine/M1_007/sd2_gene_1_refine.png,EXCLUDED_CORRUPT,
SDXL_Refine/SDXL_Refine/id_2505/images_2_refine/M1_012/sd2_gene_1_refine.png,EXCLUDED_CORRUPT,
SDXL_Refine/SDXL_Refine/id_2505/images_2_refine/M1_013/sd2_gene_1_refine.png,EXCLUDED_CORRUPT,
SDXL_Refine/SDXL_Refine/id_0074/images_3_refine/M1_002/sd2_gene_1_refine.png,EXCLUDED_CORRUPT,
SDXL_Refine/SDXL_Refine/id_0074/images_3_refine/M1_003/sd2_gene_1_refine.png,EXCLUDED_CORRUPT,
SDXL_Refine/SDXL_Refine/id_0074/images_3_refine/M1_001/sd2_gene_1_refine.png,EXCLUDED_CORRUPT,
SDXL_Refine/SDXL_Refine/id_0074/images_4_refine/M1_002/sd2_gene_1_refine.png,EXCLUDED_CORRUPT,
SDXL_Refine/SDXL_Refine/id_0074/images_4_refine/M1_000/sd2_gene_1_refine.png,EXCLUDED_CORRUPT,
SDXL_Refine/SDXL_Refine/id_0074/images_4_refine/M1_003/sd2_gene_1_refine.png,EXCLUDED_CORRUPT,
SDXL_Refine/SDXL_Refine/id_0074/images_4_refine/M1_001/sd2_gene_1_refine.png,EXCLUDED_CORRUPT,
SDXL_Refine/SDXL_Refine/id_0074/images_refine/M1_002/sd2_gene_1_refine.png,EXCLUDED_CORRUPT,
SDXL_Refine/SDXL_Refine/id_0074/images_refine/M1_000/sd2_gene_1_refine.png,EXCLUDED_CORRUPT,
SDXL_Refine/SDXL_Refine/id_0074/images_refine/M1_003/sd2_gene_1_refine.png,EXCLUDED_CORRUPT,
SDXL_Refine/SDXL_Refine/id_0074/images_refine/M1_001/sd2_gene_1_refine.png,EXCLUDED_CORRUPT,
SDXL_Refine/SDXL_Refine/id_0074/images_2_refine/M1_002/sd2_gene_1_refine.png,EXCLUDED_CORRUPT,
SDXL_Refine/SDXL_Refine/id_0074/images_2_refine/M1_000/sd2_gene_1_refine.png,EXCLUDED_CORRUPT,
SDXL_Refine/SDXL_Refine/id_0074/images_2_refine/M1_003/sd2_gene_1_refine.png,EXCLUDED_CORRUPT,
SDXL_Refine/SDXL_Refine/id_0074/images_2_refine/M1_001/sd2_gene_1_refine.png,EXCLUDED_CORRUPT,
SDXL_Refine/SDXL_Refine/id_1292/images_3_refine/M1_002/sd2_gene_1_refine.png,EXCLUDED_CORRUPT,
SDXL_Refine/SDXL_Refine/id_1292/images_3_refine/M1_000/sd2_gene_1_refine.png,EXCLUDED_CORRUPT,
SDXL_Refine/SDXL_Refine/id_1292/images_3_refine/M1_003/sd2_gene_1_refine.png,EXCLUDED_CORRUPT,
SDXL_Refine/SDXL_Refine/id_1292/images_3_refine/M1_001/sd2_gene_1_refine.png,EXCLUDED_CORRUPT,
SDXL_Refine/SDXL_Refine/id_1292/images_4_refine/M1_002/sd2_gene_1_refine.png,EXCLUDED_CORRUPT,
SDXL_Refine/SDXL_Refine/id_1292/images_4_refine/M1_000/sd2_gene_1_refine.png,EXCLUDED_CORRUPT,
SDXL_Refine/SDXL_Refine/id_1292/images_4_refine/M1_003/sd2_gene_1_refine.png,EXCLUDED_CORRUPT,
SDXL_Refine/SDXL_Refine/id_1292/images_4_refine/M1_001/sd2_gene_1_refine.png,EXCLUDED_CORRUPT,
SDXL_Refine/SDXL_Refine/id_1292/images_refine/M1_002/sd2_gene_1_refine.png,EXCLUDED_CORRUPT,
SDXL_Refine/SDXL_Refine/id_1292/images_refine/M1_000/sd2_gene_1_refine.png,EXCLUDED_CORRUPT,
SDXL_Refine/SDXL_Refine/id_1292/images_refine/M1_003/sd2_gene_1_refine.png,EXCLUDED_CORRUPT,
SDXL_Refine/SDXL_Refine/id_1292/images_refine/M1_001/sd2_gene_1_refine.png,EXCLUDED_CORRUPT,
SDXL_Refine/SDXL_Refine/id_1292/images_2_refine/M1_002/sd2_gene_1_refine.png,EXCLUDED_CORRUPT,
SDXL_Refine/SDXL_Refine/id_1292/images_2_refine/M1_000/sd2_gene_1_refine.png,EXCLUDED_CORRUPT,
SDXL_Refine/SDXL_Refine/id_1292/images_2_refine/M1_003/sd2_gene_1_refine.png,EXCLUDED_CORRUPT,
SDXL_Refine/SDXL_Refine/id_1292/images_2_refine/M1_001/sd2_gene_1_refine.png,EXCLUDED_CORRUPT,
SDXL_Refine/SDXL_Refine/id_2628/images_3_refine/M1_005/sd2_gene_1_refine.png,EXCLUDED_CORRUPT,
SDXL_Refine/SDXL_Refine/id_2628/images_3_refine/M1_002/sd2_gene_1_refine.png,EXCLUDED_CORRUPT,
SDXL_Refine/SDXL_Refine/id_2628/images_3_refine/M1_000/sd2_gene_1_refine.png,EXCLUDED_CORRUPT,
SDXL_Refine/SDXL_Refine/id_2628/images_3_refine/M1_004/sd2_gene_1_refine.png,EXCLUDED_CORRUPT,
SDXL_Refine/SDXL_Refine/id_2628/images_3_refine/M1_003/sd2_gene_1_refine.png,EXCLUDED_CORRUPT,
SDXL_Refine/SDXL_Refine/id_2628/images_3_refine/M1_001/sd2_gene_1_refine.png,EXCLUDED_CORRUPT,
SDXL_Refine/SDXL_Refine/id_2628/images_3_refine/M1_006/sd2_gene_1_refine.png,EXCLUDED_CORRUPT,
SDXL_Refine/SDXL_Refine/id_2628/images_3_refine/M1_007/sd2_gene_1_refine.png,EXCLUDED_CORRUPT,
SDXL_Refine/SDXL_Refine/id_2628/images_4_refine/M1_005/sd2_gene_1_refine.png,EXCLUDED_CORRUPT,
SDXL_Refine/SDXL_Refine/id_2628/images_4_refine/M1_002/sd2_gene_1_refine.png,EXCLUDED_CORRUPT,
SDXL_Refine/SDXL_Refine/id_2628/images_4_refine/M1_004/sd2_gene_1_refine.png,EXCLUDED_CORRUPT,
SDXL_Refine/SDXL_Refine/id_2628/images_4_refine/M1_003/sd2_gene_1_refine.png,EXCLUDED_CORRUPT,
SDXL_Refine/SDXL_Refine/id_2628/images_4_refine/M1_001/sd2_gene_1_refine.png,EXCLUDED_CORRUPT,
SDXL_Refine/SDXL_Refine/id_2628/images_4_refine/M1_006/sd2_gene_1_refine.png,EXCLUDED_CORRUPT,
SDXL_Refine/SDXL_Refine/id_2628/images_refine/M1_005/sd2_gene_1_refine.png,EXCLUDED_CORRUPT,
SDXL_Refine/SDXL_Refine/id_2628/images_refine/M1_002/sd2_gene_1_refine.png,EXCLUDED_CORRUPT,
SDXL_Refine/SDXL_Refine/id_2628/images_refine/M1_000/sd2_gene_1_refine.png,EXCLUDED_CORRUPT,
SDXL_Refine/SDXL_Refine/id_2628/images_refine/M1_004/sd2_gene_1_refine.png,EXCLUDED_CORRUPT,
SDXL_Refine/SDXL_Refine/id_2628/images_refine/M1_003/sd2_gene_1_refine.png,EXCLUDED_CORRUPT,
SDXL_Refine/SDXL_Refine/id_2628/images_refine/M1_001/sd2_gene_1_refine.png,EXCLUDED_CORRUPT,
SDXL_Refine/SDXL_Refine/id_2628/images_refine/M1_006/sd2_gene_1_refine.png,EXCLUDED_CORRUPT,
SDXL_Refine/SDXL_Refine/id_2628/images_refine/M1_007/sd2_gene_1_refine.png,EXCLUDED_CORRUPT,
SDXL_Refine/SDXL_Refine/id_2628/images_2_refine/M1_005/sd2_gene_1_refine.png,EXCLUDED_CORRUPT,
SDXL_Refine/SDXL_Refine/id_2628/images_2_refine/M1_002/sd2_gene_1_refine.png,EXCLUDED_CORRUPT,
SDXL_Refine/SDXL_Refine/id_2628/images_2_refine/M1_000/sd2_gene_1_refine.png,EXCLUDED_CORRUPT,
SDXL_Refine/SDXL_Refine/id_2628/images_2_refine/M1_004/sd2_gene_1_refine.png,EXCLUDED_CORRUPT,
SDXL_Refine/SDXL_Refine/id_2628/images_2_refine/M1_003/sd2_gene_1_refine.png,EXCLUDED_CORRUPT,
SDXL_Refine/SDXL_Refine/id_2628/images_2_refine/M1_001/sd2_gene_1_refine.png,EXCLUDED_CORRUPT,
SDXL_Refine/SDXL_Refine/id_2628/images_2_refine/M1_006/sd2_gene_1_refine.png,EXCLUDED_CORRUPT,
SDXL_Refine/SDXL_Refine/id_2628/images_2_refine/M1_007/sd2_gene_1_refine.png,EXCLUDED_CORRUPT,
SDXL_Refine/SDXL_Refine/id_2301/images_3_refine/M1_011/sd2_gene_1_refine.png,EXCLUDED_CORRUPT,
SDXL_Refine/SDXL_Refine/id_2301/images_3_refine/M1_008/sd2_gene_1_refine.png,EXCLUDED_CORRUPT,
SDXL_Refine/SDXL_Refine/id_2301/images_3_refine/M1_005/sd2_gene_1_refine.png,EXCLUDED_CORRUPT,
SDXL_Refine/SDXL_Refine/id_2301/images_3_refine/M1_002/sd2_gene_1_refine.png,EXCLUDED_CORRUPT,
SDXL_Refine/SDXL_Refine/id_2301/images_3_refine/M1_010/sd2_gene_1_refine.png,EXCLUDED_CORRUPT,
SDXL_Refine/SDXL_Refine/id_2301/images_3_refine/M1_000/sd2_gene_1_refine.png,EXCLUDED_CORRUPT,
SDXL_Refine/SDXL_Refine/id_2301/images_3_refine/M1_009/sd2_gene_1_refine.png,EXCLUDED_CORRUPT,
SDXL_Refine/SDXL_Refine/id_2301/images_3_refine/M1_015/sd2_gene_1_refine.png,EXCLUDED_CORRUPT,
SDXL_Refine/SDXL_Refine/id_2301/images_3_refine/M1_003/sd2_gene_1_refine.png,EXCLUDED_CORRUPT,
SDXL_Refine/SDXL_Refine/id_2301/images_3_refine/M1_001/sd2_gene_1_refine.png,EXCLUDED_CORRUPT,
SDXL_Refine/SDXL_Refine/id_2301/images_3_refine/M1_014/sd2_gene_1_refine.png,EXCLUDED_CORRUPT,
SDXL_Refine/SDXL_Refine/id_2301/images_3_refine/M1_006/sd2_gene_1_refine.png,EXCLUDED_CORRUPT,
SDXL_Refine/SDXL_Refine/id_2301/images_3_refine/M1_007/sd2_gene_1_refine.png,EXCLUDED_CORRUPT,
SDXL_Refine/SDXL_Refine/id_2301/images_3_refine/M1_012/sd2_gene_1_refine.png,EXCLUDED_CORRUPT,
SDXL_Refine/SDXL_Refine/id_2301/images_3_refine/M1_013/sd2_gene_1_refine.png,EXCLUDED_CORRUPT,
SDXL_Refine/SDXL_Refine/id_2301/images_4_refine/M1_011/sd2_gene_1_refine.png,EXCLUDED_CORRUPT,
SDXL_Refine/SDXL_Refine/id_2301/images_4_refine/M1_008/sd2_gene_1_refine.png,EXCLUDED_CORRUPT,
SDXL_Refine/SDXL_Refine/id_2301/images_4_refine/M1_005/sd2_gene_1_refine.png,EXCLUDED_CORRUPT,
SDXL_Refine/SDXL_Refine/id_2301/images_4_refine/M1_002/sd2_gene_1_refine.png,EXCLUDED_CORRUPT,
SDXL_Refine/SDXL_Refine/id_2301/images_4_refine/M1_010/sd2_gene_1_refine.png,EXCLUDED_CORRUPT,
SDXL_Refine/SDXL_Refine/id_2301/images_4_refine/M1_000/sd2_gene_1_refine.png,EXCLUDED_CORRUPT,
SDXL_Refine/SDXL_Refine/id_2301/images_4_refine/M1_004/sd2_gene_1_refine.png,EXCLUDED_CORRUPT,
SDXL_Refine/SDXL_Refine/id_2301/images_4_refine/M1_009/sd2_gene_1_refine.png,EXCLUDED_CORRUPT,
SDXL_Refine/SDXL_Refine/id_2301/images_4_refine/M1_001/sd2_gene_1_refine.png,EXCLUDED_CORRUPT,
SDXL_Refine/SDXL_Refine/id_2301/images_4_refine/M1_014/sd2_gene_1_refine.png,EXCLUDED_CORRUPT,
SDXL_Refine/SDXL_Refine/id_2301/images_4_refine/M1_006/sd2_gene_1_refine.png,EXCLUDED_CORRUPT,
SDXL_Refine/SDXL_Refine/id_2301/images_4_refine/M1_007/sd2_gene_1_refine.png,EXCLUDED_CORRUPT,
SDXL_Refine/SDXL_Refine/id_2301/images_4_refine/M1_012/sd2_gene_1_refine.png,EXCLUDED_CORRUPT,
SDXL_Refine/SDXL_Refine/id_2301/images_refine/M1_011/sd2_gene_1_refine.png,EXCLUDED_CORRUPT,
SDXL_Refine/SDXL_Refine/id_2301/images_refine/M1_008/sd2_gene_1_refine.png,EXCLUDED_CORRUPT,
SDXL_Refine/SDXL_Refine/id_2301/images_refine/M1_005/sd2_gene_1_refine.png,EXCLUDED_CORRUPT,
SDXL_Refine/SDXL_Refine/id_2301/images_refine/M1_002/sd2_gene_1_refine.png,EXCLUDED_CORRUPT,
SDXL_Refine/SDXL_Refine/id_2301/images_refine/M1_010/sd2_gene_1_refine.png,EXCLUDED_CORRUPT,
SDXL_Refine/SDXL_Refine/id_2301/images_refine/M1_000/sd2_gene_1_refine.png,EXCLUDED_CORRUPT,
SDXL_Refine/SDXL_Refine/id_2301/images_refine/M1_004/sd2_gene_1_refine.png,EXCLUDED_CORRUPT,
SDXL_Refine/SDXL_Refine/id_2301/images_refine/M1_009/sd2_gene_1_refine.png,EXCLUDED_CORRUPT,
SDXL_Refine/SDXL_Refine/id_2301/images_refine/M1_015/sd2_gene_1_refine.png,EXCLUDED_CORRUPT,
SDXL_Refine/SDXL_Refine/id_2301/images_refine/M1_003/sd2_gene_1_refine.png,EXCLUDED_CORRUPT,
SDXL_Refine/SDXL_Refine/id_2301/images_refine/M1_001/sd2_gene_1_refine.png,EXCLUDED_CORRUPT,
SDXL_Refine/SDXL_Refine/id_2301/images_refine/M1_014/sd2_gene_1_refine.png,EXCLUDED_CORRUPT,
SDXL_Refine/SDXL_Refine/id_2301/images_refine/M1_006/sd2_gene_1_refine.png,EXCLUDED_CORRUPT,
SDXL_Refine/SDXL_Refine/id_2301/images_refine/M1_007/sd2_gene_1_refine.png,EXCLUDED_CORRUPT,
SDXL_Refine/SDXL_Refine/id_2301/images_refine/M1_012/sd2_gene_1_refine.png,EXCLUDED_CORRUPT,
SDXL_Refine/SDXL_Refine/id_2301/images_refine/M1_013/sd2_gene_1_refine.png,EXCLUDED_CORRUPT,
SDXL_Refine/SDXL_Refine/id_2301/images_2_refine/M1_011/sd2_gene_1_refine.png,EXCLUDED_CORRUPT,
SDXL_Refine/SDXL_Refine/id_2301/images_2_refine/M1_008/sd2_gene_1_refine.png,EXCLUDED_CORRUPT,
SDXL_Refine/SDXL_Refine/id_2301/images_2_refine/M1_005/sd2_gene_1_refine.png,EXCLUDED_CORRUPT,
SDXL_Refine/SDXL_Refine/id_2301/images_2_refine/M1_002/sd2_gene_1_refine.png,EXCLUDED_CORRUPT,
SDXL_Refine/SDXL_Refine/id_2301/images_2_refine/M1_010/sd2_gene_1_refine.png,EXCLUDED_CORRUPT,
SDXL_Refine/SDXL_Refine/id_2301/images_2_refine/M1_000/sd2_gene_1_refine.png,EXCLUDED_CORRUPT,
SDXL_Refine/SDXL_Refine/id_2301/images_2_refine/M1_004/sd2_gene_1_refine.png,EXCLUDED_CORRUPT,
SDXL_Refine/SDXL_Refine/id_2301/images_2_refine/M1_009/sd2_gene_1_refine.png,EXCLUDED_CORRUPT,
SDXL_Refine/SDXL_Refine/id_2301/images_2_refine/M1_015/sd2_gene_1_refine.png,EXCLUDED_CORRUPT,
SDXL_Refine/SDXL_Refine/id_2301/images_2_refine/M1_003/sd2_gene_1_refine.png,EXCLUDED_CORRUPT,
SDXL_Refine/SDXL_Refine/id_2301/images_2_refine/M1_001/sd2_gene_1_refine.png,EXCLUDED_CORRUPT,
SDXL_Refine/SDXL_Refine/id_2301/images_2_refine/M1_014/sd2_gene_1_refine.png,EXCLUDED_CORRUPT,
SDXL_Refine/SDXL_Refine/id_2301/images_2_refine/M1_006/sd2_gene_1_refine.png,EXCLUDED_CORRUPT,
SDXL_Refine/SDXL_Refine/id_2301/images_2_refine/M1_007/sd2_gene_1_refine.png,EXCLUDED_CORRUPT,
SDXL_Refine/SDXL_Refine/id_2301/images_2_refine/M1_012/sd2_gene_1_refine.png,EXCLUDED_CORRUPT,
SDXL_Refine/SDXL_Refine/id_2301/images_2_refine/M1_013/sd2_gene_1_refine.png,EXCLUDED_CORRUPT,
SDXL_Refine/SDXL_Refine/id_0766/images_3_refine/M1_002/sd2_gene_1_refine.png,EXCLUDED_CORRUPT,
SDXL_Refine/SDXL_Refine/id_0766/images_3_refine/M1_000/sd2_gene_1_refine.png,EXCLUDED_CORRUPT,
SDXL_Refine/SDXL_Refine/id_0766/images_3_refine/M1_003/sd2_gene_1_refine.png,EXCLUDED_CORRUPT,
SDXL_Refine/SDXL_Refine/id_0766/images_3_refine/M1_001/sd2_gene_1_refine.png,EXCLUDED_CORRUPT,
SDXL_Refine/SDXL_Refine/id_0766/images_4_refine/M1_002/sd2_gene_1_refine.png,EXCLUDED_CORRUPT,
SDXL_Refine/SDXL_Refine/id_0766/images_4_refine/M1_000/sd2_gene_1_refine.png,EXCLUDED_CORRUPT,
SDXL_Refine/SDXL_Refine/id_0766/images_4_refine/M1_003/sd2_gene_1_refine.png,EXCLUDED_CORRUPT,
SDXL_Refine/SDXL_Refine/id_0766/images_4_refine/M1_001/sd2_gene_1_refine.png,EXCLUDED_CORRUPT,
SDXL_Refine/SDXL_Refine/id_0766/images_refine/M1_002/sd2_gene_1_refine.png,EXCLUDED_CORRUPT,
SDXL_Refine/SDXL_Refine/id_0766/images_refine/M1_000/sd2_gene_1_refine.png,EXCLUDED_CORRUPT,
SDXL_Refine/SDXL_Refine/id_0766/images_refine/M1_003/sd2_gene_1_refine.png,EXCLUDED_CORRUPT,
SDXL_Refine/SDXL_Refine/id_0766/images_refine/M1_001/sd2_gene_1_refine.png,EXCLUDED_CORRUPT,
SDXL_Refine/SDXL_Refine/id_0766/images_2_refine/M1_002/sd2_gene_1_refine.png,EXCLUDED_CORRUPT,
SDXL_Refine/SDXL_Refine/id_0766/images_2_refine/M1_000/sd2_gene_1_refine.png,EXCLUDED_CORRUPT,
SDXL_Refine/SDXL_Refine/id_0766/images_2_refine/M1_003/sd2_gene_1_refine.png,EXCLUDED_CORRUPT,
SDXL_Refine/SDXL_Refine/id_0766/images_2_refine/M1_001/sd2_gene_1_refine.png,EXCLUDED_CORRUPT,
SDXL_Refine/SDXL_Refine/id_2734/images_3_refine/M1_000/sd2_gene_1_refine.png,EXCLUDED_CORRUPT,
SDXL_Refine/SDXL_Refine/id_2734/images_3_refine/M1_003/sd2_gene_1_refine.png,EXCLUDED_CORRUPT,
SDXL_Refine/SDXL_Refine/id_2734/images_3_refine/M1_001/sd2_gene_1_refine.png,EXCLUDED_CORRUPT,
SDXL_Refine/SDXL_Refine/id_2734/images_4_refine/M1_002/sd2_gene_1_refine.png,EXCLUDED_CORRUPT,
SDXL_Refine/SDXL_Refine/id_2734/images_4_refine/M1_000/sd2_gene_1_refine.png,EXCLUDED_CORRUPT,
SDXL_Refine/SDXL_Refine/id_2734/images_4_refine/M1_003/sd2_gene_1_refine.png,EXCLUDED_CORRUPT,
SDXL_Refine/SDXL_Refine/id_2734/images_4_refine/M1_001/sd2_gene_1_refine.png,EXCLUDED_CORRUPT,
SDXL_Refine/SDXL_Refine/id_2734/images_refine/M1_002/sd2_gene_1_refine.png,EXCLUDED_CORRUPT,
SDXL_Refine/SDXL_Refine/id_2734/images_refine/M1_000/sd2_gene_1_refine.png,EXCLUDED_CORRUPT,
SDXL_Refine/SDXL_Refine/id_2734/images_refine/M1_003/sd2_gene_1_refine.png,EXCLUDED_CORRUPT,
SDXL_Refine/SDXL_Refine/id_2734/images_refine/M1_001/sd2_gene_1_refine.png,EXCLUDED_CORRUPT,
SDXL_Refine/SDXL_Refine/id_2734/images_2_refine/M1_000/sd2_gene_1_refine.png,EXCLUDED_CORRUPT,
SDXL_Refine/SDXL_Refine/id_2734/images_2_refine/M1_003/sd2_gene_1_refine.png,EXCLUDED_CORRUPT,
SDXL_Refine/SDXL_Refine/id_2734/images_2_refine/M1_001/sd2_gene_1_refine.png,EXCLUDED_CORRUPT,
SDXL_Refine/SDXL_Refine/id_0698/images_3_refine/M1_002/sd2_gene_1_refine.png,EXCLUDED_CORRUPT,
SDXL_Refine/SDXL_Refine/id_0698/images_3_refine/M1_000/sd2_gene_1_refine.png,EXCLUDED_CORRUPT,
SDXL_Refine/SDXL_Refine/id_0698/images_3_refine/M1_003/sd2_gene_1_refine.png,EXCLUDED_CORRUPT,
SDXL_Refine/SDXL_Refine/id_0698/images_3_refine/M1_001/sd2_gene_1_refine.png,EXCLUDED_CORRUPT,
SDXL_Refine/SDXL_Refine/id_0698/images_4_refine/M1_002/sd2_gene_1_refine.png,EXCLUDED_CORRUPT,
SDXL_Refine/SDXL_Refine/id_0698/images_4_refine/M1_000/sd2_gene_1_refine.png,EXCLUDED_CORRUPT,
SDXL_Refine/SDXL_Refine/id_0698/images_4_refine/M1_003/sd2_gene_1_refine.png,EXCLUDED_CORRUPT,
SDXL_Refine/SDXL_Refine/id_0698/images_4_refine/M1_001/sd2_gene_1_refine.png,EXCLUDED_CORRUPT,
SDXL_Refine/SDXL_Refine/id_0698/images_refine/M1_002/sd2_gene_1_refine.png,EXCLUDED_CORRUPT,
SDXL_Refine/SDXL_Refine/id_0698/images_refine/M1_000/sd2_gene_1_refine.png,EXCLUDED_CORRUPT,
SDXL_Refine/SDXL_Refine/id_0698/images_refine/M1_003/sd2_gene_1_refine.png,EXCLUDED_CORRUPT,
SDXL_Refine/SDXL_Refine/id_0698/images_refine/M1_001/sd2_gene_1_refine.png,EXCLUDED_CORRUPT,
SDXL_Refine/SDXL_Refine/id_0698/images_2_refine/M1_002/sd2_gene_1_refine.png,EXCLUDED_CORRUPT,
SDXL_Refine/SDXL_Refine/id_0698/images_2_refine/M1_000/sd2_gene_1_refine.png,EXCLUDED_CORRUPT,
SDXL_Refine/SDXL_Refine/id_0698/images_2_refine/M1_003/sd2_gene_1_refine.png,EXCLUDED_CORRUPT,
SDXL_Refine/SDXL_Refine/id_0698/images_2_refine/M1_001/sd2_gene_1_refine.png,EXCLUDED_CORRUPT,
SDXL_Refine/SDXL_Refine/id_2454/images_3_refine/M1_002/sd2_gene_1_refine.png,EXCLUDED_CORRUPT,
SDXL_Refine/SDXL_Refine/id_2454/images_3_refine/M1_000/sd2_gene_1_refine.png,EXCLUDED_CORRUPT,
SDXL_Refine/SDXL_Refine/id_2454/images_3_refine/M1_003/sd2_gene_1_refine.png,EXCLUDED_CORRUPT,
SDXL_Refine/SDXL_Refine/id_2454/images_4_refine/M1_002/sd2_gene_1_refine.png,EXCLUDED_CORRUPT,
SDXL_Refine/SDXL_Refine/id_2454/images_4_refine/M1_000/sd2_gene_1_refine.png,EXCLUDED_CORRUPT,
SDXL_Refine/SDXL_Refine/id_2454/images_4_refine/M1_003/sd2_gene_1_refine.png,EXCLUDED_CORRUPT,
SDXL_Refine/SDXL_Refine/id_2454/images_refine/M1_002/sd2_gene_1_refine.png,EXCLUDED_CORRUPT,
SDXL_Refine/SDXL_Refine/id_2454/images_refine/M1_000/sd2_gene_1_refine.png,EXCLUDED_CORRUPT,
SDXL_Refine/SDXL_Refine/id_2454/images_refine/M1_003/sd2_gene_1_refine.png,EXCLUDED_CORRUPT,
SDXL_Refine/SDXL_Refine/id_2454/images_refine/M1_001/sd2_gene_1_refine.png,EXCLUDED_CORRUPT,
SDXL_Refine/SDXL_Refine/id_2454/images_2_refine/M1_002/sd2_gene_1_refine.png,EXCLUDED_CORRUPT,
SDXL_Refine/SDXL_Refine/id_2454/images_2_refine/M1_000/sd2_gene_1_refine.png,EXCLUDED_CORRUPT,
SDXL_Refine/SDXL_Refine/id_2454/images_2_refine/M1_003/sd2_gene_1_refine.png,EXCLUDED_CORRUPT,
SDXL_Refine/SDXL_Refine/id_2454/images_2_refine/M1_001/sd2_gene_1_refine.png,UNREADABLE,
SDXL_Refine/SDXL_Refine/id_1550/images_3_refine/M1_002/sd2_gene_1_refine.png,EXCLUDED_CORRUPT,
SDXL_Refine/SDXL_Refine/id_1550/images_3_refine/M1_000/sd2_gene_1_refine.png,EXCLUDED_CORRUPT,
SDXL_Refine/SDXL_Refine/id_1550/images_3_refine/M1_003/sd2_gene_1_refine.png,EXCLUDED_CORRUPT,
SDXL_Refine/SDXL_Refine/id_1550/images_3_refine/M1_001/sd2_gene_1_refine.png,EXCLUDED_CORRUPT,
SDXL_Refine/SDXL_Refine/id_1550/images_4_refine/M1_000/sd2_gene_1_refine.png,EXCLUDED_CORRUPT,
SDXL_Refine/SDXL_Refine/id_1550/images_4_refine/M1_001/sd2_gene_1_refine.png,EXCLUDED_CORRUPT,
SDXL_Refine/SDXL_Refine/id_1550/images_refine/M1_002/sd2_gene_1_refine.png,EXCLUDED_CORRUPT,
SDXL_Refine/SDXL_Refine/id_1550/images_refine/M1_000/sd2_gene_1_refine.png,EXCLUDED_CORRUPT,
SDXL_Refine/SDXL_Refine/id_1550/images_refine/M1_003/sd2_gene_1_refine.png,EXCLUDED_CORRUPT,
SDXL_Refine/SDXL_Refine/id_1550/images_refine/M1_001/sd2_gene_1_refine.png,EXCLUDED_CORRUPT,
SDXL_Refine/SDXL_Refine/id_1550/images_2_refine/M1_002/sd2_gene_1_refine.png,EXCLUDED_CORRUPT,
SDXL_Refine/SDXL_Refine/id_1550/images_2_refine/M1_000/sd2_gene_1_refine.png,EXCLUDED_CORRUPT,
SDXL_Refine/SDXL_Refine/id_1550/images_2_refine/M1_001/sd2_gene_1_refine.png,EXCLUDED_CORRUPT,
SDXL_Refine/SDXL_Refine/id_1548/images_3_refine/M1_002/sd2_gene_1_refine.png,EXCLUDED_CORRUPT,
SDXL_Refine/SDXL_Refine/id_1548/images_3_refine/M1_000/sd2_gene_1_refine.png,EXCLUDED_CORRUPT,
SDXL_Refine/SDXL_Refine/id_1548/images_3_refine/M1_003/sd2_gene_1_refine.png,EXCLUDED_CORRUPT,
SDXL_Refine/SDXL_Refine/id_1548/images_3_refine/M1_001/sd2_gene_1_refine.png,EXCLUDED_CORRUPT,
SDXL_Refine/SDXL_Refine/id_1548/images_4_refine/M1_002/sd2_gene_1_refine.png,EXCLUDED_CORRUPT,
SDXL_Refine/SDXL_Refine/id_1548/images_4_refine/M1_000/sd2_gene_1_refine.png,EXCLUDED_CORRUPT,
SDXL_Refine/SDXL_Refine/id_1548/images_4_refine/M1_003/sd2_gene_1_refine.png,EXCLUDED_CORRUPT,
SDXL_Refine/SDXL_Refine/id_1548/images_4_refine/M1_001/sd2_gene_1_refine.png,EXCLUDED_CORRUPT,
SDXL_Refine/SDXL_Refine/id_1548/images_refine/M1_002/sd2_gene_1_refine.png,EXCLUDED_CORRUPT,
SDXL_Refine/SDXL_Refine/id_1548/images_refine/M1_000/sd2_gene_1_refine.png,EXCLUDED_CORRUPT,
SDXL_Refine/SDXL_Refine/id_1548/images_refine/M1_003/sd2_gene_1_refine.png,EXCLUDED_CORRUPT,
SDXL_Refine/SDXL_Refine/id_1548/images_refine/M1_001/sd2_gene_1_refine.png,EXCLUDED_CORRUPT,
SDXL_Refine/SDXL_Refine/id_1548/images_2_refine/M1_002/sd2_gene_1_refine.png,EXCLUDED_CORRUPT,
SDXL_Refine/SDXL_Refine/id_1548/images_2_refine/M1_000/sd2_gene_1_refine.png,EXCLUDED_CORRUPT,
SDXL_Refine/SDXL_Refine/id_1548/images_2_refine/M1_003/sd2_gene_1_refine.png,EXCLUDED_CORRUPT,
SDXL_Refine/SDXL_Refine/id_1548/images_2_refine/M1_001/sd2_gene_1_refine.png,EXCLUDED_CORRUPT,
SDXL_Refine/SDXL_Refine/id_0482/images_3_refine/M1_005/sd2_gene_1_refine.png,EXCLUDED_CORRUPT,
SDXL_Refine/SDXL_Refine/id_0482/images_3_refine/M1_000/sd2_gene_1_refine.png,EXCLUDED_CORRUPT,
SDXL_Refine/SDXL_Refine/id_0482/images_3_refine/M1_004/sd2_gene_1_refine.png,EXCLUDED_CORRUPT,
SDXL_Refine/SDXL_Refine/id_0482/images_3_refine/M1_003/sd2_gene_1_refine.png,EXCLUDED_CORRUPT,
SDXL_Refine/SDXL_Refine/id_0482/images_3_refine/M1_001/sd2_gene_1_refine.png,EXCLUDED_CORRUPT,
SDXL_Refine/SDXL_Refine/id_0482/images_3_refine/M1_006/sd2_gene_1_refine.png,EXCLUDED_CORRUPT,
SDXL_Refine/SDXL_Refine/id_0482/images_4_refine/M1_005/sd2_gene_1_refine.png,EXCLUDED_CORRUPT,
SDXL_Refine/SDXL_Refine/id_0482/images_4_refine/M1_004/sd2_gene_1_refine.png,EXCLUDED_CORRUPT,
SDXL_Refine/SDXL_Refine/id_0482/images_4_refine/M1_003/sd2_gene_1_refine.png,EXCLUDED_CORRUPT,
SDXL_Refine/SDXL_Refine/id_0482/images_4_refine/M1_001/sd2_gene_1_refine.png,EXCLUDED_CORRUPT,
SDXL_Refine/SDXL_Refine/id_0482/images_4_refine/M1_006/sd2_gene_1_refine.png,EXCLUDED_CORRUPT,
SDXL_Refine/SDXL_Refine/id_0482/images_4_refine/M1_007/sd2_gene_1_refine.png,EXCLUDED_CORRUPT,
SDXL_Refine/SDXL_Refine/id_0482/images_refine/M1_005/sd2_gene_1_refine.png,EXCLUDED_CORRUPT,
SDXL_Refine/SDXL_Refine/id_0482/images_refine/M1_004/sd2_gene_1_refine.png,EXCLUDED_CORRUPT,
SDXL_Refine/SDXL_Refine/id_0482/images_refine/M1_001/sd2_gene_1_refine.png,EXCLUDED_CORRUPT,
SDXL_Refine/SDXL_Refine/id_0482/images_refine/M1_006/sd2_gene_1_refine.png,EXCLUDED_CORRUPT,
SDXL_Refine/SDXL_Refine/id_0482/images_refine/M1_007/sd2_gene_1_refine.png,EXCLUDED_CORRUPT,
SDXL_Refine/SDXL_Refine/id_0482/images_2_refine/M1_005/sd2_gene_1_refine.png,EXCLUDED_CORRUPT,
SDXL_Refine/SDXL_Refine/id_0482/images_2_refine/M1_004/sd2_gene_1_refine.png,EXCLUDED_CORRUPT,
SDXL_Refine/SDXL_Refine/id_0482/images_2_refine/M1_001/sd2_gene_1_refine.png,EXCLUDED_CORRUPT,
SDXL_Refine/SDXL_Refine/id_0482/images_2_refine/M1_006/sd2_gene_1_refine.png,EXCLUDED_CORRUPT,
SDXL_Refine/SDXL_Refine/id_2363/images_3_refine/M1_002/sd2_gene_1_refine.png,EXCLUDED_CORRUPT,
SDXL_Refine/SDXL_Refine/id_2363/images_3_refine/M1_000/sd2_gene_1_refine.png,EXCLUDED_CORRUPT,
SDXL_Refine/SDXL_Refine/id_2363/images_3_refine/M1_003/sd2_gene_1_refine.png,EXCLUDED_CORRUPT,
SDXL_Refine/SDXL_Refine/id_2363/images_3_refine/M1_001/sd2_gene_1_refine.png,EXCLUDED_CORRUPT,
SDXL_Refine/SDXL_Refine/id_2363/images_4_refine/M1_002/sd2_gene_1_refine.png,EXCLUDED_CORRUPT,
SDXL_Refine/SDXL_Refine/id_2363/images_4_refine/M1_000/sd2_gene_1_refine.png,EXCLUDED_CORRUPT,
SDXL_Refine/SDXL_Refine/id_2363/images_4_refine/M1_001/sd2_gene_1_refine.png,EXCLUDED_CORRUPT,
SDXL_Refine/SDXL_Refine/id_2363/images_refine/M1_002/sd2_gene_1_refine.png,EXCLUDED_CORRUPT,
SDXL_Refine/SDXL_Refine/id_2363/images_refine/M1_000/sd2_gene_1_refine.png,EXCLUDED_CORRUPT,
SDXL_Refine/SDXL_Refine/id_2363/images_refine/M1_003/sd2_gene_1_refine.png,EXCLUDED_CORRUPT,
SDXL_Refine/SDXL_Refine/id_2363/images_refine/M1_001/sd2_gene_1_refine.png,EXCLUDED_CORRUPT,
SDXL_Refine/SDXL_Refine/id_2363/images_2_refine/M1_002/sd2_gene_1_refine.png,EXCLUDED_CORRUPT,
SDXL_Refine/SDXL_Refine/id_2363/images_2_refine/M1_000/sd2_gene_1_refine.png,EXCLUDED_CORRUPT,
SDXL_Refine/SDXL_Refine/id_2363/images_2_refine/M1_003/sd2_gene_1_refine.png,EXCLUDED_CORRUPT,
SDXL_Refine/SDXL_Refine/id_2363/images_2_refine/M1_001/sd2_gene_1_refine.png,EXCLUDED_CORRUPT,
SDXL_Refine/SDXL_Refine/id_2554/images_3_refine/M1_002/sd2_gene_1_refine.png,EXCLUDED_CORRUPT,
SDXL_Refine/SDXL_Refine/id_2554/images_3_refine/M1_000/sd2_gene_1_refine.png,EXCLUDED_CORRUPT,
SDXL_Refine/SDXL_Refine/id_2554/images_3_refine/M1_003/sd2_gene_1_refine.png,EXCLUDED_CORRUPT,
SDXL_Refine/SDXL_Refine/id_2554/images_3_refine/M1_001/sd2_gene_1_refine.png,EXCLUDED_CORRUPT,
SDXL_Refine/SDXL_Refine/id_2554/images_4_refine/M1_002/sd2_gene_1_refine.png,EXCLUDED_CORRUPT,
SDXL_Refine/SDXL_Refine/id_2554/images_4_refine/M1_000/sd2_gene_1_refine.png,EXCLUDED_CORRUPT,
SDXL_Refine/SDXL_Refine/id_2554/images_4_refine/M1_003/sd2_gene_1_refine.png,EXCLUDED_CORRUPT,
SDXL_Refine/SDXL_Refine/id_2554/images_4_refine/M1_001/sd2_gene_1_refine.png,EXCLUDED_CORRUPT,
SDXL_Refine/SDXL_Refine/id_2554/images_refine/M1_002/sd2_gene_1_refine.png,EXCLUDED_CORRUPT,
SDXL_Refine/SDXL_Refine/id_2554/images_refine/M1_000/sd2_gene_1_refine.png,EXCLUDED_CORRUPT,
SDXL_Refine/SDXL_Refine/id_2554/images_refine/M1_003/sd2_gene_1_refine.png,EXCLUDED_CORRUPT,
SDXL_Refine/SDXL_Refine/id_2554/images_refine/M1_001/sd2_gene_1_refine.png,EXCLUDED_CORRUPT,
SDXL_Refine/SDXL_Refine/id_2554/images_2_refine/M1_002/sd2_gene_1_refine.png,EXCLUDED_CORRUPT,
SDXL_Refine/SDXL_Refine/id_2554/images_2_refine/M1_000/sd2_gene_1_refine.png,EXCLUDED_CORRUPT,
SDXL_Refine/SDXL_Refine/id_2554/images_2_refine/M1_003/sd2_gene_1_refine.png,EXCLUDED_CORRUPT,
SDXL_Refine/SDXL_Refine/id_2554/images_2_refine/M1_001/sd2_gene_1_refine.png,EXCLUDED_CORRUPT,
SDXL_Refine/SDXL_Refine/id_2804/images_3_refine/M1_002/sd2_gene_1_refine.png,EXCLUDED_CORRUPT,
SDXL_Refine/SDXL_Refine/id_2804/images_3_refine/M1_000/sd2_gene_1_refine.png,EXCLUDED_CORRUPT,
SDXL_Refine/SDXL_Refine/id_2804/images_3_refine/M1_003/sd2_gene_1_refine.png,EXCLUDED_CORRUPT,
SDXL_Refine/SDXL_Refine/id_2804/images_3_refine/M1_001/sd2_gene_1_refine.png,EXCLUDED_CORRUPT,
SDXL_Refine/SDXL_Refine/id_2804/images_4_refine/M1_002/sd2_gene_1_refine.png,EXCLUDED_CORRUPT,
SDXL_Refine/SDXL_Refine/id_2804/images_4_refine/M1_000/sd2_gene_1_refine.png,EXCLUDED_CORRUPT,
SDXL_Refine/SDXL_Refine/id_2804/images_4_refine/M1_003/sd2_gene_1_refine.png,EXCLUDED_CORRUPT,
SDXL_Refine/SDXL_Refine/id_2804/images_4_refine/M1_001/sd2_gene_1_refine.png,EXCLUDED_CORRUPT,
SDXL_Refine/SDXL_Refine/id_2804/images_refine/M1_002/sd2_gene_1_refine.png,EXCLUDED_CORRUPT,
SDXL_Refine/SDXL_Refine/id_2804/images_refine/M1_000/sd2_gene_1_refine.png,EXCLUDED_CORRUPT,
SDXL_Refine/SDXL_Refine/id_2804/images_refine/M1_003/sd2_gene_1_refine.png,EXCLUDED_CORRUPT,
SDXL_Refine/SDXL_Refine/id_2804/images_refine/M1_001/sd2_gene_1_refine.png,EXCLUDED_CORRUPT,
SDXL_Refine/SDXL_Refine/id_2804/images_2_refine/M1_002/sd2_gene_1_refine.png,EXCLUDED_CORRUPT,
SDXL_Refine/SDXL_Refine/id_2804/images_2_refine/M1_000/sd2_gene_1_refine.png,EXCLUDED_CORRUPT,
SDXL_Refine/SDXL_Refine/id_2804/images_2_refine/M1_003/sd2_gene_1_refine.png,EXCLUDED_CORRUPT,
SDXL_Refine/SDXL_Refine/id_2804/images_2_refine/M1_001/sd2_gene_1_refine.png,EXCLUDED_CORRUPT,
SDXL_Refine/SDXL_Refine/id_0002/images_3_refine/M1_011/sd2_gene_1_refine.png,EXCLUDED_CORRUPT,
SDXL_Refine/SDXL_Refine/id_0002/images_3_refine/M1_008/sd2_gene_1_refine.png,EXCLUDED_CORRUPT,
SDXL_Refine/SDXL_Refine/id_0002/images_3_refine/M1_005/sd2_gene_1_refine.png,EXCLUDED_CORRUPT,
SDXL_Refine/SDXL_Refine/id_0002/images_3_refine/M1_002/sd2_gene_1_refine.png,EXCLUDED_CORRUPT,
SDXL_Refine/SDXL_Refine/id_0002/images_3_refine/M1_010/sd2_gene_1_refine.png,EXCLUDED_CORRUPT,
SDXL_Refine/SDXL_Refine/id_0002/images_3_refine/M1_000/sd2_gene_1_refine.png,EXCLUDED_CORRUPT,
SDXL_Refine/SDXL_Refine/id_0002/images_3_refine/M1_004/sd2_gene_1_refine.png,EXCLUDED_CORRUPT,
SDXL_Refine/SDXL_Refine/id_0002/images_3_refine/M1_009/sd2_gene_1_refine.png,EXCLUDED_CORRUPT,
SDXL_Refine/SDXL_Refine/id_0002/images_3_refine/M1_015/sd2_gene_1_refine.png,EXCLUDED_CORRUPT,
SDXL_Refine/SDXL_Refine/id_0002/images_3_refine/M1_014/sd2_gene_1_refine.png,EXCLUDED_CORRUPT,
SDXL_Refine/SDXL_Refine/id_0002/images_3_refine/M1_006/sd2_gene_1_refine.png,EXCLUDED_CORRUPT,
SDXL_Refine/SDXL_Refine/id_0002/images_3_refine/M1_007/sd2_gene_1_refine.png,EXCLUDED_CORRUPT,
SDXL_Refine/SDXL_Refine/id_0002/images_3_refine/M1_012/sd2_gene_1_refine.png,EXCLUDED_CORRUPT,
SDXL_Refine/SDXL_Refine/id_0002/images_3_refine/M1_013/sd2_gene_1_refine.png,EXCLUDED_CORRUPT,
SDXL_Refine/SDXL_Refine/id_0002/images_4_refine/M1_011/sd2_gene_1_refine.png,EXCLUDED_CORRUPT,
SDXL_Refine/SDXL_Refine/id_0002/images_4_refine/M1_008/sd2_gene_1_refine.png,EXCLUDED_CORRUPT,
SDXL_Refine/SDXL_Refine/id_0002/images_4_refine/M1_005/sd2_gene_1_refine.png,EXCLUDED_CORRUPT,
SDXL_Refine/SDXL_Refine/id_0002/images_4_refine/M1_002/sd2_gene_1_refine.png,EXCLUDED_CORRUPT,
SDXL_Refine/SDXL_Refine/id_0002/images_4_refine/M1_010/sd2_gene_1_refine.png,EXCLUDED_CORRUPT,
SDXL_Refine/SDXL_Refine/id_0002/images_4_refine/M1_000/sd2_gene_1_refine.png,EXCLUDED_CORRUPT,
SDXL_Refine/SDXL_Refine/id_0002/images_4_refine/M1_004/sd2_gene_1_refine.png,EXCLUDED_CORRUPT,
SDXL_Refine/SDXL_Refine/id_0002/images_4_refine/M1_009/sd2_gene_1_refine.png,EXCLUDED_CORRUPT,
SDXL_Refine/SDXL_Refine/id_0002/images_4_refine/M1_015/sd2_gene_1_refine.png,EXCLUDED_CORRUPT,
SDXL_Refine/SDXL_Refine/id_0002/images_4_refine/M1_003/sd2_gene_1_refine.png,EXCLUDED_CORRUPT,
SDXL_Refine/SDXL_Refine/id_0002/images_4_refine/M1_014/sd2_gene_1_refine.png,EXCLUDED_CORRUPT,
SDXL_Refine/SDXL_Refine/id_0002/images_4_refine/M1_006/sd2_gene_1_refine.png,EXCLUDED_CORRUPT,
SDXL_Refine/SDXL_Refine/id_0002/images_4_refine/M1_007/sd2_gene_1_refine.png,EXCLUDED_CORRUPT,
SDXL_Refine/SDXL_Refine/id_0002/images_4_refine/M1_012/sd2_gene_1_refine.png,EXCLUDED_CORRUPT,
SDXL_Refine/SDXL_Refine/id_0002/images_4_refine/M1_013/sd2_gene_1_refine.png,EXCLUDED_CORRUPT,
SDXL_Refine/SDXL_Refine/id_0002/images_refine/M1_011/sd2_gene_1_refine.png,EXCLUDED_CORRUPT,
SDXL_Refine/SDXL_Refine/id_0002/images_refine/M1_008/sd2_gene_1_refine.png,EXCLUDED_CORRUPT,
SDXL_Refine/SDXL_Refine/id_0002/images_refine/M1_002/sd2_gene_1_refine.png,EXCLUDED_CORRUPT,
SDXL_Refine/SDXL_Refine/id_0002/images_refine/M1_010/sd2_gene_1_refine.png,EXCLUDED_CORRUPT,
SDXL_Refine/SDXL_Refine/id_0002/images_refine/M1_000/sd2_gene_1_refine.png,EXCLUDED_CORRUPT,
SDXL_Refine/SDXL_Refine/id_0002/images_refine/M1_004/sd2_gene_1_refine.png,EXCLUDED_CORRUPT,
SDXL_Refine/SDXL_Refine/id_0002/images_refine/M1_009/sd2_gene_1_refine.png,EXCLUDED_CORRUPT,
SDXL_Refine/SDXL_Refine/id_0002/images_refine/M1_015/sd2_gene_1_refine.png,EXCLUDED_CORRUPT,
SDXL_Refine/SDXL_Refine/id_0002/images_refine/M1_003/sd2_gene_1_refine.png,EXCLUDED_CORRUPT,
SDXL_Refine/SDXL_Refine/id_0002/images_refine/M1_001/sd2_gene_1_refine.png,EXCLUDED_CORRUPT,
SDXL_Refine/SDXL_Refine/id_0002/images_refine/M1_014/sd2_gene_1_refine.png,EXCLUDED_CORRUPT,
SDXL_Refine/SDXL_Refine/id_0002/images_refine/M1_006/sd2_gene_1_refine.png,EXCLUDED_CORRUPT,
SDXL_Refine/SDXL_Refine/id_0002/images_refine/M1_007/sd2_gene_1_refine.png,EXCLUDED_CORRUPT,
SDXL_Refine/SDXL_Refine/id_0002/images_refine/M1_012/sd2_gene_1_refine.png,EXCLUDED_CORRUPT,
SDXL_Refine/SDXL_Refine/id_0002/images_refine/M1_013/sd2_gene_1_refine.png,EXCLUDED_CORRUPT,
SDXL_Refine/SDXL_Refine/id_0002/images_2_refine/M1_011/sd2_gene_1_refine.png,EXCLUDED_CORRUPT,
SDXL_Refine/SDXL_Refine/id_0002/images_2_refine/M1_008/sd2_gene_1_refine.png,EXCLUDED_CORRUPT,
SDXL_Refine/SDXL_Refine/id_0002/images_2_refine/M1_002/sd2_gene_1_refine.png,EXCLUDED_CORRUPT,
SDXL_Refine/SDXL_Refine/id_0002/images_2_refine/M1_010/sd2_gene_1_refine.png,EXCLUDED_CORRUPT,
SDXL_Refine/SDXL_Refine/id_0002/images_2_refine/M1_000/sd2_gene_1_refine.png,EXCLUDED_CORRUPT,
SDXL_Refine/SDXL_Refine/id_0002/images_2_refine/M1_004/sd2_gene_1_refine.png,EXCLUDED_CORRUPT,
SDXL_Refine/SDXL_Refine/id_0002/images_2_refine/M1_009/sd2_gene_1_refine.png,EXCLUDED_CORRUPT,
SDXL_Refine/SDXL_Refine/id_0002/images_2_refine/M1_015/sd2_gene_1_refine.png,EXCLUDED_CORRUPT,
SDXL_Refine/SDXL_Refine/id_0002/images_2_refine/M1_003/sd2_gene_1_refine.png,EXCLUDED_CORRUPT,
SDXL_Refine/SDXL_Refine/id_0002/images_2_refine/M1_001/sd2_gene_1_refine.png,EXCLUDED_CORRUPT,
SDXL_Refine/SDXL_Refine/id_0002/images_2_refine/M1_014/sd2_gene_1_refine.png,EXCLUDED_CORRUPT,
SDXL_Refine/SDXL_Refine/id_0002/images_2_refine/M1_006/sd2_gene_1_refine.png,EXCLUDED_CORRUPT,
SDXL_Refine/SDXL_Refine/id_0002/images_2_refine/M1_007/sd2_gene_1_refine.png,EXCLUDED_CORRUPT,
SDXL_Refine/SDXL_Refine/id_0002/images_2_refine/M1_012/sd2_gene_1_refine.png,EXCLUDED_CORRUPT,
SDXL_Refine/SDXL_Refine/id_0002/images_2_refine/M1_013/sd2_gene_1_refine.png,EXCLUDED_CORRUPT,
SDXL_Refine/SDXL_Refine/id_1893/images_3_refine/M1_008/sd2_gene_1_refine.png,EXCLUDED_CORRUPT,
SDXL_Refine/SDXL_Refine/id_1893/images_3_refine/M1_005/sd2_gene_1_refine.png,EXCLUDED_CORRUPT,
SDXL_Refine/SDXL_Refine/id_1893/images_3_refine/M1_002/sd2_gene_1_refine.png,EXCLUDED_CORRUPT,
SDXL_Refine/SDXL_Refine/id_1893/images_3_refine/M1_010/sd2_gene_1_refine.png,EXCLUDED_CORRUPT,
SDXL_Refine/SDXL_Refine/id_1893/images_3_refine/M1_000/sd2_gene_1_refine.png,EXCLUDED_CORRUPT,
SDXL_Refine/SDXL_Refine/id_1893/images_3_refine/M1_004/sd2_gene_1_refine.png,EXCLUDED_CORRUPT,
SDXL_Refine/SDXL_Refine/id_1893/images_3_refine/M1_009/sd2_gene_1_refine.png,EXCLUDED_CORRUPT,
SDXL_Refine/SDXL_Refine/id_1893/images_3_refine/M1_015/sd2_gene_1_refine.png,EXCLUDED_CORRUPT,
SDXL_Refine/SDXL_Refine/id_1893/images_3_refine/M1_003/sd2_gene_1_refine.png,EXCLUDED_CORRUPT,
SDXL_Refine/SDXL_Refine/id_1893/images_3_refine/M1_001/sd2_gene_1_refine.png,EXCLUDED_CORRUPT,
SDXL_Refine/SDXL_Refine/id_1893/images_3_refine/M1_006/sd2_gene_1_refine.png,EXCLUDED_CORRUPT,
SDXL_Refine/SDXL_Refine/id_1893/images_3_refine/M1_007/sd2_gene_1_refine.png,EXCLUDED_CORRUPT,
SDXL_Refine/SDXL_Refine/id_1893/images_3_refine/M1_012/sd2_gene_1_refine.png,EXCLUDED_CORRUPT,
SDXL_Refine/SDXL_Refine/id_1893/images_3_refine/M1_013/sd2_gene_1_refine.png,EXCLUDED_CORRUPT,
SDXL_Refine/SDXL_Refine/id_1893/images_4_refine/M1_011/sd2_gene_1_refine.png,EXCLUDED_CORRUPT,
SDXL_Refine/SDXL_Refine/id_1893/images_4_refine/M1_008/sd2_gene_1_refine.png,EXCLUDED_CORRUPT,
SDXL_Refine/SDXL_Refine/id_1893/images_4_refine/M1_005/sd2_gene_1_refine.png,EXCLUDED_CORRUPT,
SDXL_Refine/SDXL_Refine/id_1893/images_4_refine/M1_002/sd2_gene_1_refine.png,EXCLUDED_CORRUPT,
SDXL_Refine/SDXL_Refine/id_1893/images_4_refine/M1_010/sd2_gene_1_refine.png,EXCLUDED_CORRUPT,
SDXL_Refine/SDXL_Refine/id_1893/images_4_refine/M1_000/sd2_gene_1_refine.png,EXCLUDED_CORRUPT,
SDXL_Refine/SDXL_Refine/id_1893/images_4_refine/M1_004/sd2_gene_1_refine.png,EXCLUDED_CORRUPT,
SDXL_Refine/SDXL_Refine/id_1893/images_4_refine/M1_009/sd2_gene_1_refine.png,EXCLUDED_CORRUPT,
SDXL_Refine/SDXL_Refine/id_1893/images_4_refine/M1_015/sd2_gene_1_refine.png,EXCLUDED_CORRUPT,
SDXL_Refine/SDXL_Refine/id_1893/images_4_refine/M1_003/sd2_gene_1_refine.png,EXCLUDED_CORRUPT,
SDXL_Refine/SDXL_Refine/id_1893/images_4_refine/M1_001/sd2_gene_1_refine.png,EXCLUDED_CORRUPT,
SDXL_Refine/SDXL_Refine/id_1893/images_4_refine/M1_014/sd2_gene_1_refine.png,EXCLUDED_CORRUPT,
SDXL_Refine/SDXL_Refine/id_1893/images_4_refine/M1_006/sd2_gene_1_refine.png,EXCLUDED_CORRUPT,
SDXL_Refine/SDXL_Refine/id_1893/images_4_refine/M1_007/sd2_gene_1_refine.png,EXCLUDED_CORRUPT,
SDXL_Refine/SDXL_Refine/id_1893/images_4_refine/M1_012/sd2_gene_1_refine.png,EXCLUDED_CORRUPT,
SDXL_Refine/SDXL_Refine/id_1893/images_4_refine/M1_013/sd2_gene_1_refine.png,EXCLUDED_CORRUPT,
SDXL_Refine/SDXL_Refine/id_1893/images_refine/M1_011/sd2_gene_1_refine.png,EXCLUDED_CORRUPT,
SDXL_Refine/SDXL_Refine/id_1893/images_refine/M1_008/sd2_gene_1_refine.png,EXCLUDED_CORRUPT,
SDXL_Refine/SDXL_Refine/id_1893/images_refine/M1_005/sd2_gene_1_refine.png,EXCLUDED_CORRUPT,
SDXL_Refine/SDXL_Refine/id_1893/images_refine/M1_002/sd2_gene_1_refine.png,EXCLUDED_CORRUPT,
SDXL_Refine/SDXL_Refine/id_1893/images_refine/M1_010/sd2_gene_1_refine.png,EXCLUDED_CORRUPT,
SDXL_Refine/SDXL_Refine/id_1893/images_refine/M1_000/sd2_gene_1_refine.png,EXCLUDED_CORRUPT,
SDXL_Refine/SDXL_Refine/id_1893/images_refine/M1_004/sd2_gene_1_refine.png,EXCLUDED_CORRUPT,
SDXL_Refine/SDXL_Refine/id_1893/images_refine/M1_009/sd2_gene_1_refine.png,EXCLUDED_CORRUPT,
SDXL_Refine/SDXL_Refine/id_1893/images_refine/M1_015/sd2_gene_1_refine.png,EXCLUDED_CORRUPT,
SDXL_Refine/SDXL_Refine/id_1893/images_refine/M1_003/sd2_gene_1_refine.png,EXCLUDED_CORRUPT,
SDXL_Refine/SDXL_Refine/id_1893/images_refine/M1_001/sd2_gene_1_refine.png,EXCLUDED_CORRUPT,
SDXL_Refine/SDXL_Refine/id_1893/images_refine/M1_014/sd2_gene_1_refine.png,EXCLUDED_CORRUPT,
SDXL_Refine/SDXL_Refine/id_1893/images_refine/M1_006/sd2_gene_1_refine.png,EXCLUDED_CORRUPT,
SDXL_Refine/SDXL_Refine/id_1893/images_refine/M1_007/sd2_gene_1_refine.png,EXCLUDED_CORRUPT,
SDXL_Refine/SDXL_Refine/id_1893/images_refine/M1_012/sd2_gene_1_refine.png,EXCLUDED_CORRUPT,
SDXL_Refine/SDXL_Refine/id_1893/images_refine/M1_013/sd2_gene_1_refine.png,EXCLUDED_CORRUPT,
SDXL_Refine/SDXL_Refine/id_1893/images_2_refine/M1_011/sd2_gene_1_refine.png,EXCLUDED_CORRUPT,
SDXL_Refine/SDXL_Refine/id_1893/images_2_refine/M1_008/sd2_gene_1_refine.png,EXCLUDED_CORRUPT,
SDXL_Refine/SDXL_Refine/id_1893/images_2_refine/M1_005/sd2_gene_1_refine.png,EXCLUDED_CORRUPT,
SDXL_Refine/SDXL_Refine/id_1893/images_2_refine/M1_002/sd2_gene_1_refine.png,EXCLUDED_CORRUPT,
SDXL_Refine/SDXL_Refine/id_1893/images_2_refine/M1_010/sd2_gene_1_refine.png,EXCLUDED_CORRUPT,
SDXL_Refine/SDXL_Refine/id_1893/images_2_refine/M1_000/sd2_gene_1_refine.png,EXCLUDED_CORRUPT,
SDXL_Refine/SDXL_Refine/id_1893/images_2_refine/M1_004/sd2_gene_1_refine.png,EXCLUDED_CORRUPT,
SDXL_Refine/SDXL_Refine/id_1893/images_2_refine/M1_009/sd2_gene_1_refine.png,EXCLUDED_CORRUPT,
SDXL_Refine/SDXL_Refine/id_1893/images_2_refine/M1_015/sd2_gene_1_refine.png,EXCLUDED_CORRUPT,
SDXL_Refine/SDXL_Refine/id_1893/images_2_refine/M1_003/sd2_gene_1_refine.png,EXCLUDED_CORRUPT,
SDXL_Refine/SDXL_Refine/id_1893/images_2_refine/M1_001/sd2_gene_1_refine.png,EXCLUDED_CORRUPT,
SDXL_Refine/SDXL_Refine/id_1893/images_2_refine/M1_014/sd2_gene_1_refine.png,EXCLUDED_CORRUPT,
SDXL_Refine/SDXL_Refine/id_1893/images_2_refine/M1_006/sd2_gene_1_refine.png,EXCLUDED_CORRUPT,
SDXL_Refine/SDXL_Refine/id_1893/images_2_refine/M1_007/sd2_gene_1_refine.png,EXCLUDED_CORRUPT,
SDXL_Refine/SDXL_Refine/id_1893/images_2_refine/M1_012/sd2_gene_1_refine.png,EXCLUDED_CORRUPT,
SDXL_Refine/SDXL_Refine/id_1893/images_2_refine/M1_013/sd2_gene_1_refine.png,EXCLUDED_CORRUPT,
SDXL_Refine/SDXL_Refine/id_2814/images_3_refine/M1_011/sd2_gene_1_refine.png,EXCLUDED_CORRUPT,
SDXL_Refine/SDXL_Refine/id_2814/images_3_refine/M1_005/sd2_gene_1_refine.png,EXCLUDED_CORRUPT,
SDXL_Refine/SDXL_Refine/id_2814/images_3_refine/M1_002/sd2_gene_1_refine.png,EXCLUDED_CORRUPT,
SDXL_Refine/SDXL_Refine/id_2814/images_3_refine/M1_010/sd2_gene_1_refine.png,EXCLUDED_CORRUPT,
SDXL_Refine/SDXL_Refine/id_2814/images_3_refine/M1_000/sd2_gene_1_refine.png,EXCLUDED_CORRUPT,
SDXL_Refine/SDXL_Refine/id_2814/images_3_refine/M1_004/sd2_gene_1_refine.png,EXCLUDED_CORRUPT,
SDXL_Refine/SDXL_Refine/id_2814/images_3_refine/M1_009/sd2_gene_1_refine.png,EXCLUDED_CORRUPT,
SDXL_Refine/SDXL_Refine/id_2814/images_3_refine/M1_003/sd2_gene_1_refine.png,EXCLUDED_CORRUPT,
SDXL_Refine/SDXL_Refine/id_2814/images_3_refine/M1_001/sd2_gene_1_refine.png,EXCLUDED_CORRUPT,
SDXL_Refine/SDXL_Refine/id_2814/images_3_refine/M1_006/sd2_gene_1_refine.png,EXCLUDED_CORRUPT,
SDXL_Refine/SDXL_Refine/id_2814/images_3_refine/M1_007/sd2_gene_1_refine.png,EXCLUDED_CORRUPT,
SDXL_Refine/SDXL_Refine/id_2814/images_4_refine/M1_011/sd2_gene_1_refine.png,EXCLUDED_CORRUPT,
SDXL_Refine/SDXL_Refine/id_2814/images_4_refine/M1_008/sd2_gene_1_refine.png,EXCLUDED_CORRUPT,
SDXL_Refine/SDXL_Refine/id_2814/images_4_refine/M1_005/sd2_gene_1_refine.png,EXCLUDED_CORRUPT,
SDXL_Refine/SDXL_Refine/id_2814/images_4_refine/M1_002/sd2_gene_1_refine.png,EXCLUDED_CORRUPT,
SDXL_Refine/SDXL_Refine/id_2814/images_4_refine/M1_010/sd2_gene_1_refine.png,EXCLUDED_CORRUPT,
SDXL_Refine/SDXL_Refine/id_2814/images_4_refine/M1_000/sd2_gene_1_refine.png,EXCLUDED_CORRUPT,
SDXL_Refine/SDXL_Refine/id_2814/images_4_refine/M1_004/sd2_gene_1_refine.png,EXCLUDED_CORRUPT,
SDXL_Refine/SDXL_Refine/id_2814/images_4_refine/M1_009/sd2_gene_1_refine.png,EXCLUDED_CORRUPT,
SDXL_Refine/SDXL_Refine/id_2814/images_4_refine/M1_001/sd2_gene_1_refine.png,EXCLUDED_CORRUPT,
SDXL_Refine/SDXL_Refine/id_2814/images_4_refine/M1_006/sd2_gene_1_refine.png,EXCLUDED_CORRUPT,
SDXL_Refine/SDXL_Refine/id_2814/images_4_refine/M1_007/sd2_gene_1_refine.png,EXCLUDED_CORRUPT,
SDXL_Refine/SDXL_Refine/id_2814/images_refine/M1_011/sd2_gene_1_refine.png,EXCLUDED_CORRUPT,
SDXL_Refine/SDXL_Refine/id_2814/images_refine/M1_008/sd2_gene_1_refine.png,EXCLUDED_CORRUPT,
SDXL_Refine/SDXL_Refine/id_2814/images_refine/M1_005/sd2_gene_1_refine.png,EXCLUDED_CORRUPT,
SDXL_Refine/SDXL_Refine/id_2814/images_refine/M1_002/sd2_gene_1_refine.png,EXCLUDED_CORRUPT,
SDXL_Refine/SDXL_Refine/id_2814/images_refine/M1_010/sd2_gene_1_refine.png,EXCLUDED_CORRUPT,
SDXL_Refine/SDXL_Refine/id_2814/images_refine/M1_000/sd2_gene_1_refine.png,EXCLUDED_CORRUPT,
SDXL_Refine/SDXL_Refine/id_2814/images_refine/M1_004/sd2_gene_1_refine.png,EXCLUDED_CORRUPT,
SDXL_Refine/SDXL_Refine/id_2814/images_refine/M1_009/sd2_gene_1_refine.png,EXCLUDED_CORRUPT,
SDXL_Refine/SDXL_Refine/id_2814/images_refine/M1_001/sd2_gene_1_refine.png,EXCLUDED_CORRUPT,
SDXL_Refine/SDXL_Refine/id_2814/images_refine/M1_006/sd2_gene_1_refine.png,EXCLUDED_CORRUPT,
SDXL_Refine/SDXL_Refine/id_2814/images_refine/M1_007/sd2_gene_1_refine.png,EXCLUDED_CORRUPT,
SDXL_Refine/SDXL_Refine/id_2814/images_2_refine/M1_011/sd2_gene_1_refine.png,EXCLUDED_CORRUPT,
SDXL_Refine/SDXL_Refine/id_2814/images_2_refine/M1_008/sd2_gene_1_refine.png,EXCLUDED_CORRUPT,
SDXL_Refine/SDXL_Refine/id_2814/images_2_refine/M1_005/sd2_gene_1_refine.png,EXCLUDED_CORRUPT,
SDXL_Refine/SDXL_Refine/id_2814/images_2_refine/M1_002/sd2_gene_1_refine.png,EXCLUDED_CORRUPT,
SDXL_Refine/SDXL_Refine/id_2814/images_2_refine/M1_010/sd2_gene_1_refine.png,EXCLUDED_CORRUPT,
SDXL_Refine/SDXL_Refine/id_2814/images_2_refine/M1_000/sd2_gene_1_refine.png,EXCLUDED_CORRUPT,
SDXL_Refine/SDXL_Refine/id_2814/images_2_refine/M1_004/sd2_gene_1_refine.png,EXCLUDED_CORRUPT,
SDXL_Refine/SDXL_Refine/id_2814/images_2_refine/M1_009/sd2_gene_1_refine.png,EXCLUDED_CORRUPT,
SDXL_Refine/SDXL_Refine/id_2814/images_2_refine/M1_001/sd2_gene_1_refine.png,EXCLUDED_CORRUPT,
SDXL_Refine/SDXL_Refine/id_2814/images_2_refine/M1_006/sd2_gene_1_refine.png,EXCLUDED_CORRUPT,
SDXL_Refine/SDXL_Refine/id_2814/images_2_refine/M1_007/sd2_gene_1_refine.png,EXCLUDED_CORRUPT,
SDXL_Refine/SDXL_Refine/id_1898/images_3_refine/M1_025/sd2_gene_1_refine.png,EXCLUDED_CORRUPT,
SDXL_Refine/SDXL_Refine/id_1898/images_3_refine/M1_044/sd2_gene_1_refine.png,EXCLUDED_CORRUPT,
SDXL_Refine/SDXL_Refine/id_1898/images_3_refine/M1_017/sd2_gene_1_refine.png,EXCLUDED_CORRUPT,
SDXL_Refine/SDXL_Refine/id_1898/images_3_refine/M1_035/sd2_gene_1_refine.png,EXCLUDED_CORRUPT,
SDXL_Refine/SDXL_Refine/id_1898/images_3_refine/M1_011/sd2_gene_1_refine.png,EXCLUDED_CORRUPT,
SDXL_Refine/SDXL_Refine/id_1898/images_3_refine/M1_008/sd2_gene_1_refine.png,EXCLUDED_CORRUPT,
SDXL_Refine/SDXL_Refine/id_1898/images_3_refine/M1_028/sd2_gene_1_refine.png,EXCLUDED_CORRUPT,
SDXL_Refine/SDXL_Refine/id_1898/images_3_refine/M1_037/sd2_gene_1_refine.png,EXCLUDED_CORRUPT,
SDXL_Refine/SDXL_Refine/id_1898/images_3_refine/M1_005/sd2_gene_1_refine.png,EXCLUDED_CORRUPT,
SDXL_Refine/SDXL_Refine/id_1898/images_3_refine/M1_043/sd2_gene_1_refine.png,EXCLUDED_CORRUPT,
SDXL_Refine/SDXL_Refine/id_1898/images_3_refine/M1_002/sd2_gene_1_refine.png,EXCLUDED_CORRUPT,
SDXL_Refine/SDXL_Refine/id_1898/images_3_refine/M1_010/sd2_gene_1_refine.png,EXCLUDED_CORRUPT,
SDXL_Refine/SDXL_Refine/id_1898/images_3_refine/M1_027/sd2_gene_1_refine.png,EXCLUDED_CORRUPT,
SDXL_Refine/SDXL_Refine/id_1898/images_3_refine/M1_050/sd2_gene_1_refine.png,EXCLUDED_CORRUPT,
SDXL_Refine/SDXL_Refine/id_1898/images_3_refine/M1_042/sd2_gene_1_refine.png,EXCLUDED_CORRUPT,
SDXL_Refine/SDXL_Refine/id_1898/images_3_refine/M1_026/sd2_gene_1_refine.png,EXCLUDED_CORRUPT,
SDXL_Refine/SDXL_Refine/id_1898/images_3_refine/M1_047/sd2_gene_1_refine.png,EXCLUDED_CORRUPT,
SDXL_Refine/SDXL_Refine/id_1898/images_3_refine/M1_054/sd2_gene_1_refine.png,EXCLUDED_CORRUPT,
SDXL_Refine/SDXL_Refine/id_1898/images_3_refine/M1_045/sd2_gene_1_refine.png,EXCLUDED_CORRUPT,
SDXL_Refine/SDXL_Refine/id_1898/images_3_refine/M1_046/sd2_gene_1_refine.png,EXCLUDED_CORRUPT,
SDXL_Refine/SDXL_Refine/id_1898/images_3_refine/M1_023/sd2_gene_1_refine.png,EXCLUDED_CORRUPT,
SDXL_Refine/SDXL_Refine/id_1898/images_3_refine/M1_033/sd2_gene_1_refine.png,EXCLUDED_CORRUPT,
SDXL_Refine/SDXL_Refine/id_1898/images_3_refine/M1_000/sd2_gene_1_refine.png,EXCLUDED_CORRUPT,
SDXL_Refine/SDXL_Refine/id_1898/images_3_refine/M1_019/sd2_gene_1_refine.png,EXCLUDED_CORRUPT,
SDXL_Refine/SDXL_Refine/id_1898/images_3_refine/M1_004/sd2_gene_1_refine.png,EXCLUDED_CORRUPT,
SDXL_Refine/SDXL_Refine/id_1898/images_3_refine/M1_038/sd2_gene_1_refine.png,EXCLUDED_CORRUPT,
SDXL_Refine/SDXL_Refine/id_1898/images_3_refine/M1_018/sd2_gene_1_refine.png,EXCLUDED_CORRUPT,
SDXL_Refine/SDXL_Refine/id_1898/images_3_refine/M1_016/sd2_gene_1_refine.png,EXCLUDED_CORRUPT,
SDXL_Refine/SDXL_Refine/id_1898/images_3_refine/M1_009/sd2_gene_1_refine.png,EXCLUDED_CORRUPT,
SDXL_Refine/SDXL_Refine/id_1898/images_3_refine/M1_048/sd2_gene_1_refine.png,EXCLUDED_CORRUPT,
SDXL_Refine/SDXL_Refine/id_1898/images_3_refine/M1_022/sd2_gene_1_refine.png,EXCLUDED_CORRUPT,
SDXL_Refine/SDXL_Refine/id_1898/images_3_refine/M1_049/sd2_gene_1_refine.png,EXCLUDED_CORRUPT,
SDXL_Refine/SDXL_Refine/id_1898/images_3_refine/M1_015/sd2_gene_1_refine.png,EXCLUDED_CORRUPT,
SDXL_Refine/SDXL_Refine/id_1898/images_3_refine/M1_053/sd2_gene_1_refine.png,EXCLUDED_CORRUPT,
SDXL_Refine/SDXL_Refine/id_1898/images_3_refine/M1_039/sd2_gene_1_refine.png,EXCLUDED_CORRUPT,
SDXL_Refine/SDXL_Refine/id_1898/images_3_refine/M1_024/sd2_gene_1_refine.png,EXCLUDED_CORRUPT,
SDXL_Refine/SDXL_Refine/id_1898/images_3_refine/M1_021/sd2_gene_1_refine.png,EXCLUDED_CORRUPT,
SDXL_Refine/SDXL_Refine/id_1898/images_3_refine/M1_040/sd2_gene_1_refine.png,EXCLUDED_CORRUPT,
SDXL_Refine/SDXL_Refine/id_1898/images_3_refine/M1_003/sd2_gene_1_refine.png,EXCLUDED_CORRUPT,
SDXL_Refine/SDXL_Refine/id_1898/images_3_refine/M1_001/sd2_gene_1_refine.png,EXCLUDED_CORRUPT,
SDXL_Refine/SDXL_Refine/id_1898/images_3_refine/M1_032/sd2_gene_1_refine.png,EXCLUDED_CORRUPT,
SDXL_Refine/SDXL_Refine/id_1898/images_3_refine/M1_020/sd2_gene_1_refine.png,EXCLUDED_CORRUPT,
SDXL_Refine/SDXL_Refine/id_1898/images_3_refine/M1_036/sd2_gene_1_refine.png,EXCLUDED_CORRUPT,
SDXL_Refine/SDXL_Refine/id_1898/images_3_refine/M1_014/sd2_gene_1_refine.png,EXCLUDED_CORRUPT,
SDXL_Refine/SDXL_Refine/id_1898/images_3_refine/M1_055/sd2_gene_1_refine.png,EXCLUDED_CORRUPT,
SDXL_Refine/SDXL_Refine/id_1898/images_3_refine/M1_006/sd2_gene_1_refine.png,EXCLUDED_CORRUPT,
SDXL_Refine/SDXL_Refine/id_1898/images_3_refine/M1_051/sd2_gene_1_refine.png,EXCLUDED_CORRUPT,
SDXL_Refine/SDXL_Refine/id_1898/images_3_refine/M1_007/sd2_gene_1_refine.png,EXCLUDED_CORRUPT,
SDXL_Refine/SDXL_Refine/id_1898/images_3_refine/M1_012/sd2_gene_1_refine.png,EXCLUDED_CORRUPT,
SDXL_Refine/SDXL_Refine/id_1898/images_3_refine/M1_031/sd2_gene_1_refine.png,EXCLUDED_CORRUPT,
SDXL_Refine/SDXL_Refine/id_1898/images_3_refine/M1_041/sd2_gene_1_refine.png,EXCLUDED_CORRUPT,
SDXL_Refine/SDXL_Refine/id_1898/images_3_refine/M1_013/sd2_gene_1_refine.png,EXCLUDED_CORRUPT,
SDXL_Refine/SDXL_Refine/id_1898/images_3_refine/M1_052/sd2_gene_1_refine.png,EXCLUDED_CORRUPT,
SDXL_Refine/SDXL_Refine/id_1898/images_4_refine/M1_025/sd2_gene_1_refine.png,EXCLUDED_CORRUPT,
SDXL_Refine/SDXL_Refine/id_1898/images_4_refine/M1_044/sd2_gene_1_refine.png,EXCLUDED_CORRUPT,
SDXL_Refine/SDXL_Refine/id_1898/images_4_refine/M1_017/sd2_gene_1_refine.png,EXCLUDED_CORRUPT,
SDXL_Refine/SDXL_Refine/id_1898/images_4_refine/M1_035/sd2_gene_1_refine.png,EXCLUDED_CORRUPT,
SDXL_Refine/SDXL_Refine/id_1898/images_4_refine/M1_011/sd2_gene_1_refine.png,EXCLUDED_CORRUPT,
SDXL_Refine/SDXL_Refine/id_1898/images_4_refine/M1_008/sd2_gene_1_refine.png,EXCLUDED_CORRUPT,
SDXL_Refine/SDXL_Refine/id_1898/images_4_refine/M1_028/sd2_gene_1_refine.png,EXCLUDED_CORRUPT,
SDXL_Refine/SDXL_Refine/id_1898/images_4_refine/M1_037/sd2_gene_1_refine.png,EXCLUDED_CORRUPT,
SDXL_Refine/SDXL_Refine/id_1898/images_4_refine/M1_005/sd2_gene_1_refine.png,EXCLUDED_CORRUPT,
SDXL_Refine/SDXL_Refine/id_1898/images_4_refine/M1_043/sd2_gene_1_refine.png,EXCLUDED_CORRUPT,
SDXL_Refine/SDXL_Refine/id_1898/images_4_refine/M1_002/sd2_gene_1_refine.png,EXCLUDED_CORRUPT,
SDXL_Refine/SDXL_Refine/id_1898/images_4_refine/M1_010/sd2_gene_1_refine.png,EXCLUDED_CORRUPT,
SDXL_Refine/SDXL_Refine/id_1898/images_4_refine/M1_027/sd2_gene_1_refine.png,EXCLUDED_CORRUPT,
SDXL_Refine/SDXL_Refine/id_1898/images_4_refine/M1_050/sd2_gene_1_refine.png,EXCLUDED_CORRUPT,
SDXL_Refine/SDXL_Refine/id_1898/images_4_refine/M1_042/sd2_gene_1_refine.png,EXCLUDED_CORRUPT,
SDXL_Refine/SDXL_Refine/id_1898/images_4_refine/M1_026/sd2_gene_1_refine.png,EXCLUDED_CORRUPT,
SDXL_Refine/SDXL_Refine/id_1898/images_4_refine/M1_047/sd2_gene_1_refine.png,EXCLUDED_CORRUPT,
SDXL_Refine/SDXL_Refine/id_1898/images_4_refine/M1_054/sd2_gene_1_refine.png,EXCLUDED_CORRUPT,
SDXL_Refine/SDXL_Refine/id_1898/images_4_refine/M1_045/sd2_gene_1_refine.png,EXCLUDED_CORRUPT,
SDXL_Refine/SDXL_Refine/id_1898/images_4_refine/M1_046/sd2_gene_1_refine.png,EXCLUDED_CORRUPT,
SDXL_Refine/SDXL_Refine/id_1898/images_4_refine/M1_023/sd2_gene_1_refine.png,EXCLUDED_CORRUPT,
SDXL_Refine/SDXL_Refine/id_1898/images_4_refine/M1_033/sd2_gene_1_refine.png,EXCLUDED_CORRUPT,
SDXL_Refine/SDXL_Refine/id_1898/images_4_refine/M1_000/sd2_gene_1_refine.png,EXCLUDED_CORRUPT,
SDXL_Refine/SDXL_Refine/id_1898/images_4_refine/M1_019/sd2_gene_1_refine.png,EXCLUDED_CORRUPT,
SDXL_Refine/SDXL_Refine/id_1898/images_4_refine/M1_004/sd2_gene_1_refine.png,EXCLUDED_CORRUPT,
SDXL_Refine/SDXL_Refine/id_1898/images_4_refine/M1_038/sd2_gene_1_refine.png,EXCLUDED_CORRUPT,
SDXL_Refine/SDXL_Refine/id_1898/images_4_refine/M1_018/sd2_gene_1_refine.png,EXCLUDED_CORRUPT,
SDXL_Refine/SDXL_Refine/id_1898/images_4_refine/M1_016/sd2_gene_1_refine.png,EXCLUDED_CORRUPT,
SDXL_Refine/SDXL_Refine/id_1898/images_4_refine/M1_009/sd2_gene_1_refine.png,EXCLUDED_CORRUPT,
SDXL_Refine/SDXL_Refine/id_1898/images_4_refine/M1_048/sd2_gene_1_refine.png,EXCLUDED_CORRUPT,
SDXL_Refine/SDXL_Refine/id_1898/images_4_refine/M1_022/sd2_gene_1_refine.png,EXCLUDED_CORRUPT,
SDXL_Refine/SDXL_Refine/id_1898/images_4_refine/M1_049/sd2_gene_1_refine.png,EXCLUDED_CORRUPT,
SDXL_Refine/SDXL_Refine/id_1898/images_4_refine/M1_015/sd2_gene_1_refine.png,EXCLUDED_CORRUPT,
SDXL_Refine/SDXL_Refine/id_1898/images_4_refine/M1_053/sd2_gene_1_refine.png,EXCLUDED_CORRUPT,
SDXL_Refine/SDXL_Refine/id_1898/images_4_refine/M1_039/sd2_gene_1_refine.png,EXCLUDED_CORRUPT,
SDXL_Refine/SDXL_Refine/id_1898/images_4_refine/M1_024/sd2_gene_1_refine.png,EXCLUDED_CORRUPT,
SDXL_Refine/SDXL_Refine/id_1898/images_4_refine/M1_021/sd2_gene_1_refine.png,EXCLUDED_CORRUPT,
SDXL_Refine/SDXL_Refine/id_1898/images_4_refine/M1_040/sd2_gene_1_refine.png,EXCLUDED_CORRUPT,
SDXL_Refine/SDXL_Refine/id_1898/images_4_refine/M1_003/sd2_gene_1_refine.png,EXCLUDED_CORRUPT,
SDXL_Refine/SDXL_Refine/id_1898/images_4_refine/M1_001/sd2_gene_1_refine.png,EXCLUDED_CORRUPT,
SDXL_Refine/SDXL_Refine/id_1898/images_4_refine/M1_032/sd2_gene_1_refine.png,EXCLUDED_CORRUPT,
SDXL_Refine/SDXL_Refine/id_1898/images_4_refine/M1_020/sd2_gene_1_refine.png,EXCLUDED_CORRUPT,
SDXL_Refine/SDXL_Refine/id_1898/images_4_refine/M1_036/sd2_gene_1_refine.png,EXCLUDED_CORRUPT,
SDXL_Refine/SDXL_Refine/id_1898/images_4_refine/M1_014/sd2_gene_1_refine.png,EXCLUDED_CORRUPT,
SDXL_Refine/SDXL_Refine/id_1898/images_4_refine/M1_055/sd2_gene_1_refine.png,EXCLUDED_CORRUPT,
SDXL_Refine/SDXL_Refine/id_1898/images_4_refine/M1_034/sd2_gene_1_refine.png,EXCLUDED_CORRUPT,
SDXL_Refine/SDXL_Refine/id_1898/images_4_refine/M1_006/sd2_gene_1_refine.png,EXCLUDED_CORRUPT,
SDXL_Refine/SDXL_Refine/id_1898/images_4_refine/M1_051/sd2_gene_1_refine.png,EXCLUDED_CORRUPT,
SDXL_Refine/SDXL_Refine/id_1898/images_4_refine/M1_007/sd2_gene_1_refine.png,EXCLUDED_CORRUPT,
SDXL_Refine/SDXL_Refine/id_1898/images_4_refine/M1_012/sd2_gene_1_refine.png,EXCLUDED_CORRUPT,
SDXL_Refine/SDXL_Refine/id_1898/images_4_refine/M1_031/sd2_gene_1_refine.png,EXCLUDED_CORRUPT,
SDXL_Refine/SDXL_Refine/id_1898/images_4_refine/M1_041/sd2_gene_1_refine.png,EXCLUDED_CORRUPT,
SDXL_Refine/SDXL_Refine/id_1898/images_4_refine/M1_013/sd2_gene_1_refine.png,EXCLUDED_CORRUPT,
SDXL_Refine/SDXL_Refine/id_1898/images_4_refine/M1_052/sd2_gene_1_refine.png,EXCLUDED_CORRUPT,
SDXL_Refine/SDXL_Refine/id_1898/images_refine/M1_025/sd2_gene_1_refine.png,EXCLUDED_CORRUPT,
SDXL_Refine/SDXL_Refine/id_1898/images_refine/M1_044/sd2_gene_1_refine.png,EXCLUDED_CORRUPT,
SDXL_Refine/SDXL_Refine/id_1898/images_refine/M1_017/sd2_gene_1_refine.png,EXCLUDED_CORRUPT,
SDXL_Refine/SDXL_Refine/id_1898/images_refine/M1_035/sd2_gene_1_refine.png,EXCLUDED_CORRUPT,
SDXL_Refine/SDXL_Refine/id_1898/images_refine/M1_011/sd2_gene_1_refine.png,EXCLUDED_CORRUPT,
SDXL_Refine/SDXL_Refine/id_1898/images_refine/M1_008/sd2_gene_1_refine.png,EXCLUDED_CORRUPT,
SDXL_Refine/SDXL_Refine/id_1898/images_refine/M1_028/sd2_gene_1_refine.png,EXCLUDED_CORRUPT,
SDXL_Refine/SDXL_Refine/id_1898/images_refine/M1_037/sd2_gene_1_refine.png,EXCLUDED_CORRUPT,
SDXL_Refine/SDXL_Refine/id_1898/images_refine/M1_005/sd2_gene_1_refine.png,EXCLUDED_CORRUPT,
SDXL_Refine/SDXL_Refine/id_1898/images_refine/M1_043/sd2_gene_1_refine.png,EXCLUDED_CORRUPT,
SDXL_Refine/SDXL_Refine/id_1898/images_refine/M1_002/sd2_gene_1_refine.png,EXCLUDED_CORRUPT,
SDXL_Refine/SDXL_Refine/id_1898/images_refine/M1_010/sd2_gene_1_refine.png,EXCLUDED_CORRUPT,
SDXL_Refine/SDXL_Refine/id_1898/images_refine/M1_027/sd2_gene_1_refine.png,EXCLUDED_CORRUPT,
SDXL_Refine/SDXL_Refine/id_1898/images_refine/M1_050/sd2_gene_1_refine.png,EXCLUDED_CORRUPT,
SDXL_Refine/SDXL_Refine/id_1898/images_refine/M1_042/sd2_gene_1_refine.png,EXCLUDED_CORRUPT,
SDXL_Refine/SDXL_Refine/id_1898/images_refine/M1_026/sd2_gene_1_refine.png,EXCLUDED_CORRUPT,
SDXL_Refine/SDXL_Refine/id_1898/images_refine/M1_047/sd2_gene_1_refine.png,EXCLUDED_CORRUPT,
SDXL_Refine/SDXL_Refine/id_1898/images_refine/M1_054/sd2_gene_1_refine.png,EXCLUDED_CORRUPT,
SDXL_Refine/SDXL_Refine/id_1898/images_refine/M1_045/sd2_gene_1_refine.png,EXCLUDED_CORRUPT,
SDXL_Refine/SDXL_Refine/id_1898/images_refine/M1_046/sd2_gene_1_refine.png,EXCLUDED_CORRUPT,
SDXL_Refine/SDXL_Refine/id_1898/images_refine/M1_023/sd2_gene_1_refine.png,EXCLUDED_CORRUPT,
SDXL_Refine/SDXL_Refine/id_1898/images_refine/M1_033/sd2_gene_1_refine.png,EXCLUDED_CORRUPT,
SDXL_Refine/SDXL_Refine/id_1898/images_refine/M1_000/sd2_gene_1_refine.png,EXCLUDED_CORRUPT,
SDXL_Refine/SDXL_Refine/id_1898/images_refine/M1_019/sd2_gene_1_refine.png,EXCLUDED_CORRUPT,
SDXL_Refine/SDXL_Refine/id_1898/images_refine/M1_004/sd2_gene_1_refine.png,EXCLUDED_CORRUPT,
SDXL_Refine/SDXL_Refine/id_1898/images_refine/M1_038/sd2_gene_1_refine.png,EXCLUDED_CORRUPT,
SDXL_Refine/SDXL_Refine/id_1898/images_refine/M1_018/sd2_gene_1_refine.png,EXCLUDED_CORRUPT,
SDXL_Refine/SDXL_Refine/id_1898/images_refine/M1_016/sd2_gene_1_refine.png,EXCLUDED_CORRUPT,
SDXL_Refine/SDXL_Refine/id_1898/images_refine/M1_009/sd2_gene_1_refine.png,EXCLUDED_CORRUPT,
SDXL_Refine/SDXL_Refine/id_1898/images_refine/M1_048/sd2_gene_1_refine.png,EXCLUDED_CORRUPT,
SDXL_Refine/SDXL_Refine/id_1898/images_refine/M1_022/sd2_gene_1_refine.png,EXCLUDED_CORRUPT,
SDXL_Refine/SDXL_Refine/id_1898/images_refine/M1_049/sd2_gene_1_refine.png,EXCLUDED_CORRUPT,
SDXL_Refine/SDXL_Refine/id_1898/images_refine/M1_015/sd2_gene_1_refine.png,EXCLUDED_CORRUPT,
SDXL_Refine/SDXL_Refine/id_1898/images_refine/M1_053/sd2_gene_1_refine.png,EXCLUDED_CORRUPT,
SDXL_Refine/SDXL_Refine/id_1898/images_refine/M1_039/sd2_gene_1_refine.png,EXCLUDED_CORRUPT,
SDXL_Refine/SDXL_Refine/id_1898/images_refine/M1_024/sd2_gene_1_refine.png,EXCLUDED_CORRUPT,
SDXL_Refine/SDXL_Refine/id_1898/images_refine/M1_021/sd2_gene_1_refine.png,EXCLUDED_CORRUPT,
SDXL_Refine/SDXL_Refine/id_1898/images_refine/M1_040/sd2_gene_1_refine.png,EXCLUDED_CORRUPT,
SDXL_Refine/SDXL_Refine/id_1898/images_refine/M1_003/sd2_gene_1_refine.png,EXCLUDED_CORRUPT,
SDXL_Refine/SDXL_Refine/id_1898/images_refine/M1_001/sd2_gene_1_refine.png,EXCLUDED_CORRUPT,
SDXL_Refine/SDXL_Refine/id_1898/images_refine/M1_032/sd2_gene_1_refine.png,EXCLUDED_CORRUPT,
SDXL_Refine/SDXL_Refine/id_1898/images_refine/M1_020/sd2_gene_1_refine.png,EXCLUDED_CORRUPT,
SDXL_Refine/SDXL_Refine/id_1898/images_refine/M1_036/sd2_gene_1_refine.png,EXCLUDED_CORRUPT,
SDXL_Refine/SDXL_Refine/id_1898/images_refine/M1_014/sd2_gene_1_refine.png,EXCLUDED_CORRUPT,
SDXL_Refine/SDXL_Refine/id_1898/images_refine/M1_055/sd2_gene_1_refine.png,EXCLUDED_CORRUPT,
SDXL_Refine/SDXL_Refine/id_1898/images_refine/M1_029/sd2_gene_1_refine.png,EXCLUDED_CORRUPT,
SDXL_Refine/SDXL_Refine/id_1898/images_refine/M1_034/sd2_gene_1_refine.png,EXCLUDED_CORRUPT,
SDXL_Refine/SDXL_Refine/id_1898/images_refine/M1_006/sd2_gene_1_refine.png,EXCLUDED_CORRUPT,
SDXL_Refine/SDXL_Refine/id_1898/images_refine/M1_051/sd2_gene_1_refine.png,EXCLUDED_CORRUPT,
SDXL_Refine/SDXL_Refine/id_1898/images_refine/M1_007/sd2_gene_1_refine.png,EXCLUDED_CORRUPT,
SDXL_Refine/SDXL_Refine/id_1898/images_refine/M1_012/sd2_gene_1_refine.png,EXCLUDED_CORRUPT,
SDXL_Refine/SDXL_Refine/id_1898/images_refine/M1_031/sd2_gene_1_refine.png,EXCLUDED_CORRUPT,
SDXL_Refine/SDXL_Refine/id_1898/images_refine/M1_041/sd2_gene_1_refine.png,EXCLUDED_CORRUPT,
SDXL_Refine/SDXL_Refine/id_1898/images_refine/M1_013/sd2_gene_1_refine.png,EXCLUDED_CORRUPT,
SDXL_Refine/SDXL_Refine/id_1898/images_refine/M1_052/sd2_gene_1_refine.png,EXCLUDED_CORRUPT,
SDXL_Refine/SDXL_Refine/id_1898/images_2_refine/M1_025/sd2_gene_1_refine.png,EXCLUDED_CORRUPT,
SDXL_Refine/SDXL_Refine/id_1898/images_2_refine/M1_044/sd2_gene_1_refine.png,EXCLUDED_CORRUPT,
SDXL_Refine/SDXL_Refine/id_1898/images_2_refine/M1_017/sd2_gene_1_refine.png,EXCLUDED_CORRUPT,
SDXL_Refine/SDXL_Refine/id_1898/images_2_refine/M1_035/sd2_gene_1_refine.png,EXCLUDED_CORRUPT,
SDXL_Refine/SDXL_Refine/id_1898/images_2_refine/M1_011/sd2_gene_1_refine.png,EXCLUDED_CORRUPT,
SDXL_Refine/SDXL_Refine/id_1898/images_2_refine/M1_008/sd2_gene_1_refine.png,EXCLUDED_CORRUPT,
SDXL_Refine/SDXL_Refine/id_1898/images_2_refine/M1_028/sd2_gene_1_refine.png,EXCLUDED_CORRUPT,
SDXL_Refine/SDXL_Refine/id_1898/images_2_refine/M1_037/sd2_gene_1_refine.png,EXCLUDED_CORRUPT,
SDXL_Refine/SDXL_Refine/id_1898/images_2_refine/M1_005/sd2_gene_1_refine.png,EXCLUDED_CORRUPT,
SDXL_Refine/SDXL_Refine/id_1898/images_2_refine/M1_043/sd2_gene_1_refine.png,EXCLUDED_CORRUPT,
SDXL_Refine/SDXL_Refine/id_1898/images_2_refine/M1_002/sd2_gene_1_refine.png,EXCLUDED_CORRUPT,
SDXL_Refine/SDXL_Refine/id_1898/images_2_refine/M1_010/sd2_gene_1_refine.png,EXCLUDED_CORRUPT,
SDXL_Refine/SDXL_Refine/id_1898/images_2_refine/M1_027/sd2_gene_1_refine.png,EXCLUDED_CORRUPT,
SDXL_Refine/SDXL_Refine/id_1898/images_2_refine/M1_050/sd2_gene_1_refine.png,EXCLUDED_CORRUPT,
SDXL_Refine/SDXL_Refine/id_1898/images_2_refine/M1_042/sd2_gene_1_refine.png,EXCLUDED_CORRUPT,
SDXL_Refine/SDXL_Refine/id_1898/images_2_refine/M1_026/sd2_gene_1_refine.png,EXCLUDED_CORRUPT,
SDXL_Refine/SDXL_Refine/id_1898/images_2_refine/M1_047/sd2_gene_1_refine.png,EXCLUDED_CORRUPT,
SDXL_Refine/SDXL_Refine/id_1898/images_2_refine/M1_054/sd2_gene_1_refine.png,EXCLUDED_CORRUPT,
SDXL_Refine/SDXL_Refine/id_1898/images_2_refine/M1_045/sd2_gene_1_refine.png,EXCLUDED_CORRUPT,
SDXL_Refine/SDXL_Refine/id_1898/images_2_refine/M1_046/sd2_gene_1_refine.png,EXCLUDED_CORRUPT,
SDXL_Refine/SDXL_Refine/id_1898/images_2_refine/M1_023/sd2_gene_1_refine.png,EXCLUDED_CORRUPT,
SDXL_Refine/SDXL_Refine/id_1898/images_2_refine/M1_033/sd2_gene_1_refine.png,EXCLUDED_CORRUPT,
SDXL_Refine/SDXL_Refine/id_1898/images_2_refine/M1_000/sd2_gene_1_refine.png,EXCLUDED_CORRUPT,
SDXL_Refine/SDXL_Refine/id_1898/images_2_refine/M1_019/sd2_gene_1_refine.png,EXCLUDED_CORRUPT,
SDXL_Refine/SDXL_Refine/id_1898/images_2_refine/M1_004/sd2_gene_1_refine.png,EXCLUDED_CORRUPT,
SDXL_Refine/SDXL_Refine/id_1898/images_2_refine/M1_038/sd2_gene_1_refine.png,EXCLUDED_CORRUPT,
SDXL_Refine/SDXL_Refine/id_1898/images_2_refine/M1_018/sd2_gene_1_refine.png,EXCLUDED_CORRUPT,
SDXL_Refine/SDXL_Refine/id_1898/images_2_refine/M1_016/sd2_gene_1_refine.png,EXCLUDED_CORRUPT,
SDXL_Refine/SDXL_Refine/id_1898/images_2_refine/M1_009/sd2_gene_1_refine.png,EXCLUDED_CORRUPT,
SDXL_Refine/SDXL_Refine/id_1898/images_2_refine/M1_048/sd2_gene_1_refine.png,EXCLUDED_CORRUPT,
SDXL_Refine/SDXL_Refine/id_1898/images_2_refine/M1_022/sd2_gene_1_refine.png,EXCLUDED_CORRUPT,
SDXL_Refine/SDXL_Refine/id_1898/images_2_refine/M1_049/sd2_gene_1_refine.png,EXCLUDED_CORRUPT,
SDXL_Refine/SDXL_Refine/id_1898/images_2_refine/M1_015/sd2_gene_1_refine.png,EXCLUDED_CORRUPT,
SDXL_Refine/SDXL_Refine/id_1898/images_2_refine/M1_053/sd2_gene_1_refine.png,EXCLUDED_CORRUPT,
SDXL_Refine/SDXL_Refine/id_1898/images_2_refine/M1_039/sd2_gene_1_refine.png,EXCLUDED_CORRUPT,
SDXL_Refine/SDXL_Refine/id_1898/images_2_refine/M1_024/sd2_gene_1_refine.png,EXCLUDED_CORRUPT,
SDXL_Refine/SDXL_Refine/id_1898/images_2_refine/M1_021/sd2_gene_1_refine.png,EXCLUDED_CORRUPT,
SDXL_Refine/SDXL_Refine/id_1898/images_2_refine/M1_040/sd2_gene_1_refine.png,EXCLUDED_CORRUPT,
SDXL_Refine/SDXL_Refine/id_1898/images_2_refine/M1_003/sd2_gene_1_refine.png,EXCLUDED_CORRUPT,
SDXL_Refine/SDXL_Refine/id_1898/images_2_refine/M1_001/sd2_gene_1_refine.png,EXCLUDED_CORRUPT,
SDXL_Refine/SDXL_Refine/id_1898/images_2_refine/M1_032/sd2_gene_1_refine.png,EXCLUDED_CORRUPT,
SDXL_Refine/SDXL_Refine/id_1898/images_2_refine/M1_020/sd2_gene_1_refine.png,EXCLUDED_CORRUPT,
SDXL_Refine/SDXL_Refine/id_1898/images_2_refine/M1_036/sd2_gene_1_refine.png,EXCLUDED_CORRUPT,
SDXL_Refine/SDXL_Refine/id_1898/images_2_refine/M1_014/sd2_gene_1_refine.png,EXCLUDED_CORRUPT,
SDXL_Refine/SDXL_Refine/id_1898/images_2_refine/M1_055/sd2_gene_1_refine.png,EXCLUDED_CORRUPT,
SDXL_Refine/SDXL_Refine/id_1898/images_2_refine/M1_029/sd2_gene_1_refine.png,EXCLUDED_CORRUPT,
SDXL_Refine/SDXL_Refine/id_1898/images_2_refine/M1_034/sd2_gene_1_refine.png,EXCLUDED_CORRUPT,
SDXL_Refine/SDXL_Refine/id_1898/images_2_refine/M1_006/sd2_gene_1_refine.png,EXCLUDED_CORRUPT,
SDXL_Refine/SDXL_Refine/id_1898/images_2_refine/M1_051/sd2_gene_1_refine.png,EXCLUDED_CORRUPT,
SDXL_Refine/SDXL_Refine/id_1898/images_2_refine/M1_007/sd2_gene_1_refine.png,EXCLUDED_CORRUPT,
SDXL_Refine/SDXL_Refine/id_1898/images_2_refine/M1_012/sd2_gene_1_refine.png,EXCLUDED_CORRUPT,
SDXL_Refine/SDXL_Refine/id_1898/images_2_refine/M1_031/sd2_gene_1_refine.png,EXCLUDED_CORRUPT,
SDXL_Refine/SDXL_Refine/id_1898/images_2_refine/M1_041/sd2_gene_1_refine.png,EXCLUDED_CORRUPT,
SDXL_Refine/SDXL_Refine/id_1898/images_2_refine/M1_013/sd2_gene_1_refine.png,EXCLUDED_CORRUPT,
SDXL_Refine/SDXL_Refine/id_1898/images_2_refine/M1_052/sd2_gene_1_refine.png,EXCLUDED_CORRUPT,
SDXL_Refine/SDXL_Refine/id_2566/images_3_refine/M1_002/sd2_gene_1_refine.png,EXCLUDED_CORRUPT,
SDXL_Refine/SDXL_Refine/id_2566/images_3_refine/M1_000/sd2_gene_1_refine.png,EXCLUDED_CORRUPT,
SDXL_Refine/SDXL_Refine/id_2566/images_3_refine/M1_003/sd2_gene_1_refine.png,EXCLUDED_CORRUPT,
SDXL_Refine/SDXL_Refine/id_2566/images_3_refine/M1_001/sd2_gene_1_refine.png,EXCLUDED_CORRUPT,
SDXL_Refine/SDXL_Refine/id_2566/images_4_refine/M1_002/sd2_gene_1_refine.png,EXCLUDED_CORRUPT,
SDXL_Refine/SDXL_Refine/id_2566/images_4_refine/M1_000/sd2_gene_1_refine.png,EXCLUDED_CORRUPT,
SDXL_Refine/SDXL_Refine/id_2566/images_4_refine/M1_003/sd2_gene_1_refine.png,EXCLUDED_CORRUPT,
SDXL_Refine/SDXL_Refine/id_2566/images_refine/M1_002/sd2_gene_1_refine.png,EXCLUDED_CORRUPT,
SDXL_Refine/SDXL_Refine/id_2566/images_refine/M1_000/sd2_gene_1_refine.png,EXCLUDED_CORRUPT,
SDXL_Refine/SDXL_Refine/id_2566/images_refine/M1_003/sd2_gene_1_refine.png,EXCLUDED_CORRUPT,
SDXL_Refine/SDXL_Refine/id_2566/images_2_refine/M1_002/sd2_gene_1_refine.png,EXCLUDED_CORRUPT,
SDXL_Refine/SDXL_Refine/id_2566/images_2_refine/M1_000/sd2_gene_1_refine.png,EXCLUDED_CORRUPT,
SDXL_Refine/SDXL_Refine/id_2566/images_2_refine/M1_003/sd2_gene_1_refine.png,EXCLUDED_CORRUPT,
SDXL_Refine/SDXL_Refine/id_2566/images_2_refine/M1_001/sd2_gene_1_refine.png,EXCLUDED_CORRUPT,
SDXL_Refine/SDXL_Refine/id_2147/images_3_refine/M1_005/sd2_gene_1_refine.png,EXCLUDED_CORRUPT,
SDXL_Refine/SDXL_Refine/id_2147/images_3_refine/M1_002/sd2_gene_1_refine.png,EXCLUDED_CORRUPT,
SDXL_Refine/SDXL_Refine/id_2147/images_3_refine/M1_004/sd2_gene_1_refine.png,EXCLUDED_CORRUPT,
SDXL_Refine/SDXL_Refine/id_2147/images_3_refine/M1_001/sd2_gene_1_refine.png,EXCLUDED_CORRUPT,
SDXL_Refine/SDXL_Refine/id_2147/images_3_refine/M1_006/sd2_gene_1_refine.png,EXCLUDED_CORRUPT,
SDXL_Refine/SDXL_Refine/id_2147/images_3_refine/M1_007/sd2_gene_1_refine.png,EXCLUDED_CORRUPT,
SDXL_Refine/SDXL_Refine/id_2147/images_4_refine/M1_005/sd2_gene_1_refine.png,EXCLUDED_CORRUPT,
SDXL_Refine/SDXL_Refine/id_2147/images_4_refine/M1_002/sd2_gene_1_refine.png,EXCLUDED_CORRUPT,
SDXL_Refine/SDXL_Refine/id_2147/images_4_refine/M1_000/sd2_gene_1_refine.png,EXCLUDED_CORRUPT,
SDXL_Refine/SDXL_Refine/id_2147/images_4_refine/M1_004/sd2_gene_1_refine.png,EXCLUDED_CORRUPT,
SDXL_Refine/SDXL_Refine/id_2147/images_4_refine/M1_003/sd2_gene_1_refine.png,EXCLUDED_CORRUPT,
SDXL_Refine/SDXL_Refine/id_2147/images_4_refine/M1_001/sd2_gene_1_refine.png,EXCLUDED_CORRUPT,
SDXL_Refine/SDXL_Refine/id_2147/images_4_refine/M1_006/sd2_gene_1_refine.png,EXCLUDED_CORRUPT,
SDXL_Refine/SDXL_Refine/id_2147/images_4_refine/M1_007/sd2_gene_1_refine.png,EXCLUDED_CORRUPT,
SDXL_Refine/SDXL_Refine/id_2147/images_refine/M1_005/sd2_gene_1_refine.png,EXCLUDED_CORRUPT,
SDXL_Refine/SDXL_Refine/id_2147/images_refine/M1_002/sd2_gene_1_refine.png,EXCLUDED_CORRUPT,
SDXL_Refine/SDXL_Refine/id_2147/images_refine/M1_000/sd2_gene_1_refine.png,EXCLUDED_CORRUPT,
SDXL_Refine/SDXL_Refine/id_2147/images_refine/M1_004/sd2_gene_1_refine.png,EXCLUDED_CORRUPT,
SDXL_Refine/SDXL_Refine/id_2147/images_refine/M1_001/sd2_gene_1_refine.png,EXCLUDED_CORRUPT,
SDXL_Refine/SDXL_Refine/id_2147/images_refine/M1_006/sd2_gene_1_refine.png,EXCLUDED_CORRUPT,
SDXL_Refine/SDXL_Refine/id_2147/images_refine/M1_007/sd2_gene_1_refine.png,EXCLUDED_CORRUPT,
SDXL_Refine/SDXL_Refine/id_2147/images_2_refine/M1_005/sd2_gene_1_refine.png,EXCLUDED_CORRUPT,
SDXL_Refine/SDXL_Refine/id_2147/images_2_refine/M1_000/sd2_gene_1_refine.png,EXCLUDED_CORRUPT,
SDXL_Refine/SDXL_Refine/id_2147/images_2_refine/M1_004/sd2_gene_1_refine.png,EXCLUDED_CORRUPT,
SDXL_Refine/SDXL_Refine/id_2147/images_2_refine/M1_001/sd2_gene_1_refine.png,EXCLUDED_CORRUPT,
SDXL_Refine/SDXL_Refine/id_2147/images_2_refine/M1_006/sd2_gene_1_refine.png,EXCLUDED_CORRUPT,
SDXL_Refine/SDXL_Refine/id_2147/images_2_refine/M1_007/sd2_gene_1_refine.png,EXCLUDED_CORRUPT,
SDXL_Refine/SDXL_Refine/id_2632/images_3_refine/M1_002/sd2_gene_1_refine.png,EXCLUDED_CORRUPT,
SDXL_Refine/SDXL_Refine/id_2632/images_3_refine/M1_000/sd2_gene_1_refine.png,EXCLUDED_CORRUPT,
SDXL_Refine/SDXL_Refine/id_2632/images_3_refine/M1_003/sd2_gene_1_refine.png,EXCLUDED_CORRUPT,
SDXL_Refine/SDXL_Refine/id_2632/images_3_refine/M1_001/sd2_gene_1_refine.png,EXCLUDED_CORRUPT,
SDXL_Refine/SDXL_Refine/id_2632/images_4_refine/M1_002/sd2_gene_1_refine.png,EXCLUDED_CORRUPT,
SDXL_Refine/SDXL_Refine/id_2632/images_4_refine/M1_000/sd2_gene_1_refine.png,EXCLUDED_CORRUPT,
SDXL_Refine/SDXL_Refine/id_2632/images_4_refine/M1_003/sd2_gene_1_refine.png,EXCLUDED_CORRUPT,
SDXL_Refine/SDXL_Refine/id_2632/images_4_refine/M1_001/sd2_gene_1_refine.png,EXCLUDED_CORRUPT,
SDXL_Refine/SDXL_Refine/id_2632/images_refine/M1_002/sd2_gene_1_refine.png,EXCLUDED_CORRUPT,
SDXL_Refine/SDXL_Refine/id_2632/images_refine/M1_000/sd2_gene_1_refine.png,EXCLUDED_CORRUPT,
SDXL_Refine/SDXL_Refine/id_2632/images_refine/M1_003/sd2_gene_1_refine.png,EXCLUDED_CORRUPT,
SDXL_Refine/SDXL_Refine/id_2632/images_refine/M1_001/sd2_gene_1_refine.png,EXCLUDED_CORRUPT,
SDXL_Refine/SDXL_Refine/id_2632/images_2_refine/M1_002/sd2_gene_1_refine.png,EXCLUDED_CORRUPT,
SDXL_Refine/SDXL_Refine/id_2632/images_2_refine/M1_000/sd2_gene_1_refine.png,EXCLUDED_CORRUPT,
SDXL_Refine/SDXL_Refine/id_2632/images_2_refine/M1_001/sd2_gene_1_refine.png,EXCLUDED_CORRUPT,
SDXL_Refine/SDXL_Refine/id_0828/images_3_refine/M1_011/sd2_gene_1_refine.png,EXCLUDED_CORRUPT,
SDXL_Refine/SDXL_Refine/id_0828/images_3_refine/M1_008/sd2_gene_1_refine.png,EXCLUDED_CORRUPT,
SDXL_Refine/SDXL_Refine/id_0828/images_3_refine/M1_005/sd2_gene_1_refine.png,EXCLUDED_CORRUPT,
SDXL_Refine/SDXL_Refine/id_0828/images_3_refine/M1_002/sd2_gene_1_refine.png,EXCLUDED_CORRUPT,
SDXL_Refine/SDXL_Refine/id_0828/images_3_refine/M1_010/sd2_gene_1_refine.png,EXCLUDED_CORRUPT,
SDXL_Refine/SDXL_Refine/id_0828/images_3_refine/M1_000/sd2_gene_1_refine.png,EXCLUDED_CORRUPT,
SDXL_Refine/SDXL_Refine/id_0828/images_3_refine/M1_004/sd2_gene_1_refine.png,EXCLUDED_CORRUPT,
SDXL_Refine/SDXL_Refine/id_0828/images_3_refine/M1_009/sd2_gene_1_refine.png,EXCLUDED_CORRUPT,
SDXL_Refine/SDXL_Refine/id_0828/images_3_refine/M1_003/sd2_gene_1_refine.png,EXCLUDED_CORRUPT,
SDXL_Refine/SDXL_Refine/id_0828/images_3_refine/M1_001/sd2_gene_1_refine.png,EXCLUDED_CORRUPT,
SDXL_Refine/SDXL_Refine/id_0828/images_3_refine/M1_006/sd2_gene_1_refine.png,EXCLUDED_CORRUPT,
SDXL_Refine/SDXL_Refine/id_0828/images_3_refine/M1_007/sd2_gene_1_refine.png,EXCLUDED_CORRUPT,
SDXL_Refine/SDXL_Refine/id_0828/images_4_refine/M1_011/sd2_gene_1_refine.png,EXCLUDED_CORRUPT,
SDXL_Refine/SDXL_Refine/id_0828/images_4_refine/M1_008/sd2_gene_1_refine.png,EXCLUDED_CORRUPT,
SDXL_Refine/SDXL_Refine/id_0828/images_4_refine/M1_005/sd2_gene_1_refine.png,EXCLUDED_CORRUPT,
SDXL_Refine/SDXL_Refine/id_0828/images_4_refine/M1_002/sd2_gene_1_refine.png,EXCLUDED_CORRUPT,
SDXL_Refine/SDXL_Refine/id_0828/images_4_refine/M1_010/sd2_gene_1_refine.png,EXCLUDED_CORRUPT,
SDXL_Refine/SDXL_Refine/id_0828/images_4_refine/M1_000/sd2_gene_1_refine.png,EXCLUDED_CORRUPT,
SDXL_Refine/SDXL_Refine/id_0828/images_4_refine/M1_004/sd2_gene_1_refine.png,EXCLUDED_CORRUPT,
SDXL_Refine/SDXL_Refine/id_0828/images_4_refine/M1_009/sd2_gene_1_refine.png,EXCLUDED_CORRUPT,
SDXL_Refine/SDXL_Refine/id_0828/images_4_refine/M1_003/sd2_gene_1_refine.png,EXCLUDED_CORRUPT,
SDXL_Refine/SDXL_Refine/id_0828/images_4_refine/M1_001/sd2_gene_1_refine.png,EXCLUDED_CORRUPT,
SDXL_Refine/SDXL_Refine/id_0828/images_4_refine/M1_006/sd2_gene_1_refine.png,EXCLUDED_CORRUPT,
SDXL_Refine/SDXL_Refine/id_0828/images_4_refine/M1_007/sd2_gene_1_refine.png,EXCLUDED_CORRUPT,
SDXL_Refine/SDXL_Refine/id_0828/images_refine/M1_011/sd2_gene_1_refine.png,EXCLUDED_CORRUPT,
SDXL_Refine/SDXL_Refine/id_0828/images_refine/M1_008/sd2_gene_1_refine.png,EXCLUDED_CORRUPT,
SDXL_Refine/SDXL_Refine/id_0828/images_refine/M1_005/sd2_gene_1_refine.png,EXCLUDED_CORRUPT,
SDXL_Refine/SDXL_Refine/id_0828/images_refine/M1_002/sd2_gene_1_refine.png,EXCLUDED_CORRUPT,
SDXL_Refine/SDXL_Refine/id_0828/images_refine/M1_010/sd2_gene_1_refine.png,EXCLUDED_CORRUPT,
SDXL_Refine/SDXL_Refine/id_0828/images_refine/M1_000/sd2_gene_1_refine.png,EXCLUDED_CORRUPT,
SDXL_Refine/SDXL_Refine/id_0828/images_refine/M1_004/sd2_gene_1_refine.png,EXCLUDED_CORRUPT,
SDXL_Refine/SDXL_Refine/id_0828/images_refine/M1_009/sd2_gene_1_refine.png,EXCLUDED_CORRUPT,
SDXL_Refine/SDXL_Refine/id_0828/images_refine/M1_001/sd2_gene_1_refine.png,EXCLUDED_CORRUPT,
SDXL_Refine/SDXL_Refine/id_0828/images_refine/M1_006/sd2_gene_1_refine.png,EXCLUDED_CORRUPT,
SDXL_Refine/SDXL_Refine/id_0828/images_refine/M1_007/sd2_gene_1_refine.png,EXCLUDED_CORRUPT,
SDXL_Refine/SDXL_Refine/id_0828/images_2_refine/M1_011/sd2_gene_1_refine.png,EXCLUDED_CORRUPT,
SDXL_Refine/SDXL_Refine/id_0828/images_2_refine/M1_008/sd2_gene_1_refine.png,EXCLUDED_CORRUPT,
SDXL_Refine/SDXL_Refine/id_0828/images_2_refine/M1_005/sd2_gene_1_refine.png,EXCLUDED_CORRUPT,
SDXL_Refine/SDXL_Refine/id_0828/images_2_refine/M1_002/sd2_gene_1_refine.png,EXCLUDED_CORRUPT,
SDXL_Refine/SDXL_Refine/id_0828/images_2_refine/M1_010/sd2_gene_1_refine.png,EXCLUDED_CORRUPT,
SDXL_Refine/SDXL_Refine/id_0828/images_2_refine/M1_000/sd2_gene_1_refine.png,EXCLUDED_CORRUPT,
SDXL_Refine/SDXL_Refine/id_0828/images_2_refine/M1_004/sd2_gene_1_refine.png,EXCLUDED_CORRUPT,
SDXL_Refine/SDXL_Refine/id_0828/images_2_refine/M1_009/sd2_gene_1_refine.png,EXCLUDED_CORRUPT,
SDXL_Refine/SDXL_Refine/id_0828/images_2_refine/M1_001/sd2_gene_1_refine.png,EXCLUDED_CORRUPT,
SDXL_Refine/SDXL_Refine/id_0828/images_2_refine/M1_006/sd2_gene_1_refine.png,EXCLUDED_CORRUPT,
SDXL_Refine/SDXL_Refine/id_0828/images_2_refine/M1_007/sd2_gene_1_refine.png,EXCLUDED_CORRUPT,
SDXL_Refine/SDXL_Refine/id_1938/images_3_refine/M1_002/sd2_gene_1_refine.png,EXCLUDED_CORRUPT,
SDXL_Refine/SDXL_Refine/id_1938/images_3_refine/M1_003/sd2_gene_1_refine.png,EXCLUDED_CORRUPT,
SDXL_Refine/SDXL_Refine/id_1938/images_3_refine/M1_001/sd2_gene_1_refine.png,EXCLUDED_CORRUPT,
SDXL_Refine/SDXL_Refine/id_1938/images_4_refine/M1_002/sd2_gene_1_refine.png,EXCLUDED_CORRUPT,
SDXL_Refine/SDXL_Refine/id_1938/images_4_refine/M1_000/sd2_gene_1_refine.png,EXCLUDED_CORRUPT,
SDXL_Refine/SDXL_Refine/id_1938/images_4_refine/M1_003/sd2_gene_1_refine.png,EXCLUDED_CORRUPT,
SDXL_Refine/SDXL_Refine/id_1938/images_4_refine/M1_001/sd2_gene_1_refine.png,EXCLUDED_CORRUPT,
SDXL_Refine/SDXL_Refine/id_1938/images_refine/M1_002/sd2_gene_1_refine.png,EXCLUDED_CORRUPT,
SDXL_Refine/SDXL_Refine/id_1938/images_refine/M1_000/sd2_gene_1_refine.png,EXCLUDED_CORRUPT,
SDXL_Refine/SDXL_Refine/id_1938/images_refine/M1_003/sd2_gene_1_refine.png,EXCLUDED_CORRUPT,
SDXL_Refine/SDXL_Refine/id_1938/images_refine/M1_001/sd2_gene_1_refine.png,EXCLUDED_CORRUPT,
SDXL_Refine/SDXL_Refine/id_1938/images_2_refine/M1_002/sd2_gene_1_refine.png,EXCLUDED_CORRUPT,
SDXL_Refine/SDXL_Refine/id_1938/images_2_refine/M1_000/sd2_gene_1_refine.png,EXCLUDED_CORRUPT,
SDXL_Refine/SDXL_Refine/id_1938/images_2_refine/M1_003/sd2_gene_1_refine.png,EXCLUDED_CORRUPT,
SDXL_Refine/SDXL_Refine/id_1938/images_2_refine/M1_001/sd2_gene_1_refine.png,EXCLUDED_CORRUPT,
SDXL_Refine/SDXL_Refine/id_0422/images_3_refine/M1_017/sd2_gene_1_refine.png,EXCLUDED_CORRUPT,
SDXL_Refine/SDXL_Refine/id_0422/images_3_refine/M1_011/sd2_gene_1_refine.png,EXCLUDED_CORRUPT,
SDXL_Refine/SDXL_Refine/id_0422/images_3_refine/M1_008/sd2_gene_1_refine.png,EXCLUDED_CORRUPT,
SDXL_Refine/SDXL_Refine/id_0422/images_3_refine/M1_005/sd2_gene_1_refine.png,EXCLUDED_CORRUPT,
SDXL_Refine/SDXL_Refine/id_0422/images_3_refine/M1_002/sd2_gene_1_refine.png,EXCLUDED_CORRUPT,
SDXL_Refine/SDXL_Refine/id_0422/images_3_refine/M1_010/sd2_gene_1_refine.png,EXCLUDED_CORRUPT,
SDXL_Refine/SDXL_Refine/id_0422/images_3_refine/M1_023/sd2_gene_1_refine.png,EXCLUDED_CORRUPT,
SDXL_Refine/SDXL_Refine/id_0422/images_3_refine/M1_000/sd2_gene_1_refine.png,EXCLUDED_CORRUPT,
SDXL_Refine/SDXL_Refine/id_0422/images_3_refine/M1_019/sd2_gene_1_refine.png,EXCLUDED_CORRUPT,
SDXL_Refine/SDXL_Refine/id_0422/images_3_refine/M1_004/sd2_gene_1_refine.png,EXCLUDED_CORRUPT,
SDXL_Refine/SDXL_Refine/id_0422/images_3_refine/M1_018/sd2_gene_1_refine.png,EXCLUDED_CORRUPT,
SDXL_Refine/SDXL_Refine/id_0422/images_3_refine/M1_016/sd2_gene_1_refine.png,EXCLUDED_CORRUPT,
SDXL_Refine/SDXL_Refine/id_0422/images_3_refine/M1_009/sd2_gene_1_refine.png,EXCLUDED_CORRUPT,
SDXL_Refine/SDXL_Refine/id_0422/images_3_refine/M1_022/sd2_gene_1_refine.png,EXCLUDED_CORRUPT,
SDXL_Refine/SDXL_Refine/id_0422/images_3_refine/M1_015/sd2_gene_1_refine.png,EXCLUDED_CORRUPT,
SDXL_Refine/SDXL_Refine/id_0422/images_3_refine/M1_021/sd2_gene_1_refine.png,EXCLUDED_CORRUPT,
SDXL_Refine/SDXL_Refine/id_0422/images_3_refine/M1_003/sd2_gene_1_refine.png,EXCLUDED_CORRUPT,
SDXL_Refine/SDXL_Refine/id_0422/images_3_refine/M1_001/sd2_gene_1_refine.png,EXCLUDED_CORRUPT,
SDXL_Refine/SDXL_Refine/id_0422/images_3_refine/M1_020/sd2_gene_1_refine.png,EXCLUDED_CORRUPT,
SDXL_Refine/SDXL_Refine/id_0422/images_3_refine/M1_006/sd2_gene_1_refine.png,EXCLUDED_CORRUPT,
SDXL_Refine/SDXL_Refine/id_0422/images_3_refine/M1_007/sd2_gene_1_refine.png,EXCLUDED_CORRUPT,
SDXL_Refine/SDXL_Refine/id_0422/images_3_refine/M1_012/sd2_gene_1_refine.png,EXCLUDED_CORRUPT,
SDXL_Refine/SDXL_Refine/id_0422/images_3_refine/M1_013/sd2_gene_1_refine.png,EXCLUDED_CORRUPT,
SDXL_Refine/SDXL_Refine/id_0422/images_4_refine/M1_017/sd2_gene_1_refine.png,EXCLUDED_CORRUPT,
SDXL_Refine/SDXL_Refine/id_0422/images_4_refine/M1_011/sd2_gene_1_refine.png,EXCLUDED_CORRUPT,
SDXL_Refine/SDXL_Refine/id_0422/images_4_refine/M1_008/sd2_gene_1_refine.png,EXCLUDED_CORRUPT,
SDXL_Refine/SDXL_Refine/id_0422/images_4_refine/M1_005/sd2_gene_1_refine.png,EXCLUDED_CORRUPT,
SDXL_Refine/SDXL_Refine/id_0422/images_4_refine/M1_002/sd2_gene_1_refine.png,EXCLUDED_CORRUPT,
SDXL_Refine/SDXL_Refine/id_0422/images_4_refine/M1_010/sd2_gene_1_refine.png,EXCLUDED_CORRUPT,
SDXL_Refine/SDXL_Refine/id_0422/images_4_refine/M1_023/sd2_gene_1_refine.png,EXCLUDED_CORRUPT,
SDXL_Refine/SDXL_Refine/id_0422/images_4_refine/M1_000/sd2_gene_1_refine.png,EXCLUDED_CORRUPT,
SDXL_Refine/SDXL_Refine/id_0422/images_4_refine/M1_019/sd2_gene_1_refine.png,EXCLUDED_CORRUPT,
SDXL_Refine/SDXL_Refine/id_0422/images_4_refine/M1_004/sd2_gene_1_refine.png,EXCLUDED_CORRUPT,
SDXL_Refine/SDXL_Refine/id_0422/images_4_refine/M1_018/sd2_gene_1_refine.png,EXCLUDED_CORRUPT,
SDXL_Refine/SDXL_Refine/id_0422/images_4_refine/M1_016/sd2_gene_1_refine.png,EXCLUDED_CORRUPT,
SDXL_Refine/SDXL_Refine/id_0422/images_4_refine/M1_009/sd2_gene_1_refine.png,EXCLUDED_CORRUPT,
SDXL_Refine/SDXL_Refine/id_0422/images_4_refine/M1_022/sd2_gene_1_refine.png,EXCLUDED_CORRUPT,
SDXL_Refine/SDXL_Refine/id_0422/images_4_refine/M1_015/sd2_gene_1_refine.png,EXCLUDED_CORRUPT,
SDXL_Refine/SDXL_Refine/id_0422/images_4_refine/M1_021/sd2_gene_1_refine.png,EXCLUDED_CORRUPT,
SDXL_Refine/SDXL_Refine/id_0422/images_4_refine/M1_003/sd2_gene_1_refine.png,EXCLUDED_CORRUPT,
SDXL_Refine/SDXL_Refine/id_0422/images_4_refine/M1_001/sd2_gene_1_refine.png,EXCLUDED_CORRUPT,
SDXL_Refine/SDXL_Refine/id_0422/images_4_refine/M1_020/sd2_gene_1_refine.png,EXCLUDED_CORRUPT,
SDXL_Refine/SDXL_Refine/id_0422/images_4_refine/M1_014/sd2_gene_1_refine.png,EXCLUDED_CORRUPT,
SDXL_Refine/SDXL_Refine/id_0422/images_4_refine/M1_006/sd2_gene_1_refine.png,EXCLUDED_CORRUPT,
SDXL_Refine/SDXL_Refine/id_0422/images_4_refine/M1_007/sd2_gene_1_refine.png,EXCLUDED_CORRUPT,
SDXL_Refine/SDXL_Refine/id_0422/images_4_refine/M1_012/sd2_gene_1_refine.png,EXCLUDED_CORRUPT,
SDXL_Refine/SDXL_Refine/id_0422/images_4_refine/M1_013/sd2_gene_1_refine.png,EXCLUDED_CORRUPT,
SDXL_Refine/SDXL_Refine/id_0422/images_refine/M1_017/sd2_gene_1_refine.png,EXCLUDED_CORRUPT,
SDXL_Refine/SDXL_Refine/id_0422/images_refine/M1_011/sd2_gene_1_refine.png,EXCLUDED_CORRUPT,
SDXL_Refine/SDXL_Refine/id_0422/images_refine/M1_008/sd2_gene_1_refine.png,EXCLUDED_CORRUPT,
SDXL_Refine/SDXL_Refine/id_0422/images_refine/M1_005/sd2_gene_1_refine.png,EXCLUDED_CORRUPT,
SDXL_Refine/SDXL_Refine/id_0422/images_refine/M1_002/sd2_gene_1_refine.png,EXCLUDED_CORRUPT,
SDXL_Refine/SDXL_Refine/id_0422/images_refine/M1_010/sd2_gene_1_refine.png,EXCLUDED_CORRUPT,
SDXL_Refine/SDXL_Refine/id_0422/images_refine/M1_023/sd2_gene_1_refine.png,EXCLUDED_CORRUPT,
SDXL_Refine/SDXL_Refine/id_0422/images_refine/M1_000/sd2_gene_1_refine.png,EXCLUDED_CORRUPT,
SDXL_Refine/SDXL_Refine/id_0422/images_refine/M1_019/sd2_gene_1_refine.png,EXCLUDED_CORRUPT,
SDXL_Refine/SDXL_Refine/id_0422/images_refine/M1_004/sd2_gene_1_refine.png,EXCLUDED_CORRUPT,
SDXL_Refine/SDXL_Refine/id_0422/images_refine/M1_018/sd2_gene_1_refine.png,EXCLUDED_CORRUPT,
SDXL_Refine/SDXL_Refine/id_0422/images_refine/M1_016/sd2_gene_1_refine.png,EXCLUDED_CORRUPT,
SDXL_Refine/SDXL_Refine/id_0422/images_refine/M1_009/sd2_gene_1_refine.png,EXCLUDED_CORRUPT,
SDXL_Refine/SDXL_Refine/id_0422/images_refine/M1_022/sd2_gene_1_refine.png,EXCLUDED_CORRUPT,
SDXL_Refine/SDXL_Refine/id_0422/images_refine/M1_015/sd2_gene_1_refine.png,EXCLUDED_CORRUPT,
SDXL_Refine/SDXL_Refine/id_0422/images_refine/M1_021/sd2_gene_1_refine.png,EXCLUDED_CORRUPT,
SDXL_Refine/SDXL_Refine/id_0422/images_refine/M1_003/sd2_gene_1_refine.png,EXCLUDED_CORRUPT,
SDXL_Refine/SDXL_Refine/id_0422/images_refine/M1_001/sd2_gene_1_refine.png,EXCLUDED_CORRUPT,
SDXL_Refine/SDXL_Refine/id_0422/images_refine/M1_020/sd2_gene_1_refine.png,EXCLUDED_CORRUPT,
SDXL_Refine/SDXL_Refine/id_0422/images_refine/M1_014/sd2_gene_1_refine.png,EXCLUDED_CORRUPT,
SDXL_Refine/SDXL_Refine/id_0422/images_refine/M1_006/sd2_gene_1_refine.png,EXCLUDED_CORRUPT,
SDXL_Refine/SDXL_Refine/id_0422/images_refine/M1_007/sd2_gene_1_refine.png,EXCLUDED_CORRUPT,
SDXL_Refine/SDXL_Refine/id_0422/images_refine/M1_013/sd2_gene_1_refine.png,EXCLUDED_CORRUPT,
SDXL_Refine/SDXL_Refine/id_0422/images_2_refine/M1_017/sd2_gene_1_refine.png,EXCLUDED_CORRUPT,
SDXL_Refine/SDXL_Refine/id_0422/images_2_refine/M1_011/sd2_gene_1_refine.png,EXCLUDED_CORRUPT,
SDXL_Refine/SDXL_Refine/id_0422/images_2_refine/M1_008/sd2_gene_1_refine.png,EXCLUDED_CORRUPT,
SDXL_Refine/SDXL_Refine/id_0422/images_2_refine/M1_005/sd2_gene_1_refine.png,EXCLUDED_CORRUPT,
SDXL_Refine/SDXL_Refine/id_0422/images_2_refine/M1_002/sd2_gene_1_refine.png,EXCLUDED_CORRUPT,
SDXL_Refine/SDXL_Refine/id_0422/images_2_refine/M1_010/sd2_gene_1_refine.png,EXCLUDED_CORRUPT,
SDXL_Refine/SDXL_Refine/id_0422/images_2_refine/M1_023/sd2_gene_1_refine.png,EXCLUDED_CORRUPT,
SDXL_Refine/SDXL_Refine/id_0422/images_2_refine/M1_000/sd2_gene_1_refine.png,EXCLUDED_CORRUPT,
SDXL_Refine/SDXL_Refine/id_0422/images_2_refine/M1_019/sd2_gene_1_refine.png,EXCLUDED_CORRUPT,
SDXL_Refine/SDXL_Refine/id_0422/images_2_refine/M1_018/sd2_gene_1_refine.png,EXCLUDED_CORRUPT,
SDXL_Refine/SDXL_Refine/id_0422/images_2_refine/M1_016/sd2_gene_1_refine.png,EXCLUDED_CORRUPT,
SDXL_Refine/SDXL_Refine/id_0422/images_2_refine/M1_009/sd2_gene_1_refine.png,EXCLUDED_CORRUPT,
SDXL_Refine/SDXL_Refine/id_0422/images_2_refine/M1_022/sd2_gene_1_refine.png,EXCLUDED_CORRUPT,
SDXL_Refine/SDXL_Refine/id_0422/images_2_refine/M1_015/sd2_gene_1_refine.png,EXCLUDED_CORRUPT,
SDXL_Refine/SDXL_Refine/id_0422/images_2_refine/M1_021/sd2_gene_1_refine.png,EXCLUDED_CORRUPT,
SDXL_Refine/SDXL_Refine/id_0422/images_2_refine/M1_003/sd2_gene_1_refine.png,EXCLUDED_CORRUPT,
SDXL_Refine/SDXL_Refine/id_0422/images_2_refine/M1_001/sd2_gene_1_refine.png,EXCLUDED_CORRUPT,
SDXL_Refine/SDXL_Refine/id_0422/images_2_refine/M1_020/sd2_gene_1_refine.png,EXCLUDED_CORRUPT,
SDXL_Refine/SDXL_Refine/id_0422/images_2_refine/M1_014/sd2_gene_1_refine.png,EXCLUDED_CORRUPT,
SDXL_Refine/SDXL_Refine/id_0422/images_2_refine/M1_006/sd2_gene_1_refine.png,EXCLUDED_CORRUPT,
SDXL_Refine/SDXL_Refine/id_0422/images_2_refine/M1_007/sd2_gene_1_refine.png,EXCLUDED_CORRUPT,
SDXL_Refine/SDXL_Refine/id_0422/images_2_refine/M1_013/sd2_gene_1_refine.png,EXCLUDED_CORRUPT,
SDXL_Refine/SDXL_Refine/id_2390/images_3_refine/M1_005/sd2_gene_1_refine.png,EXCLUDED_CORRUPT,
SDXL_Refine/SDXL_Refine/id_2390/images_3_refine/M1_002/sd2_gene_1_refine.png,EXCLUDED_CORRUPT,
SDXL_Refine/SDXL_Refine/id_2390/images_3_refine/M1_000/sd2_gene_1_refine.png,EXCLUDED_CORRUPT,
SDXL_Refine/SDXL_Refine/id_2390/images_3_refine/M1_004/sd2_gene_1_refine.png,EXCLUDED_CORRUPT,
SDXL_Refine/SDXL_Refine/id_2390/images_3_refine/M1_001/sd2_gene_1_refine.png,EXCLUDED_CORRUPT,
SDXL_Refine/SDXL_Refine/id_2390/images_3_refine/M1_006/sd2_gene_1_refine.png,EXCLUDED_CORRUPT,
SDXL_Refine/SDXL_Refine/id_2390/images_3_refine/M1_007/sd2_gene_1_refine.png,EXCLUDED_CORRUPT,
SDXL_Refine/SDXL_Refine/id_2390/images_4_refine/M1_005/sd2_gene_1_refine.png,EXCLUDED_CORRUPT,
SDXL_Refine/SDXL_Refine/id_2390/images_4_refine/M1_002/sd2_gene_1_refine.png,EXCLUDED_CORRUPT,
SDXL_Refine/SDXL_Refine/id_2390/images_4_refine/M1_000/sd2_gene_1_refine.png,EXCLUDED_CORRUPT,
SDXL_Refine/SDXL_Refine/id_2390/images_4_refine/M1_004/sd2_gene_1_refine.png,EXCLUDED_CORRUPT,
SDXL_Refine/SDXL_Refine/id_2390/images_4_refine/M1_003/sd2_gene_1_refine.png,EXCLUDED_CORRUPT,
SDXL_Refine/SDXL_Refine/id_2390/images_4_refine/M1_001/sd2_gene_1_refine.png,EXCLUDED_CORRUPT,
SDXL_Refine/SDXL_Refine/id_2390/images_4_refine/M1_006/sd2_gene_1_refine.png,EXCLUDED_CORRUPT,
SDXL_Refine/SDXL_Refine/id_2390/images_refine/M1_005/sd2_gene_1_refine.png,EXCLUDED_CORRUPT,
SDXL_Refine/SDXL_Refine/id_2390/images_refine/M1_002/sd2_gene_1_refine.png,EXCLUDED_CORRUPT,
SDXL_Refine/SDXL_Refine/id_2390/images_refine/M1_000/sd2_gene_1_refine.png,EXCLUDED_CORRUPT,
SDXL_Refine/SDXL_Refine/id_2390/images_refine/M1_004/sd2_gene_1_refine.png,EXCLUDED_CORRUPT,
SDXL_Refine/SDXL_Refine/id_2390/images_refine/M1_003/sd2_gene_1_refine.png,EXCLUDED_CORRUPT,
SDXL_Refine/SDXL_Refine/id_2390/images_refine/M1_006/sd2_gene_1_refine.png,EXCLUDED_CORRUPT,
SDXL_Refine/SDXL_Refine/id_2390/images_refine/M1_007/sd2_gene_1_refine.png,EXCLUDED_CORRUPT,
SDXL_Refine/SDXL_Refine/id_2390/images_2_refine/M1_005/sd2_gene_1_refine.png,EXCLUDED_CORRUPT,
SDXL_Refine/SDXL_Refine/id_2390/images_2_refine/M1_002/sd2_gene_1_refine.png,EXCLUDED_CORRUPT,
SDXL_Refine/SDXL_Refine/id_2390/images_2_refine/M1_000/sd2_gene_1_refine.png,EXCLUDED_CORRUPT,
SDXL_Refine/SDXL_Refine/id_2390/images_2_refine/M1_004/sd2_gene_1_refine.png,EXCLUDED_CORRUPT,
SDXL_Refine/SDXL_Refine/id_2390/images_2_refine/M1_003/sd2_gene_1_refine.png,EXCLUDED_CORRUPT,
SDXL_Refine/SDXL_Refine/id_2390/images_2_refine/M1_001/sd2_gene_1_refine.png,EXCLUDED_CORRUPT,
SDXL_Refine/SDXL_Refine/id_2390/images_2_refine/M1_006/sd2_gene_1_refine.png,EXCLUDED_CORRUPT,
SDXL_Refine/SDXL_Refine/id_2390/images_2_refine/M1_007/sd2_gene_1_refine.png,EXCLUDED_CORRUPT,
SDXL_Refine/SDXL_Refine/id_2202/images_3_refine/M1_025/sd2_gene_1_refine.png,EXCLUDED_CORRUPT,
SDXL_Refine/SDXL_Refine/id_2202/images_3_refine/M1_030/sd2_gene_1_refine.png,EXCLUDED_CORRUPT,
SDXL_Refine/SDXL_Refine/id_2202/images_3_refine/M1_017/sd2_gene_1_refine.png,EXCLUDED_CORRUPT,
SDXL_Refine/SDXL_Refine/id_2202/images_3_refine/M1_011/sd2_gene_1_refine.png,EXCLUDED_CORRUPT,
SDXL_Refine/SDXL_Refine/id_2202/images_3_refine/M1_008/sd2_gene_1_refine.png,EXCLUDED_CORRUPT,
SDXL_Refine/SDXL_Refine/id_2202/images_3_refine/M1_028/sd2_gene_1_refine.png,EXCLUDED_CORRUPT,
SDXL_Refine/SDXL_Refine/id_2202/images_3_refine/M1_005/sd2_gene_1_refine.png,EXCLUDED_CORRUPT,
SDXL_Refine/SDXL_Refine/id_2202/images_3_refine/M1_002/sd2_gene_1_refine.png,EXCLUDED_CORRUPT,
SDXL_Refine/SDXL_Refine/id_2202/images_3_refine/M1_010/sd2_gene_1_refine.png,EXCLUDED_CORRUPT,
SDXL_Refine/SDXL_Refine/id_2202/images_3_refine/M1_027/sd2_gene_1_refine.png,EXCLUDED_CORRUPT,
SDXL_Refine/SDXL_Refine/id_2202/images_3_refine/M1_026/sd2_gene_1_refine.png,EXCLUDED_CORRUPT,
SDXL_Refine/SDXL_Refine/id_2202/images_3_refine/M1_023/sd2_gene_1_refine.png,EXCLUDED_CORRUPT,
SDXL_Refine/SDXL_Refine/id_2202/images_3_refine/M1_000/sd2_gene_1_refine.png,EXCLUDED_CORRUPT,
SDXL_Refine/SDXL_Refine/id_2202/images_3_refine/M1_019/sd2_gene_1_refine.png,EXCLUDED_CORRUPT,
SDXL_Refine/SDXL_Refine/id_2202/images_3_refine/M1_004/sd2_gene_1_refine.png,EXCLUDED_CORRUPT,
SDXL_Refine/SDXL_Refine/id_2202/images_3_refine/M1_018/sd2_gene_1_refine.png,EXCLUDED_CORRUPT,
SDXL_Refine/SDXL_Refine/id_2202/images_3_refine/M1_016/sd2_gene_1_refine.png,EXCLUDED_CORRUPT,
SDXL_Refine/SDXL_Refine/id_2202/images_3_refine/M1_009/sd2_gene_1_refine.png,EXCLUDED_CORRUPT,
SDXL_Refine/SDXL_Refine/id_2202/images_3_refine/M1_022/sd2_gene_1_refine.png,EXCLUDED_CORRUPT,
SDXL_Refine/SDXL_Refine/id_2202/images_3_refine/M1_015/sd2_gene_1_refine.png,EXCLUDED_CORRUPT,
SDXL_Refine/SDXL_Refine/id_2202/images_3_refine/M1_024/sd2_gene_1_refine.png,EXCLUDED_CORRUPT,
SDXL_Refine/SDXL_Refine/id_2202/images_3_refine/M1_021/sd2_gene_1_refine.png,EXCLUDED_CORRUPT,
SDXL_Refine/SDXL_Refine/id_2202/images_3_refine/M1_003/sd2_gene_1_refine.png,EXCLUDED_CORRUPT,
SDXL_Refine/SDXL_Refine/id_2202/images_3_refine/M1_001/sd2_gene_1_refine.png,EXCLUDED_CORRUPT,
SDXL_Refine/SDXL_Refine/id_2202/images_3_refine/M1_020/sd2_gene_1_refine.png,EXCLUDED_CORRUPT,
SDXL_Refine/SDXL_Refine/id_2202/images_3_refine/M1_014/sd2_gene_1_refine.png,EXCLUDED_CORRUPT,
SDXL_Refine/SDXL_Refine/id_2202/images_3_refine/M1_029/sd2_gene_1_refine.png,EXCLUDED_CORRUPT,
SDXL_Refine/SDXL_Refine/id_2202/images_3_refine/M1_006/sd2_gene_1_refine.png,EXCLUDED_CORRUPT,
SDXL_Refine/SDXL_Refine/id_2202/images_3_refine/M1_007/sd2_gene_1_refine.png,EXCLUDED_CORRUPT,
SDXL_Refine/SDXL_Refine/id_2202/images_3_refine/M1_012/sd2_gene_1_refine.png,EXCLUDED_CORRUPT,
SDXL_Refine/SDXL_Refine/id_2202/images_3_refine/M1_031/sd2_gene_1_refine.png,EXCLUDED_CORRUPT,
SDXL_Refine/SDXL_Refine/id_2202/images_4_refine/M1_025/sd2_gene_1_refine.png,EXCLUDED_CORRUPT,
SDXL_Refine/SDXL_Refine/id_2202/images_4_refine/M1_030/sd2_gene_1_refine.png,EXCLUDED_CORRUPT,
SDXL_Refine/SDXL_Refine/id_2202/images_4_refine/M1_017/sd2_gene_1_refine.png,EXCLUDED_CORRUPT,
SDXL_Refine/SDXL_Refine/id_2202/images_4_refine/M1_011/sd2_gene_1_refine.png,EXCLUDED_CORRUPT,
SDXL_Refine/SDXL_Refine/id_2202/images_4_refine/M1_008/sd2_gene_1_refine.png,EXCLUDED_CORRUPT,
SDXL_Refine/SDXL_Refine/id_2202/images_4_refine/M1_028/sd2_gene_1_refine.png,EXCLUDED_CORRUPT,
SDXL_Refine/SDXL_Refine/id_2202/images_4_refine/M1_005/sd2_gene_1_refine.png,EXCLUDED_CORRUPT,
SDXL_Refine/SDXL_Refine/id_2202/images_4_refine/M1_002/sd2_gene_1_refine.png,EXCLUDED_CORRUPT,
SDXL_Refine/SDXL_Refine/id_2202/images_4_refine/M1_010/sd2_gene_1_refine.png,EXCLUDED_CORRUPT,
SDXL_Refine/SDXL_Refine/id_2202/images_4_refine/M1_027/sd2_gene_1_refine.png,EXCLUDED_CORRUPT,
SDXL_Refine/SDXL_Refine/id_2202/images_4_refine/M1_026/sd2_gene_1_refine.png,EXCLUDED_CORRUPT,
SDXL_Refine/SDXL_Refine/id_2202/images_4_refine/M1_023/sd2_gene_1_refine.png,EXCLUDED_CORRUPT,
SDXL_Refine/SDXL_Refine/id_2202/images_4_refine/M1_000/sd2_gene_1_refine.png,EXCLUDED_CORRUPT,
SDXL_Refine/SDXL_Refine/id_2202/images_4_refine/M1_019/sd2_gene_1_refine.png,EXCLUDED_CORRUPT,
SDXL_Refine/SDXL_Refine/id_2202/images_4_refine/M1_004/sd2_gene_1_refine.png,EXCLUDED_CORRUPT,
SDXL_Refine/SDXL_Refine/id_2202/images_4_refine/M1_018/sd2_gene_1_refine.png,EXCLUDED_CORRUPT,
SDXL_Refine/SDXL_Refine/id_2202/images_4_refine/M1_016/sd2_gene_1_refine.png,EXCLUDED_CORRUPT,
SDXL_Refine/SDXL_Refine/id_2202/images_4_refine/M1_009/sd2_gene_1_refine.png,EXCLUDED_CORRUPT,
SDXL_Refine/SDXL_Refine/id_2202/images_4_refine/M1_022/sd2_gene_1_refine.png,EXCLUDED_CORRUPT,
SDXL_Refine/SDXL_Refine/id_2202/images_4_refine/M1_015/sd2_gene_1_refine.png,EXCLUDED_CORRUPT,
SDXL_Refine/SDXL_Refine/id_2202/images_4_refine/M1_024/sd2_gene_1_refine.png,EXCLUDED_CORRUPT,
SDXL_Refine/SDXL_Refine/id_2202/images_4_refine/M1_021/sd2_gene_1_refine.png,EXCLUDED_CORRUPT,
SDXL_Refine/SDXL_Refine/id_2202/images_4_refine/M1_003/sd2_gene_1_refine.png,EXCLUDED_CORRUPT,
SDXL_Refine/SDXL_Refine/id_2202/images_4_refine/M1_001/sd2_gene_1_refine.png,EXCLUDED_CORRUPT,
SDXL_Refine/SDXL_Refine/id_2202/images_4_refine/M1_020/sd2_gene_1_refine.png,EXCLUDED_CORRUPT,
SDXL_Refine/SDXL_Refine/id_2202/images_4_refine/M1_014/sd2_gene_1_refine.png,EXCLUDED_CORRUPT,
SDXL_Refine/SDXL_Refine/id_2202/images_4_refine/M1_029/sd2_gene_1_refine.png,EXCLUDED_CORRUPT,
SDXL_Refine/SDXL_Refine/id_2202/images_4_refine/M1_006/sd2_gene_1_refine.png,EXCLUDED_CORRUPT,
SDXL_Refine/SDXL_Refine/id_2202/images_4_refine/M1_007/sd2_gene_1_refine.png,EXCLUDED_CORRUPT,
SDXL_Refine/SDXL_Refine/id_2202/images_4_refine/M1_012/sd2_gene_1_refine.png,EXCLUDED_CORRUPT,
SDXL_Refine/SDXL_Refine/id_2202/images_4_refine/M1_031/sd2_gene_1_refine.png,EXCLUDED_CORRUPT,
SDXL_Refine/SDXL_Refine/id_2202/images_4_refine/M1_013/sd2_gene_1_refine.png,EXCLUDED_CORRUPT,
SDXL_Refine/SDXL_Refine/id_2202/images_refine/M1_025/sd2_gene_1_refine.png,EXCLUDED_CORRUPT,
SDXL_Refine/SDXL_Refine/id_2202/images_refine/M1_030/sd2_gene_1_refine.png,EXCLUDED_CORRUPT,
SDXL_Refine/SDXL_Refine/id_2202/images_refine/M1_017/sd2_gene_1_refine.png,EXCLUDED_CORRUPT,
SDXL_Refine/SDXL_Refine/id_2202/images_refine/M1_011/sd2_gene_1_refine.png,EXCLUDED_CORRUPT,
SDXL_Refine/SDXL_Refine/id_2202/images_refine/M1_008/sd2_gene_1_refine.png,EXCLUDED_CORRUPT,
SDXL_Refine/SDXL_Refine/id_2202/images_refine/M1_028/sd2_gene_1_refine.png,EXCLUDED_CORRUPT,
SDXL_Refine/SDXL_Refine/id_2202/images_refine/M1_005/sd2_gene_1_refine.png,EXCLUDED_CORRUPT,
SDXL_Refine/SDXL_Refine/id_2202/images_refine/M1_002/sd2_gene_1_refine.png,EXCLUDED_CORRUPT,
SDXL_Refine/SDXL_Refine/id_2202/images_refine/M1_010/sd2_gene_1_refine.png,EXCLUDED_CORRUPT,
SDXL_Refine/SDXL_Refine/id_2202/images_refine/M1_027/sd2_gene_1_refine.png,EXCLUDED_CORRUPT,
SDXL_Refine/SDXL_Refine/id_2202/images_refine/M1_026/sd2_gene_1_refine.png,EXCLUDED_CORRUPT,
SDXL_Refine/SDXL_Refine/id_2202/images_refine/M1_023/sd2_gene_1_refine.png,EXCLUDED_CORRUPT,
SDXL_Refine/SDXL_Refine/id_2202/images_refine/M1_000/sd2_gene_1_refine.png,EXCLUDED_CORRUPT,
SDXL_Refine/SDXL_Refine/id_2202/images_refine/M1_019/sd2_gene_1_refine.png,EXCLUDED_CORRUPT,
SDXL_Refine/SDXL_Refine/id_2202/images_refine/M1_004/sd2_gene_1_refine.png,EXCLUDED_CORRUPT,
SDXL_Refine/SDXL_Refine/id_2202/images_refine/M1_018/sd2_gene_1_refine.png,EXCLUDED_CORRUPT,
SDXL_Refine/SDXL_Refine/id_2202/images_refine/M1_016/sd2_gene_1_refine.png,EXCLUDED_CORRUPT,
SDXL_Refine/SDXL_Refine/id_2202/images_refine/M1_009/sd2_gene_1_refine.png,EXCLUDED_CORRUPT,
SDXL_Refine/SDXL_Refine/id_2202/images_refine/M1_022/sd2_gene_1_refine.png,EXCLUDED_CORRUPT,
SDXL_Refine/SDXL_Refine/id_2202/images_refine/M1_015/sd2_gene_1_refine.png,EXCLUDED_CORRUPT,
SDXL_Refine/SDXL_Refine/id_2202/images_refine/M1_024/sd2_gene_1_refine.png,EXCLUDED_CORRUPT,
SDXL_Refine/SDXL_Refine/id_2202/images_refine/M1_021/sd2_gene_1_refine.png,EXCLUDED_CORRUPT,
SDXL_Refine/SDXL_Refine/id_2202/images_refine/M1_003/sd2_gene_1_refine.png,EXCLUDED_CORRUPT,
SDXL_Refine/SDXL_Refine/id_2202/images_refine/M1_001/sd2_gene_1_refine.png,EXCLUDED_CORRUPT,
SDXL_Refine/SDXL_Refine/id_2202/images_refine/M1_020/sd2_gene_1_refine.png,EXCLUDED_CORRUPT,
SDXL_Refine/SDXL_Refine/id_2202/images_refine/M1_014/sd2_gene_1_refine.png,EXCLUDED_CORRUPT,
SDXL_Refine/SDXL_Refine/id_2202/images_refine/M1_029/sd2_gene_1_refine.png,EXCLUDED_CORRUPT,
SDXL_Refine/SDXL_Refine/id_2202/images_refine/M1_006/sd2_gene_1_refine.png,EXCLUDED_CORRUPT,
SDXL_Refine/SDXL_Refine/id_2202/images_refine/M1_007/sd2_gene_1_refine.png,EXCLUDED_CORRUPT,
SDXL_Refine/SDXL_Refine/id_2202/images_refine/M1_012/sd2_gene_1_refine.png,EXCLUDED_CORRUPT,
SDXL_Refine/SDXL_Refine/id_2202/images_refine/M1_031/sd2_gene_1_refine.png,EXCLUDED_CORRUPT,
SDXL_Refine/SDXL_Refine/id_2202/images_refine/M1_013/sd2_gene_1_refine.png,EXCLUDED_CORRUPT,
SDXL_Refine/SDXL_Refine/id_2202/images_2_refine/M1_025/sd2_gene_1_refine.png,EXCLUDED_CORRUPT,
SDXL_Refine/SDXL_Refine/id_2202/images_2_refine/M1_030/sd2_gene_1_refine.png,EXCLUDED_CORRUPT,
SDXL_Refine/SDXL_Refine/id_2202/images_2_refine/M1_017/sd2_gene_1_refine.png,EXCLUDED_CORRUPT,
SDXL_Refine/SDXL_Refine/id_2202/images_2_refine/M1_011/sd2_gene_1_refine.png,EXCLUDED_CORRUPT,
SDXL_Refine/SDXL_Refine/id_2202/images_2_refine/M1_008/sd2_gene_1_refine.png,EXCLUDED_CORRUPT,
SDXL_Refine/SDXL_Refine/id_2202/images_2_refine/M1_028/sd2_gene_1_refine.png,EXCLUDED_CORRUPT,
SDXL_Refine/SDXL_Refine/id_2202/images_2_refine/M1_005/sd2_gene_1_refine.png,EXCLUDED_CORRUPT,
SDXL_Refine/SDXL_Refine/id_2202/images_2_refine/M1_002/sd2_gene_1_refine.png,EXCLUDED_CORRUPT,
SDXL_Refine/SDXL_Refine/id_2202/images_2_refine/M1_010/sd2_gene_1_refine.png,EXCLUDED_CORRUPT,
SDXL_Refine/SDXL_Refine/id_2202/images_2_refine/M1_027/sd2_gene_1_refine.png,EXCLUDED_CORRUPT,
SDXL_Refine/SDXL_Refine/id_2202/images_2_refine/M1_026/sd2_gene_1_refine.png,EXCLUDED_CORRUPT,
SDXL_Refine/SDXL_Refine/id_2202/images_2_refine/M1_023/sd2_gene_1_refine.png,EXCLUDED_CORRUPT,
SDXL_Refine/SDXL_Refine/id_2202/images_2_refine/M1_000/sd2_gene_1_refine.png,EXCLUDED_CORRUPT,
SDXL_Refine/SDXL_Refine/id_2202/images_2_refine/M1_019/sd2_gene_1_refine.png,EXCLUDED_CORRUPT,
SDXL_Refine/SDXL_Refine/id_2202/images_2_refine/M1_004/sd2_gene_1_refine.png,EXCLUDED_CORRUPT,
SDXL_Refine/SDXL_Refine/id_2202/images_2_refine/M1_018/sd2_gene_1_refine.png,EXCLUDED_CORRUPT,
SDXL_Refine/SDXL_Refine/id_2202/images_2_refine/M1_016/sd2_gene_1_refine.png,EXCLUDED_CORRUPT,
SDXL_Refine/SDXL_Refine/id_2202/images_2_refine/M1_009/sd2_gene_1_refine.png,EXCLUDED_CORRUPT,
SDXL_Refine/SDXL_Refine/id_2202/images_2_refine/M1_015/sd2_gene_1_refine.png,EXCLUDED_CORRUPT,
SDXL_Refine/SDXL_Refine/id_2202/images_2_refine/M1_024/sd2_gene_1_refine.png,EXCLUDED_CORRUPT,
SDXL_Refine/SDXL_Refine/id_2202/images_2_refine/M1_021/sd2_gene_1_refine.png,EXCLUDED_CORRUPT,
SDXL_Refine/SDXL_Refine/id_2202/images_2_refine/M1_003/sd2_gene_1_refine.png,EXCLUDED_CORRUPT,
SDXL_Refine/SDXL_Refine/id_2202/images_2_refine/M1_001/sd2_gene_1_refine.png,EXCLUDED_CORRUPT,
SDXL_Refine/SDXL_Refine/id_2202/images_2_refine/M1_020/sd2_gene_1_refine.png,EXCLUDED_CORRUPT,
SDXL_Refine/SDXL_Refine/id_2202/images_2_refine/M1_014/sd2_gene_1_refine.png,EXCLUDED_CORRUPT,
SDXL_Refine/SDXL_Refine/id_2202/images_2_refine/M1_029/sd2_gene_1_refine.png,EXCLUDED_CORRUPT,
SDXL_Refine/SDXL_Refine/id_2202/images_2_refine/M1_006/sd2_gene_1_refine.png,EXCLUDED_CORRUPT,
SDXL_Refine/SDXL_Refine/id_2202/images_2_refine/M1_007/sd2_gene_1_refine.png,EXCLUDED_CORRUPT,
SDXL_Refine/SDXL_Refine/id_2202/images_2_refine/M1_012/sd2_gene_1_refine.png,EXCLUDED_CORRUPT,
SDXL_Refine/SDXL_Refine/id_2202/images_2_refine/M1_031/sd2_gene_1_refine.png,EXCLUDED_CORRUPT,
SDXL_Refine/SDXL_Refine/id_2202/images_2_refine/M1_013/sd2_gene_1_refine.png,EXCLUDED_CORRUPT,
SDXL_Refine/SDXL_Refine/id_1743/images_3_refine/M1_011/sd2_gene_1_refine.png,EXCLUDED_CORRUPT,
SDXL_Refine/SDXL_Refine/id_1743/images_3_refine/M1_008/sd2_gene_1_refine.png,EXCLUDED_CORRUPT,
SDXL_Refine/SDXL_Refine/id_1743/images_3_refine/M1_005/sd2_gene_1_refine.png,EXCLUDED_CORRUPT,
SDXL_Refine/SDXL_Refine/id_1743/images_3_refine/M1_002/sd2_gene_1_refine.png,EXCLUDED_CORRUPT,
SDXL_Refine/SDXL_Refine/id_1743/images_3_refine/M1_010/sd2_gene_1_refine.png,EXCLUDED_CORRUPT,
SDXL_Refine/SDXL_Refine/id_1743/images_3_refine/M1_000/sd2_gene_1_refine.png,EXCLUDED_CORRUPT,
SDXL_Refine/SDXL_Refine/id_1743/images_3_refine/M1_004/sd2_gene_1_refine.png,EXCLUDED_CORRUPT,
SDXL_Refine/SDXL_Refine/id_1743/images_3_refine/M1_009/sd2_gene_1_refine.png,EXCLUDED_CORRUPT,
SDXL_Refine/SDXL_Refine/id_1743/images_3_refine/M1_015/sd2_gene_1_refine.png,EXCLUDED_CORRUPT,
SDXL_Refine/SDXL_Refine/id_1743/images_3_refine/M1_003/sd2_gene_1_refine.png,EXCLUDED_CORRUPT,
SDXL_Refine/SDXL_Refine/id_1743/images_3_refine/M1_001/sd2_gene_1_refine.png,EXCLUDED_CORRUPT,
SDXL_Refine/SDXL_Refine/id_1743/images_3_refine/M1_014/sd2_gene_1_refine.png,EXCLUDED_CORRUPT,
SDXL_Refine/SDXL_Refine/id_1743/images_3_refine/M1_007/sd2_gene_1_refine.png,EXCLUDED_CORRUPT,
SDXL_Refine/SDXL_Refine/id_1743/images_3_refine/M1_012/sd2_gene_1_refine.png,EXCLUDED_CORRUPT,
SDXL_Refine/SDXL_Refine/id_1743/images_3_refine/M1_013/sd2_gene_1_refine.png,EXCLUDED_CORRUPT,
SDXL_Refine/SDXL_Refine/id_1743/images_4_refine/M1_011/sd2_gene_1_refine.png,EXCLUDED_CORRUPT,
SDXL_Refine/SDXL_Refine/id_1743/images_4_refine/M1_008/sd2_gene_1_refine.png,EXCLUDED_CORRUPT,
SDXL_Refine/SDXL_Refine/id_1743/images_4_refine/M1_005/sd2_gene_1_refine.png,EXCLUDED_CORRUPT,
SDXL_Refine/SDXL_Refine/id_1743/images_4_refine/M1_002/sd2_gene_1_refine.png,EXCLUDED_CORRUPT,
SDXL_Refine/SDXL_Refine/id_1743/images_4_refine/M1_000/sd2_gene_1_refine.png,EXCLUDED_CORRUPT,
SDXL_Refine/SDXL_Refine/id_1743/images_4_refine/M1_004/sd2_gene_1_refine.png,EXCLUDED_CORRUPT,
SDXL_Refine/SDXL_Refine/id_1743/images_4_refine/M1_009/sd2_gene_1_refine.png,EXCLUDED_CORRUPT,
SDXL_Refine/SDXL_Refine/id_1743/images_4_refine/M1_015/sd2_gene_1_refine.png,EXCLUDED_CORRUPT,
SDXL_Refine/SDXL_Refine/id_1743/images_4_refine/M1_003/sd2_gene_1_refine.png,EXCLUDED_CORRUPT,
SDXL_Refine/SDXL_Refine/id_1743/images_4_refine/M1_001/sd2_gene_1_refine.png,EXCLUDED_CORRUPT,
SDXL_Refine/SDXL_Refine/id_1743/images_4_refine/M1_014/sd2_gene_1_refine.png,EXCLUDED_CORRUPT,
SDXL_Refine/SDXL_Refine/id_1743/images_4_refine/M1_007/sd2_gene_1_refine.png,EXCLUDED_CORRUPT,
SDXL_Refine/SDXL_Refine/id_1743/images_4_refine/M1_012/sd2_gene_1_refine.png,EXCLUDED_CORRUPT,
SDXL_Refine/SDXL_Refine/id_1743/images_4_refine/M1_013/sd2_gene_1_refine.png,EXCLUDED_CORRUPT,
SDXL_Refine/SDXL_Refine/id_1743/images_refine/M1_011/sd2_gene_1_refine.png,EXCLUDED_CORRUPT,
SDXL_Refine/SDXL_Refine/id_1743/images_refine/M1_008/sd2_gene_1_refine.png,EXCLUDED_CORRUPT,
SDXL_Refine/SDXL_Refine/id_1743/images_refine/M1_005/sd2_gene_1_refine.png,EXCLUDED_CORRUPT,
SDXL_Refine/SDXL_Refine/id_1743/images_refine/M1_002/sd2_gene_1_refine.png,EXCLUDED_CORRUPT,
SDXL_Refine/SDXL_Refine/id_1743/images_refine/M1_000/sd2_gene_1_refine.png,EXCLUDED_CORRUPT,
SDXL_Refine/SDXL_Refine/id_1743/images_refine/M1_009/sd2_gene_1_refine.png,EXCLUDED_CORRUPT,
SDXL_Refine/SDXL_Refine/id_1743/images_refine/M1_015/sd2_gene_1_refine.png,EXCLUDED_CORRUPT,
SDXL_Refine/SDXL_Refine/id_1743/images_refine/M1_003/sd2_gene_1_refine.png,EXCLUDED_CORRUPT,
SDXL_Refine/SDXL_Refine/id_1743/images_refine/M1_001/sd2_gene_1_refine.png,EXCLUDED_CORRUPT,
SDXL_Refine/SDXL_Refine/id_1743/images_refine/M1_014/sd2_gene_1_refine.png,EXCLUDED_CORRUPT,
SDXL_Refine/SDXL_Refine/id_1743/images_refine/M1_006/sd2_gene_1_refine.png,EXCLUDED_CORRUPT,
SDXL_Refine/SDXL_Refine/id_1743/images_refine/M1_007/sd2_gene_1_refine.png,EXCLUDED_CORRUPT,
SDXL_Refine/SDXL_Refine/id_1743/images_refine/M1_012/sd2_gene_1_refine.png,EXCLUDED_CORRUPT,
SDXL_Refine/SDXL_Refine/id_1743/images_refine/M1_013/sd2_gene_1_refine.png,EXCLUDED_CORRUPT,
SDXL_Refine/SDXL_Refine/id_1743/images_2_refine/M1_011/sd2_gene_1_refine.png,EXCLUDED_CORRUPT,
SDXL_Refine/SDXL_Refine/id_1743/images_2_refine/M1_008/sd2_gene_1_refine.png,EXCLUDED_CORRUPT,
SDXL_Refine/SDXL_Refine/id_1743/images_2_refine/M1_005/sd2_gene_1_refine.png,EXCLUDED_CORRUPT,
SDXL_Refine/SDXL_Refine/id_1743/images_2_refine/M1_002/sd2_gene_1_refine.png,EXCLUDED_CORRUPT,
SDXL_Refine/SDXL_Refine/id_1743/images_2_refine/M1_000/sd2_gene_1_refine.png,EXCLUDED_CORRUPT,
SDXL_Refine/SDXL_Refine/id_1743/images_2_refine/M1_009/sd2_gene_1_refine.png,EXCLUDED_CORRUPT,
SDXL_Refine/SDXL_Refine/id_1743/images_2_refine/M1_015/sd2_gene_1_refine.png,EXCLUDED_CORRUPT,
SDXL_Refine/SDXL_Refine/id_1743/images_2_refine/M1_003/sd2_gene_1_refine.png,EXCLUDED_CORRUPT,
SDXL_Refine/SDXL_Refine/id_1743/images_2_refine/M1_001/sd2_gene_1_refine.png,EXCLUDED_CORRUPT,
SDXL_Refine/SDXL_Refine/id_1743/images_2_refine/M1_014/sd2_gene_1_refine.png,EXCLUDED_CORRUPT,
SDXL_Refine/SDXL_Refine/id_1743/images_2_refine/M1_006/sd2_gene_1_refine.png,EXCLUDED_CORRUPT,
SDXL_Refine/SDXL_Refine/id_1743/images_2_refine/M1_007/sd2_gene_1_refine.png,EXCLUDED_CORRUPT,
SDXL_Refine/SDXL_Refine/id_1743/images_2_refine/M1_012/sd2_gene_1_refine.png,EXCLUDED_CORRUPT,
SDXL_Refine/SDXL_Refine/id_1743/images_2_refine/M1_013/sd2_gene_1_refine.png,EXCLUDED_CORRUPT,
SDXL_Refine/SDXL_Refine/id_1170/images_3_refine/M1_002/sd2_gene_1_refine.png,EXCLUDED_CORRUPT,
SDXL_Refine/SDXL_Refine/id_1170/images_3_refine/M1_000/sd2_gene_1_refine.png,EXCLUDED_CORRUPT,
SDXL_Refine/SDXL_Refine/id_1170/images_3_refine/M1_003/sd2_gene_1_refine.png,EXCLUDED_CORRUPT,
SDXL_Refine/SDXL_Refine/id_1170/images_3_refine/M1_001/sd2_gene_1_refine.png,EXCLUDED_CORRUPT,
SDXL_Refine/SDXL_Refine/id_1170/images_4_refine/M1_002/sd2_gene_1_refine.png,EXCLUDED_CORRUPT,
SDXL_Refine/SDXL_Refine/id_1170/images_4_refine/M1_000/sd2_gene_1_refine.png,EXCLUDED_CORRUPT,
SDXL_Refine/SDXL_Refine/id_1170/images_4_refine/M1_003/sd2_gene_1_refine.png,EXCLUDED_CORRUPT,
SDXL_Refine/SDXL_Refine/id_1170/images_4_refine/M1_001/sd2_gene_1_refine.png,EXCLUDED_CORRUPT,
SDXL_Refine/SDXL_Refine/id_1170/images_refine/M1_002/sd2_gene_1_refine.png,EXCLUDED_CORRUPT,
SDXL_Refine/SDXL_Refine/id_1170/images_refine/M1_000/sd2_gene_1_refine.png,EXCLUDED_CORRUPT,
SDXL_Refine/SDXL_Refine/id_1170/images_refine/M1_003/sd2_gene_1_refine.png,EXCLUDED_CORRUPT,
SDXL_Refine/SDXL_Refine/id_1170/images_refine/M1_001/sd2_gene_1_refine.png,EXCLUDED_CORRUPT,
SDXL_Refine/SDXL_Refine/id_1170/images_2_refine/M1_002/sd2_gene_1_refine.png,EXCLUDED_CORRUPT,
SDXL_Refine/SDXL_Refine/id_1170/images_2_refine/M1_000/sd2_gene_1_refine.png,EXCLUDED_CORRUPT,
SDXL_Refine/SDXL_Refine/id_1170/images_2_refine/M1_003/sd2_gene_1_refine.png,EXCLUDED_CORRUPT,
SDXL_Refine/SDXL_Refine/id_1170/images_2_refine/M1_001/sd2_gene_1_refine.png,EXCLUDED_CORRUPT,
SDXL_Refine/SDXL_Refine/id_1549/images_3_refine/M1_000/sd2_gene_1_refine.png,EXCLUDED_CORRUPT,
SDXL_Refine/SDXL_Refine/id_1549/images_3_refine/M1_003/sd2_gene_1_refine.png,EXCLUDED_CORRUPT,
SDXL_Refine/SDXL_Refine/id_1549/images_3_refine/M1_001/sd2_gene_1_refine.png,EXCLUDED_CORRUPT,
SDXL_Refine/SDXL_Refine/id_1549/images_4_refine/M1_000/sd2_gene_1_refine.png,EXCLUDED_CORRUPT,
SDXL_Refine/SDXL_Refine/id_1549/images_4_refine/M1_003/sd2_gene_1_refine.png,EXCLUDED_CORRUPT,
SDXL_Refine/SDXL_Refine/id_1549/images_4_refine/M1_001/sd2_gene_1_refine.png,EXCLUDED_CORRUPT,
SDXL_Refine/SDXL_Refine/id_1549/images_refine/M1_000/sd2_gene_1_refine.png,EXCLUDED_CORRUPT,
SDXL_Refine/SDXL_Refine/id_1549/images_refine/M1_003/sd2_gene_1_refine.png,EXCLUDED_CORRUPT,
SDXL_Refine/SDXL_Refine/id_1549/images_refine/M1_001/sd2_gene_1_refine.png,EXCLUDED_CORRUPT,
SDXL_Refine/SDXL_Refine/id_1549/images_2_refine/M1_000/sd2_gene_1_refine.png,EXCLUDED_CORRUPT,
SDXL_Refine/SDXL_Refine/id_1549/images_2_refine/M1_003/sd2_gene_1_refine.png,EXCLUDED_CORRUPT,
SDXL_Refine/SDXL_Refine/id_1549/images_2_refine/M1_001/sd2_gene_1_refine.png,EXCLUDED_CORRUPT,
SDXL_Refine/SDXL_Refine/id_2553/images_3_refine/M1_011/sd2_gene_1_refine.png,EXCLUDED_CORRUPT,
SDXL_Refine/SDXL_Refine/id_2553/images_3_refine/M1_008/sd2_gene_1_refine.png,EXCLUDED_CORRUPT,
SDXL_Refine/SDXL_Refine/id_2553/images_3_refine/M1_005/sd2_gene_1_refine.png,EXCLUDED_CORRUPT,
SDXL_Refine/SDXL_Refine/id_2553/images_3_refine/M1_002/sd2_gene_1_refine.png,EXCLUDED_CORRUPT,
SDXL_Refine/SDXL_Refine/id_2553/images_3_refine/M1_010/sd2_gene_1_refine.png,EXCLUDED_CORRUPT,
SDXL_Refine/SDXL_Refine/id_2553/images_3_refine/M1_000/sd2_gene_1_refine.png,EXCLUDED_CORRUPT,
SDXL_Refine/SDXL_Refine/id_2553/images_3_refine/M1_004/sd2_gene_1_refine.png,EXCLUDED_CORRUPT,
SDXL_Refine/SDXL_Refine/id_2553/images_3_refine/M1_009/sd2_gene_1_refine.png,EXCLUDED_CORRUPT,
SDXL_Refine/SDXL_Refine/id_2553/images_3_refine/M1_015/sd2_gene_1_refine.png,EXCLUDED_CORRUPT,
SDXL_Refine/SDXL_Refine/id_2553/images_3_refine/M1_003/sd2_gene_1_refine.png,EXCLUDED_CORRUPT,
SDXL_Refine/SDXL_Refine/id_2553/images_3_refine/M1_001/sd2_gene_1_refine.png,EXCLUDED_CORRUPT,
SDXL_Refine/SDXL_Refine/id_2553/images_3_refine/M1_014/sd2_gene_1_refine.png,EXCLUDED_CORRUPT,
SDXL_Refine/SDXL_Refine/id_2553/images_3_refine/M1_006/sd2_gene_1_refine.png,EXCLUDED_CORRUPT,
SDXL_Refine/SDXL_Refine/id_2553/images_3_refine/M1_007/sd2_gene_1_refine.png,EXCLUDED_CORRUPT,
SDXL_Refine/SDXL_Refine/id_2553/images_3_refine/M1_012/sd2_gene_1_refine.png,EXCLUDED_CORRUPT,
SDXL_Refine/SDXL_Refine/id_2553/images_3_refine/M1_013/sd2_gene_1_refine.png,EXCLUDED_CORRUPT,
SDXL_Refine/SDXL_Refine/id_2553/images_4_refine/M1_011/sd2_gene_1_refine.png,EXCLUDED_CORRUPT,
SDXL_Refine/SDXL_Refine/id_2553/images_4_refine/M1_008/sd2_gene_1_refine.png,EXCLUDED_CORRUPT,
SDXL_Refine/SDXL_Refine/id_2553/images_4_refine/M1_005/sd2_gene_1_refine.png,EXCLUDED_CORRUPT,
SDXL_Refine/SDXL_Refine/id_2553/images_4_refine/M1_002/sd2_gene_1_refine.png,EXCLUDED_CORRUPT,
SDXL_Refine/SDXL_Refine/id_2553/images_4_refine/M1_010/sd2_gene_1_refine.png,EXCLUDED_CORRUPT,
SDXL_Refine/SDXL_Refine/id_2553/images_4_refine/M1_000/sd2_gene_1_refine.png,EXCLUDED_CORRUPT,
SDXL_Refine/SDXL_Refine/id_2553/images_4_refine/M1_004/sd2_gene_1_refine.png,EXCLUDED_CORRUPT,
SDXL_Refine/SDXL_Refine/id_2553/images_4_refine/M1_009/sd2_gene_1_refine.png,EXCLUDED_CORRUPT,
SDXL_Refine/SDXL_Refine/id_2553/images_4_refine/M1_015/sd2_gene_1_refine.png,EXCLUDED_CORRUPT,
SDXL_Refine/SDXL_Refine/id_2553/images_4_refine/M1_003/sd2_gene_1_refine.png,EXCLUDED_CORRUPT,
SDXL_Refine/SDXL_Refine/id_2553/images_4_refine/M1_001/sd2_gene_1_refine.png,EXCLUDED_CORRUPT,
SDXL_Refine/SDXL_Refine/id_2553/images_4_refine/M1_014/sd2_gene_1_refine.png,EXCLUDED_CORRUPT,
SDXL_Refine/SDXL_Refine/id_2553/images_4_refine/M1_006/sd2_gene_1_refine.png,EXCLUDED_CORRUPT,
SDXL_Refine/SDXL_Refine/id_2553/images_4_refine/M1_007/sd2_gene_1_refine.png,EXCLUDED_CORRUPT,
SDXL_Refine/SDXL_Refine/id_2553/images_4_refine/M1_012/sd2_gene_1_refine.png,EXCLUDED_CORRUPT,
SDXL_Refine/SDXL_Refine/id_2553/images_4_refine/M1_013/sd2_gene_1_refine.png,EXCLUDED_CORRUPT,
SDXL_Refine/SDXL_Refine/id_2553/images_refine/M1_011/sd2_gene_1_refine.png,EXCLUDED_CORRUPT,
SDXL_Refine/SDXL_Refine/id_2553/images_refine/M1_008/sd2_gene_1_refine.png,EXCLUDED_CORRUPT,
SDXL_Refine/SDXL_Refine/id_2553/images_refine/M1_005/sd2_gene_1_refine.png,EXCLUDED_CORRUPT,
SDXL_Refine/SDXL_Refine/id_2553/images_refine/M1_002/sd2_gene_1_refine.png,EXCLUDED_CORRUPT,
SDXL_Refine/SDXL_Refine/id_2553/images_refine/M1_010/sd2_gene_1_refine.png,EXCLUDED_CORRUPT,
SDXL_Refine/SDXL_Refine/id_2553/images_refine/M1_000/sd2_gene_1_refine.png,EXCLUDED_CORRUPT,
SDXL_Refine/SDXL_Refine/id_2553/images_refine/M1_004/sd2_gene_1_refine.png,EXCLUDED_CORRUPT,
SDXL_Refine/SDXL_Refine/id_2553/images_refine/M1_009/sd2_gene_1_refine.png,EXCLUDED_CORRUPT,
SDXL_Refine/SDXL_Refine/id_2553/images_refine/M1_015/sd2_gene_1_refine.png,EXCLUDED_CORRUPT,
SDXL_Refine/SDXL_Refine/id_2553/images_refine/M1_003/sd2_gene_1_refine.png,EXCLUDED_CORRUPT,
SDXL_Refine/SDXL_Refine/id_2553/images_refine/M1_001/sd2_gene_1_refine.png,EXCLUDED_CORRUPT,
SDXL_Refine/SDXL_Refine/id_2553/images_refine/M1_014/sd2_gene_1_refine.png,EXCLUDED_CORRUPT,
SDXL_Refine/SDXL_Refine/id_2553/images_refine/M1_006/sd2_gene_1_refine.png,EXCLUDED_CORRUPT,
SDXL_Refine/SDXL_Refine/id_2553/images_refine/M1_007/sd2_gene_1_refine.png,EXCLUDED_CORRUPT,
SDXL_Refine/SDXL_Refine/id_2553/images_refine/M1_012/sd2_gene_1_refine.png,EXCLUDED_CORRUPT,
SDXL_Refine/SDXL_Refine/id_2553/images_refine/M1_013/sd2_gene_1_refine.png,EXCLUDED_CORRUPT,
SDXL_Refine/SDXL_Refine/id_2553/images_2_refine/M1_011/sd2_gene_1_refine.png,EXCLUDED_CORRUPT,
SDXL_Refine/SDXL_Refine/id_2553/images_2_refine/M1_008/sd2_gene_1_refine.png,EXCLUDED_CORRUPT,
SDXL_Refine/SDXL_Refine/id_2553/images_2_refine/M1_005/sd2_gene_1_refine.png,EXCLUDED_CORRUPT,
SDXL_Refine/SDXL_Refine/id_2553/images_2_refine/M1_002/sd2_gene_1_refine.png,EXCLUDED_CORRUPT,
SDXL_Refine/SDXL_Refine/id_2553/images_2_refine/M1_010/sd2_gene_1_refine.png,EXCLUDED_CORRUPT,
SDXL_Refine/SDXL_Refine/id_2553/images_2_refine/M1_000/sd2_gene_1_refine.png,EXCLUDED_CORRUPT,
SDXL_Refine/SDXL_Refine/id_2553/images_2_refine/M1_004/sd2_gene_1_refine.png,EXCLUDED_CORRUPT,
SDXL_Refine/SDXL_Refine/id_2553/images_2_refine/M1_009/sd2_gene_1_refine.png,EXCLUDED_CORRUPT,
SDXL_Refine/SDXL_Refine/id_2553/images_2_refine/M1_015/sd2_gene_1_refine.png,EXCLUDED_CORRUPT,
SDXL_Refine/SDXL_Refine/id_2553/images_2_refine/M1_003/sd2_gene_1_refine.png,EXCLUDED_CORRUPT,
SDXL_Refine/SDXL_Refine/id_2553/images_2_refine/M1_001/sd2_gene_1_refine.png,EXCLUDED_CORRUPT,
SDXL_Refine/SDXL_Refine/id_2553/images_2_refine/M1_014/sd2_gene_1_refine.png,EXCLUDED_CORRUPT,
SDXL_Refine/SDXL_Refine/id_2553/images_2_refine/M1_006/sd2_gene_1_refine.png,EXCLUDED_CORRUPT,
SDXL_Refine/SDXL_Refine/id_2553/images_2_refine/M1_007/sd2_gene_1_refine.png,EXCLUDED_CORRUPT,
SDXL_Refine/SDXL_Refine/id_2553/images_2_refine/M1_012/sd2_gene_1_refine.png,EXCLUDED_CORRUPT,
SDXL_Refine/SDXL_Refine/id_2553/images_2_refine/M1_013/sd2_gene_1_refine.png,EXCLUDED_CORRUPT,
SDXL_Refine/SDXL_Refine/id_2204/images_3_refine/M1_002/sd2_gene_1_refine.png,EXCLUDED_CORRUPT,
SDXL_Refine/SDXL_Refine/id_2204/images_3_refine/M1_000/sd2_gene_1_refine.png,EXCLUDED_CORRUPT,
SDXL_Refine/SDXL_Refine/id_2204/images_3_refine/M1_003/sd2_gene_1_refine.png,EXCLUDED_CORRUPT,
SDXL_Refine/SDXL_Refine/id_2204/images_3_refine/M1_001/sd2_gene_1_refine.png,EXCLUDED_CORRUPT,
SDXL_Refine/SDXL_Refine/id_2204/images_4_refine/M1_002/sd2_gene_1_refine.png,EXCLUDED_CORRUPT,
SDXL_Refine/SDXL_Refine/id_2204/images_4_refine/M1_000/sd2_gene_1_refine.png,EXCLUDED_CORRUPT,
SDXL_Refine/SDXL_Refine/id_2204/images_4_refine/M1_003/sd2_gene_1_refine.png,EXCLUDED_CORRUPT,
SDXL_Refine/SDXL_Refine/id_2204/images_4_refine/M1_001/sd2_gene_1_refine.png,EXCLUDED_CORRUPT,
SDXL_Refine/SDXL_Refine/id_2204/images_refine/M1_002/sd2_gene_1_refine.png,EXCLUDED_CORRUPT,
SDXL_Refine/SDXL_Refine/id_2204/images_refine/M1_000/sd2_gene_1_refine.png,EXCLUDED_CORRUPT,
SDXL_Refine/SDXL_Refine/id_2204/images_refine/M1_003/sd2_gene_1_refine.png,EXCLUDED_CORRUPT,
SDXL_Refine/SDXL_Refine/id_2204/images_refine/M1_001/sd2_gene_1_refine.png,EXCLUDED_CORRUPT,
SDXL_Refine/SDXL_Refine/id_2204/images_2_refine/M1_002/sd2_gene_1_refine.png,EXCLUDED_CORRUPT,
SDXL_Refine/SDXL_Refine/id_2204/images_2_refine/M1_000/sd2_gene_1_refine.png,EXCLUDED_CORRUPT,
SDXL_Refine/SDXL_Refine/id_2204/images_2_refine/M1_003/sd2_gene_1_refine.png,EXCLUDED_CORRUPT,
SDXL_Refine/SDXL_Refine/id_2204/images_2_refine/M1_001/sd2_gene_1_refine.png,EXCLUDED_CORRUPT,
SDXL_Refine/SDXL_Refine/id_2702/images_3_refine/M1_005/sd2_gene_1_refine.png,EXCLUDED_CORRUPT,
SDXL_Refine/SDXL_Refine/id_2702/images_3_refine/M1_002/sd2_gene_1_refine.png,EXCLUDED_CORRUPT,
SDXL_Refine/SDXL_Refine/id_2702/images_3_refine/M1_000/sd2_gene_1_refine.png,EXCLUDED_CORRUPT,
SDXL_Refine/SDXL_Refine/id_2702/images_3_refine/M1_004/sd2_gene_1_refine.png,EXCLUDED_CORRUPT,
SDXL_Refine/SDXL_Refine/id_2702/images_3_refine/M1_003/sd2_gene_1_refine.png,EXCLUDED_CORRUPT,
SDXL_Refine/SDXL_Refine/id_2702/images_3_refine/M1_001/sd2_gene_1_refine.png,EXCLUDED_CORRUPT,
SDXL_Refine/SDXL_Refine/id_2702/images_3_refine/M1_006/sd2_gene_1_refine.png,EXCLUDED_CORRUPT,
SDXL_Refine/SDXL_Refine/id_2702/images_3_refine/M1_007/sd2_gene_1_refine.png,EXCLUDED_CORRUPT,
SDXL_Refine/SDXL_Refine/id_2702/images_4_refine/M1_005/sd2_gene_1_refine.png,EXCLUDED_CORRUPT,
SDXL_Refine/SDXL_Refine/id_2702/images_4_refine/M1_002/sd2_gene_1_refine.png,EXCLUDED_CORRUPT,
SDXL_Refine/SDXL_Refine/id_2702/images_4_refine/M1_000/sd2_gene_1_refine.png,EXCLUDED_CORRUPT,
SDXL_Refine/SDXL_Refine/id_2702/images_4_refine/M1_004/sd2_gene_1_refine.png,EXCLUDED_CORRUPT,
SDXL_Refine/SDXL_Refine/id_2702/images_4_refine/M1_003/sd2_gene_1_refine.png,EXCLUDED_CORRUPT,
SDXL_Refine/SDXL_Refine/id_2702/images_4_refine/M1_001/sd2_gene_1_refine.png,EXCLUDED_CORRUPT,
SDXL_Refine/SDXL_Refine/id_2702/images_4_refine/M1_006/sd2_gene_1_refine.png,EXCLUDED_CORRUPT,
SDXL_Refine/SDXL_Refine/id_2702/images_4_refine/M1_007/sd2_gene_1_refine.png,EXCLUDED_CORRUPT,
SDXL_Refine/SDXL_Refine/id_2702/images_refine/M1_005/sd2_gene_1_refine.png,EXCLUDED_CORRUPT,
SDXL_Refine/SDXL_Refine/id_2702/images_refine/M1_002/sd2_gene_1_refine.png,EXCLUDED_CORRUPT,
SDXL_Refine/SDXL_Refine/id_2702/images_refine/M1_000/sd2_gene_1_refine.png,EXCLUDED_CORRUPT,
SDXL_Refine/SDXL_Refine/id_2702/images_refine/M1_004/sd2_gene_1_refine.png,EXCLUDED_CORRUPT,
SDXL_Refine/SDXL_Refine/id_2702/images_refine/M1_003/sd2_gene_1_refine.png,EXCLUDED_CORRUPT,
SDXL_Refine/SDXL_Refine/id_2702/images_refine/M1_001/sd2_gene_1_refine.png,EXCLUDED_CORRUPT,
SDXL_Refine/SDXL_Refine/id_2702/images_refine/M1_006/sd2_gene_1_refine.png,EXCLUDED_CORRUPT,
SDXL_Refine/SDXL_Refine/id_2702/images_refine/M1_007/sd2_gene_1_refine.png,EXCLUDED_CORRUPT,
SDXL_Refine/SDXL_Refine/id_2702/images_2_refine/M1_005/sd2_gene_1_refine.png,EXCLUDED_CORRUPT,
SDXL_Refine/SDXL_Refine/id_2702/images_2_refine/M1_002/sd2_gene_1_refine.png,EXCLUDED_CORRUPT,
SDXL_Refine/SDXL_Refine/id_2702/images_2_refine/M1_000/sd2_gene_1_refine.png,EXCLUDED_CORRUPT,
SDXL_Refine/SDXL_Refine/id_2702/images_2_refine/M1_004/sd2_gene_1_refine.png,EXCLUDED_CORRUPT,
SDXL_Refine/SDXL_Refine/id_2702/images_2_refine/M1_003/sd2_gene_1_refine.png,EXCLUDED_CORRUPT,
SDXL_Refine/SDXL_Refine/id_2702/images_2_refine/M1_001/sd2_gene_1_refine.png,EXCLUDED_CORRUPT,
SDXL_Refine/SDXL_Refine/id_2702/images_2_refine/M1_006/sd2_gene_1_refine.png,EXCLUDED_CORRUPT,
SDXL_Refine/SDXL_Refine/id_2702/images_2_refine/M1_007/sd2_gene_1_refine.png,EXCLUDED_CORRUPT,
SDXL_Refine/SDXL_Refine/id_1656/images_3_refine/M1_005/sd2_gene_1_refine.png,EXCLUDED_CORRUPT,
SDXL_Refine/SDXL_Refine/id_1656/images_3_refine/M1_002/sd2_gene_1_refine.png,EXCLUDED_CORRUPT,
SDXL_Refine/SDXL_Refine/id_1656/images_3_refine/M1_000/sd2_gene_1_refine.png,EXCLUDED_CORRUPT,
SDXL_Refine/SDXL_Refine/id_1656/images_3_refine/M1_004/sd2_gene_1_refine.png,EXCLUDED_CORRUPT,
SDXL_Refine/SDXL_Refine/id_1656/images_3_refine/M1_003/sd2_gene_1_refine.png,EXCLUDED_CORRUPT,
SDXL_Refine/SDXL_Refine/id_1656/images_3_refine/M1_001/sd2_gene_1_refine.png,EXCLUDED_CORRUPT,
SDXL_Refine/SDXL_Refine/id_1656/images_3_refine/M1_006/sd2_gene_1_refine.png,EXCLUDED_CORRUPT,
SDXL_Refine/SDXL_Refine/id_1656/images_3_refine/M1_007/sd2_gene_1_refine.png,EXCLUDED_CORRUPT,
SDXL_Refine/SDXL_Refine/id_1656/images_4_refine/M1_005/sd2_gene_1_refine.png,EXCLUDED_CORRUPT,
SDXL_Refine/SDXL_Refine/id_1656/images_4_refine/M1_002/sd2_gene_1_refine.png,EXCLUDED_CORRUPT,
SDXL_Refine/SDXL_Refine/id_1656/images_4_refine/M1_000/sd2_gene_1_refine.png,EXCLUDED_CORRUPT,
SDXL_Refine/SDXL_Refine/id_1656/images_4_refine/M1_004/sd2_gene_1_refine.png,EXCLUDED_CORRUPT,
SDXL_Refine/SDXL_Refine/id_1656/images_4_refine/M1_003/sd2_gene_1_refine.png,EXCLUDED_CORRUPT,
SDXL_Refine/SDXL_Refine/id_1656/images_4_refine/M1_001/sd2_gene_1_refine.png,EXCLUDED_CORRUPT,
SDXL_Refine/SDXL_Refine/id_1656/images_4_refine/M1_006/sd2_gene_1_refine.png,EXCLUDED_CORRUPT,
SDXL_Refine/SDXL_Refine/id_1656/images_4_refine/M1_007/sd2_gene_1_refine.png,EXCLUDED_CORRUPT,
SDXL_Refine/SDXL_Refine/id_1656/images_refine/M1_005/sd2_gene_1_refine.png,EXCLUDED_CORRUPT,
SDXL_Refine/SDXL_Refine/id_1656/images_refine/M1_002/sd2_gene_1_refine.png,EXCLUDED_CORRUPT,
SDXL_Refine/SDXL_Refine/id_1656/images_refine/M1_000/sd2_gene_1_refine.png,EXCLUDED_CORRUPT,
SDXL_Refine/SDXL_Refine/id_1656/images_refine/M1_004/sd2_gene_1_refine.png,EXCLUDED_CORRUPT,
SDXL_Refine/SDXL_Refine/id_1656/images_refine/M1_003/sd2_gene_1_refine.png,EXCLUDED_CORRUPT,
SDXL_Refine/SDXL_Refine/id_1656/images_refine/M1_001/sd2_gene_1_refine.png,EXCLUDED_CORRUPT,
SDXL_Refine/SDXL_Refine/id_1656/images_refine/M1_006/sd2_gene_1_refine.png,EXCLUDED_CORRUPT,
SDXL_Refine/SDXL_Refine/id_1656/images_refine/M1_007/sd2_gene_1_refine.png,EXCLUDED_CORRUPT,
SDXL_Refine/SDXL_Refine/id_1656/images_2_refine/M1_005/sd2_gene_1_refine.png,EXCLUDED_CORRUPT,
SDXL_Refine/SDXL_Refine/id_1656/images_2_refine/M1_002/sd2_gene_1_refine.png,EXCLUDED_CORRUPT,
SDXL_Refine/SDXL_Refine/id_1656/images_2_refine/M1_000/sd2_gene_1_refine.png,EXCLUDED_CORRUPT,
SDXL_Refine/SDXL_Refine/id_1656/images_2_refine/M1_004/sd2_gene_1_refine.png,EXCLUDED_CORRUPT,
SDXL_Refine/SDXL_Refine/id_1656/images_2_refine/M1_003/sd2_gene_1_refine.png,EXCLUDED_CORRUPT,
SDXL_Refine/SDXL_Refine/id_1656/images_2_refine/M1_001/sd2_gene_1_refine.png,EXCLUDED_CORRUPT,
SDXL_Refine/SDXL_Refine/id_1656/images_2_refine/M1_006/sd2_gene_1_refine.png,EXCLUDED_CORRUPT,
SDXL_Refine/SDXL_Refine/id_1656/images_2_refine/M1_007/sd2_gene_1_refine.png,EXCLUDED_CORRUPT,
SDXL_Refine/SDXL_Refine/id_1850/images_3_refine/M1_002/sd2_gene_1_refine.png,EXCLUDED_CORRUPT,
SDXL_Refine/SDXL_Refine/id_1850/images_3_refine/M1_000/sd2_gene_1_refine.png,EXCLUDED_CORRUPT,
SDXL_Refine/SDXL_Refine/id_1850/images_3_refine/M1_003/sd2_gene_1_refine.png,EXCLUDED_CORRUPT,
SDXL_Refine/SDXL_Refine/id_1850/images_3_refine/M1_001/sd2_gene_1_refine.png,EXCLUDED_CORRUPT,
SDXL_Refine/SDXL_Refine/id_1850/images_4_refine/M1_002/sd2_gene_1_refine.png,EXCLUDED_CORRUPT,
SDXL_Refine/SDXL_Refine/id_1850/images_4_refine/M1_000/sd2_gene_1_refine.png,EXCLUDED_CORRUPT,
SDXL_Refine/SDXL_Refine/id_1850/images_4_refine/M1_003/sd2_gene_1_refine.png,EXCLUDED_CORRUPT,
SDXL_Refine/SDXL_Refine/id_1850/images_4_refine/M1_001/sd2_gene_1_refine.png,EXCLUDED_CORRUPT,
SDXL_Refine/SDXL_Refine/id_1850/images_refine/M1_002/sd2_gene_1_refine.png,EXCLUDED_CORRUPT,
SDXL_Refine/SDXL_Refine/id_1850/images_refine/M1_000/sd2_gene_1_refine.png,EXCLUDED_CORRUPT,
SDXL_Refine/SDXL_Refine/id_1850/images_refine/M1_003/sd2_gene_1_refine.png,EXCLUDED_CORRUPT,
SDXL_Refine/SDXL_Refine/id_1850/images_refine/M1_001/sd2_gene_1_refine.png,EXCLUDED_CORRUPT,
SDXL_Refine/SDXL_Refine/id_1850/images_2_refine/M1_002/sd2_gene_1_refine.png,EXCLUDED_CORRUPT,
SDXL_Refine/SDXL_Refine/id_1850/images_2_refine/M1_000/sd2_gene_1_refine.png,EXCLUDED_CORRUPT,
SDXL_Refine/SDXL_Refine/id_1850/images_2_refine/M1_003/sd2_gene_1_refine.png,EXCLUDED_CORRUPT,
SDXL_Refine/SDXL_Refine/id_1850/images_2_refine/M1_001/sd2_gene_1_refine.png,EXCLUDED_CORRUPT,
SDXL_Refine/SDXL_Refine/id_2200/images_3_refine/M1_017/sd2_gene_1_refine.png,EXCLUDED_CORRUPT,
SDXL_Refine/SDXL_Refine/id_2200/images_3_refine/M1_011/sd2_gene_1_refine.png,EXCLUDED_CORRUPT,
SDXL_Refine/SDXL_Refine/id_2200/images_3_refine/M1_008/sd2_gene_1_refine.png,EXCLUDED_CORRUPT,
SDXL_Refine/SDXL_Refine/id_2200/images_3_refine/M1_005/sd2_gene_1_refine.png,EXCLUDED_CORRUPT,
SDXL_Refine/SDXL_Refine/id_2200/images_3_refine/M1_002/sd2_gene_1_refine.png,EXCLUDED_CORRUPT,
SDXL_Refine/SDXL_Refine/id_2200/images_3_refine/M1_010/sd2_gene_1_refine.png,EXCLUDED_CORRUPT,
SDXL_Refine/SDXL_Refine/id_2200/images_3_refine/M1_000/sd2_gene_1_refine.png,EXCLUDED_CORRUPT,
SDXL_Refine/SDXL_Refine/id_2200/images_3_refine/M1_019/sd2_gene_1_refine.png,EXCLUDED_CORRUPT,
SDXL_Refine/SDXL_Refine/id_2200/images_3_refine/M1_004/sd2_gene_1_refine.png,EXCLUDED_CORRUPT,
SDXL_Refine/SDXL_Refine/id_2200/images_3_refine/M1_018/sd2_gene_1_refine.png,EXCLUDED_CORRUPT,
SDXL_Refine/SDXL_Refine/id_2200/images_3_refine/M1_016/sd2_gene_1_refine.png,EXCLUDED_CORRUPT,
SDXL_Refine/SDXL_Refine/id_2200/images_3_refine/M1_009/sd2_gene_1_refine.png,EXCLUDED_CORRUPT,
SDXL_Refine/SDXL_Refine/id_2200/images_3_refine/M1_015/sd2_gene_1_refine.png,EXCLUDED_CORRUPT,
SDXL_Refine/SDXL_Refine/id_2200/images_3_refine/M1_003/sd2_gene_1_refine.png,EXCLUDED_CORRUPT,
SDXL_Refine/SDXL_Refine/id_2200/images_3_refine/M1_001/sd2_gene_1_refine.png,EXCLUDED_CORRUPT,
SDXL_Refine/SDXL_Refine/id_2200/images_3_refine/M1_014/sd2_gene_1_refine.png,EXCLUDED_CORRUPT,
SDXL_Refine/SDXL_Refine/id_2200/images_3_refine/M1_006/sd2_gene_1_refine.png,EXCLUDED_CORRUPT,
SDXL_Refine/SDXL_Refine/id_2200/images_3_refine/M1_007/sd2_gene_1_refine.png,EXCLUDED_CORRUPT,
SDXL_Refine/SDXL_Refine/id_2200/images_3_refine/M1_012/sd2_gene_1_refine.png,EXCLUDED_CORRUPT,
SDXL_Refine/SDXL_Refine/id_2200/images_3_refine/M1_013/sd2_gene_1_refine.png,EXCLUDED_CORRUPT,
SDXL_Refine/SDXL_Refine/id_2200/images_4_refine/M1_017/sd2_gene_1_refine.png,EXCLUDED_CORRUPT,
SDXL_Refine/SDXL_Refine/id_2200/images_4_refine/M1_011/sd2_gene_1_refine.png,EXCLUDED_CORRUPT,
SDXL_Refine/SDXL_Refine/id_2200/images_4_refine/M1_008/sd2_gene_1_refine.png,EXCLUDED_CORRUPT,
SDXL_Refine/SDXL_Refine/id_2200/images_4_refine/M1_005/sd2_gene_1_refine.png,EXCLUDED_CORRUPT,
SDXL_Refine/SDXL_Refine/id_2200/images_4_refine/M1_002/sd2_gene_1_refine.png,EXCLUDED_CORRUPT,
SDXL_Refine/SDXL_Refine/id_2200/images_4_refine/M1_010/sd2_gene_1_refine.png,EXCLUDED_CORRUPT,
SDXL_Refine/SDXL_Refine/id_2200/images_4_refine/M1_000/sd2_gene_1_refine.png,EXCLUDED_CORRUPT,
SDXL_Refine/SDXL_Refine/id_2200/images_4_refine/M1_019/sd2_gene_1_refine.png,EXCLUDED_CORRUPT,
SDXL_Refine/SDXL_Refine/id_2200/images_4_refine/M1_004/sd2_gene_1_refine.png,EXCLUDED_CORRUPT,
SDXL_Refine/SDXL_Refine/id_2200/images_4_refine/M1_018/sd2_gene_1_refine.png,EXCLUDED_CORRUPT,
SDXL_Refine/SDXL_Refine/id_2200/images_4_refine/M1_016/sd2_gene_1_refine.png,EXCLUDED_CORRUPT,
SDXL_Refine/SDXL_Refine/id_2200/images_4_refine/M1_009/sd2_gene_1_refine.png,EXCLUDED_CORRUPT,
SDXL_Refine/SDXL_Refine/id_2200/images_4_refine/M1_015/sd2_gene_1_refine.png,EXCLUDED_CORRUPT,
SDXL_Refine/SDXL_Refine/id_2200/images_4_refine/M1_003/sd2_gene_1_refine.png,EXCLUDED_CORRUPT,
SDXL_Refine/SDXL_Refine/id_2200/images_4_refine/M1_001/sd2_gene_1_refine.png,EXCLUDED_CORRUPT,
SDXL_Refine/SDXL_Refine/id_2200/images_4_refine/M1_006/sd2_gene_1_refine.png,EXCLUDED_CORRUPT,
SDXL_Refine/SDXL_Refine/id_2200/images_4_refine/M1_007/sd2_gene_1_refine.png,EXCLUDED_CORRUPT,
SDXL_Refine/SDXL_Refine/id_2200/images_4_refine/M1_012/sd2_gene_1_refine.png,EXCLUDED_CORRUPT,
SDXL_Refine/SDXL_Refine/id_2200/images_4_refine/M1_013/sd2_gene_1_refine.png,EXCLUDED_CORRUPT,
SDXL_Refine/SDXL_Refine/id_2200/images_refine/M1_017/sd2_gene_1_refine.png,EXCLUDED_CORRUPT,
SDXL_Refine/SDXL_Refine/id_2200/images_refine/M1_011/sd2_gene_1_refine.png,EXCLUDED_CORRUPT,
SDXL_Refine/SDXL_Refine/id_2200/images_refine/M1_005/sd2_gene_1_refine.png,EXCLUDED_CORRUPT,
SDXL_Refine/SDXL_Refine/id_2200/images_refine/M1_002/sd2_gene_1_refine.png,EXCLUDED_CORRUPT,
SDXL_Refine/SDXL_Refine/id_2200/images_refine/M1_010/sd2_gene_1_refine.png,EXCLUDED_CORRUPT,
SDXL_Refine/SDXL_Refine/id_2200/images_refine/M1_000/sd2_gene_1_refine.png,EXCLUDED_CORRUPT,
SDXL_Refine/SDXL_Refine/id_2200/images_refine/M1_019/sd2_gene_1_refine.png,EXCLUDED_CORRUPT,
SDXL_Refine/SDXL_Refine/id_2200/images_refine/M1_004/sd2_gene_1_refine.png,EXCLUDED_CORRUPT,
SDXL_Refine/SDXL_Refine/id_2200/images_refine/M1_018/sd2_gene_1_refine.png,EXCLUDED_CORRUPT,
SDXL_Refine/SDXL_Refine/id_2200/images_refine/M1_016/sd2_gene_1_refine.png,EXCLUDED_CORRUPT,
SDXL_Refine/SDXL_Refine/id_2200/images_refine/M1_009/sd2_gene_1_refine.png,EXCLUDED_CORRUPT,
SDXL_Refine/SDXL_Refine/id_2200/images_refine/M1_015/sd2_gene_1_refine.png,EXCLUDED_CORRUPT,
SDXL_Refine/SDXL_Refine/id_2200/images_refine/M1_003/sd2_gene_1_refine.png,EXCLUDED_CORRUPT,
SDXL_Refine/SDXL_Refine/id_2200/images_refine/M1_001/sd2_gene_1_refine.png,EXCLUDED_CORRUPT,
SDXL_Refine/SDXL_Refine/id_2200/images_refine/M1_014/sd2_gene_1_refine.png,EXCLUDED_CORRUPT,
SDXL_Refine/SDXL_Refine/id_2200/images_refine/M1_006/sd2_gene_1_refine.png,EXCLUDED_CORRUPT,
SDXL_Refine/SDXL_Refine/id_2200/images_refine/M1_007/sd2_gene_1_refine.png,EXCLUDED_CORRUPT,
SDXL_Refine/SDXL_Refine/id_2200/images_refine/M1_012/sd2_gene_1_refine.png,EXCLUDED_CORRUPT,
SDXL_Refine/SDXL_Refine/id_2200/images_refine/M1_013/sd2_gene_1_refine.png,EXCLUDED_CORRUPT,
SDXL_Refine/SDXL_Refine/id_2200/images_2_refine/M1_017/sd2_gene_1_refine.png,EXCLUDED_CORRUPT,
SDXL_Refine/SDXL_Refine/id_2200/images_2_refine/M1_011/sd2_gene_1_refine.png,EXCLUDED_CORRUPT,
SDXL_Refine/SDXL_Refine/id_2200/images_2_refine/M1_008/sd2_gene_1_refine.png,EXCLUDED_CORRUPT,
SDXL_Refine/SDXL_Refine/id_2200/images_2_refine/M1_005/sd2_gene_1_refine.png,EXCLUDED_CORRUPT,
SDXL_Refine/SDXL_Refine/id_2200/images_2_refine/M1_002/sd2_gene_1_refine.png,EXCLUDED_CORRUPT,
SDXL_Refine/SDXL_Refine/id_2200/images_2_refine/M1_010/sd2_gene_1_refine.png,EXCLUDED_CORRUPT,
SDXL_Refine/SDXL_Refine/id_2200/images_2_refine/M1_000/sd2_gene_1_refine.png,EXCLUDED_CORRUPT,
SDXL_Refine/SDXL_Refine/id_2200/images_2_refine/M1_019/sd2_gene_1_refine.png,EXCLUDED_CORRUPT,
SDXL_Refine/SDXL_Refine/id_2200/images_2_refine/M1_004/sd2_gene_1_refine.png,EXCLUDED_CORRUPT,
SDXL_Refine/SDXL_Refine/id_2200/images_2_refine/M1_018/sd2_gene_1_refine.png,EXCLUDED_CORRUPT,
SDXL_Refine/SDXL_Refine/id_2200/images_2_refine/M1_016/sd2_gene_1_refine.png,EXCLUDED_CORRUPT,
SDXL_Refine/SDXL_Refine/id_2200/images_2_refine/M1_009/sd2_gene_1_refine.png,EXCLUDED_CORRUPT,
SDXL_Refine/SDXL_Refine/id_2200/images_2_refine/M1_015/sd2_gene_1_refine.png,EXCLUDED_CORRUPT,
SDXL_Refine/SDXL_Refine/id_2200/images_2_refine/M1_001/sd2_gene_1_refine.png,EXCLUDED_CORRUPT,
SDXL_Refine/SDXL_Refine/id_2200/images_2_refine/M1_014/sd2_gene_1_refine.png,EXCLUDED_CORRUPT,
SDXL_Refine/SDXL_Refine/id_2200/images_2_refine/M1_006/sd2_gene_1_refine.png,EXCLUDED_CORRUPT,
SDXL_Refine/SDXL_Refine/id_2200/images_2_refine/M1_007/sd2_gene_1_refine.png,EXCLUDED_CORRUPT,
SDXL_Refine/SDXL_Refine/id_2200/images_2_refine/M1_012/sd2_gene_1_refine.png,EXCLUDED_CORRUPT,
SDXL_Refine/SDXL_Refine/id_2200/images_2_refine/M1_013/sd2_gene_1_refine.png,EXCLUDED_CORRUPT,
SDXL_Refine/SDXL_Refine/id_0632/images_3_refine/M1_002/sd2_gene_1_refine.png,EXCLUDED_CORRUPT,
SDXL_Refine/SDXL_Refine/id_0632/images_3_refine/M1_000/sd2_gene_1_refine.png,EXCLUDED_CORRUPT,
SDXL_Refine/SDXL_Refine/id_0632/images_3_refine/M1_003/sd2_gene_1_refine.png,EXCLUDED_CORRUPT,
SDXL_Refine/SDXL_Refine/id_0632/images_3_refine/M1_001/sd2_gene_1_refine.png,EXCLUDED_CORRUPT,
SDXL_Refine/SDXL_Refine/id_0632/images_4_refine/M1_002/sd2_gene_1_refine.png,EXCLUDED_CORRUPT,
SDXL_Refine/SDXL_Refine/id_0632/images_4_refine/M1_000/sd2_gene_1_refine.png,EXCLUDED_CORRUPT,
SDXL_Refine/SDXL_Refine/id_0632/images_4_refine/M1_003/sd2_gene_1_refine.png,EXCLUDED_CORRUPT,
SDXL_Refine/SDXL_Refine/id_0632/images_4_refine/M1_001/sd2_gene_1_refine.png,EXCLUDED_CORRUPT,
SDXL_Refine/SDXL_Refine/id_0632/images_refine/M1_002/sd2_gene_1_refine.png,EXCLUDED_CORRUPT,
SDXL_Refine/SDXL_Refine/id_0632/images_refine/M1_000/sd2_gene_1_refine.png,EXCLUDED_CORRUPT,
SDXL_Refine/SDXL_Refine/id_0632/images_refine/M1_003/sd2_gene_1_refine.png,EXCLUDED_CORRUPT,
SDXL_Refine/SDXL_Refine/id_0632/images_refine/M1_001/sd2_gene_1_refine.png,EXCLUDED_CORRUPT,
SDXL_Refine/SDXL_Refine/id_0632/images_2_refine/M1_002/sd2_gene_1_refine.png,EXCLUDED_CORRUPT,
SDXL_Refine/SDXL_Refine/id_0632/images_2_refine/M1_000/sd2_gene_1_refine.png,EXCLUDED_CORRUPT,
SDXL_Refine/SDXL_Refine/id_0632/images_2_refine/M1_003/sd2_gene_1_refine.png,EXCLUDED_CORRUPT,
SDXL_Refine/SDXL_Refine/id_0632/images_2_refine/M1_001/sd2_gene_1_refine.png,EXCLUDED_CORRUPT,
SDXL_Refine/SDXL_Refine/id_0744/images_3_refine/M1_011/sd2_gene_1_refine.png,EXCLUDED_CORRUPT,
SDXL_Refine/SDXL_Refine/id_0744/images_3_refine/M1_008/sd2_gene_1_refine.png,EXCLUDED_CORRUPT,
SDXL_Refine/SDXL_Refine/id_0744/images_3_refine/M1_005/sd2_gene_1_refine.png,EXCLUDED_CORRUPT,
SDXL_Refine/SDXL_Refine/id_0744/images_3_refine/M1_002/sd2_gene_1_refine.png,EXCLUDED_CORRUPT,
SDXL_Refine/SDXL_Refine/id_0744/images_3_refine/M1_010/sd2_gene_1_refine.png,EXCLUDED_CORRUPT,
SDXL_Refine/SDXL_Refine/id_0744/images_3_refine/M1_000/sd2_gene_1_refine.png,EXCLUDED_CORRUPT,
SDXL_Refine/SDXL_Refine/id_0744/images_3_refine/M1_004/sd2_gene_1_refine.png,EXCLUDED_CORRUPT,
SDXL_Refine/SDXL_Refine/id_0744/images_3_refine/M1_009/sd2_gene_1_refine.png,EXCLUDED_CORRUPT,
SDXL_Refine/SDXL_Refine/id_0744/images_3_refine/M1_015/sd2_gene_1_refine.png,EXCLUDED_CORRUPT,
SDXL_Refine/SDXL_Refine/id_0744/images_3_refine/M1_003/sd2_gene_1_refine.png,EXCLUDED_CORRUPT,
SDXL_Refine/SDXL_Refine/id_0744/images_3_refine/M1_001/sd2_gene_1_refine.png,EXCLUDED_CORRUPT,
SDXL_Refine/SDXL_Refine/id_0744/images_3_refine/M1_014/sd2_gene_1_refine.png,EXCLUDED_CORRUPT,
SDXL_Refine/SDXL_Refine/id_0744/images_3_refine/M1_006/sd2_gene_1_refine.png,EXCLUDED_CORRUPT,
SDXL_Refine/SDXL_Refine/id_0744/images_3_refine/M1_007/sd2_gene_1_refine.png,EXCLUDED_CORRUPT,
SDXL_Refine/SDXL_Refine/id_0744/images_3_refine/M1_012/sd2_gene_1_refine.png,EXCLUDED_CORRUPT,
SDXL_Refine/SDXL_Refine/id_0744/images_3_refine/M1_013/sd2_gene_1_refine.png,EXCLUDED_CORRUPT,
SDXL_Refine/SDXL_Refine/id_0744/images_4_refine/M1_011/sd2_gene_1_refine.png,EXCLUDED_CORRUPT,
SDXL_Refine/SDXL_Refine/id_0744/images_4_refine/M1_008/sd2_gene_1_refine.png,EXCLUDED_CORRUPT,
SDXL_Refine/SDXL_Refine/id_0744/images_4_refine/M1_005/sd2_gene_1_refine.png,EXCLUDED_CORRUPT,
SDXL_Refine/SDXL_Refine/id_0744/images_4_refine/M1_002/sd2_gene_1_refine.png,EXCLUDED_CORRUPT,
SDXL_Refine/SDXL_Refine/id_0744/images_4_refine/M1_010/sd2_gene_1_refine.png,EXCLUDED_CORRUPT,
SDXL_Refine/SDXL_Refine/id_0744/images_4_refine/M1_000/sd2_gene_1_refine.png,EXCLUDED_CORRUPT,
SDXL_Refine/SDXL_Refine/id_0744/images_4_refine/M1_004/sd2_gene_1_refine.png,EXCLUDED_CORRUPT,
SDXL_Refine/SDXL_Refine/id_0744/images_4_refine/M1_009/sd2_gene_1_refine.png,EXCLUDED_CORRUPT,
SDXL_Refine/SDXL_Refine/id_0744/images_4_refine/M1_015/sd2_gene_1_refine.png,EXCLUDED_CORRUPT,
SDXL_Refine/SDXL_Refine/id_0744/images_4_refine/M1_003/sd2_gene_1_refine.png,EXCLUDED_CORRUPT,
SDXL_Refine/SDXL_Refine/id_0744/images_4_refine/M1_001/sd2_gene_1_refine.png,EXCLUDED_CORRUPT,
SDXL_Refine/SDXL_Refine/id_0744/images_4_refine/M1_014/sd2_gene_1_refine.png,EXCLUDED_CORRUPT,
SDXL_Refine/SDXL_Refine/id_0744/images_4_refine/M1_006/sd2_gene_1_refine.png,EXCLUDED_CORRUPT,
SDXL_Refine/SDXL_Refine/id_0744/images_4_refine/M1_012/sd2_gene_1_refine.png,EXCLUDED_CORRUPT,
SDXL_Refine/SDXL_Refine/id_0744/images_4_refine/M1_013/sd2_gene_1_refine.png,EXCLUDED_CORRUPT,
SDXL_Refine/SDXL_Refine/id_0744/images_refine/M1_011/sd2_gene_1_refine.png,EXCLUDED_CORRUPT,
SDXL_Refine/SDXL_Refine/id_0744/images_refine/M1_008/sd2_gene_1_refine.png,EXCLUDED_CORRUPT,
SDXL_Refine/SDXL_Refine/id_0744/images_refine/M1_005/sd2_gene_1_refine.png,EXCLUDED_CORRUPT,
SDXL_Refine/SDXL_Refine/id_0744/images_refine/M1_002/sd2_gene_1_refine.png,EXCLUDED_CORRUPT,
SDXL_Refine/SDXL_Refine/id_0744/images_refine/M1_010/sd2_gene_1_refine.png,EXCLUDED_CORRUPT,
SDXL_Refine/SDXL_Refine/id_0744/images_refine/M1_000/sd2_gene_1_refine.png,EXCLUDED_CORRUPT,
SDXL_Refine/SDXL_Refine/id_0744/images_refine/M1_004/sd2_gene_1_refine.png,EXCLUDED_CORRUPT,
SDXL_Refine/SDXL_Refine/id_0744/images_refine/M1_009/sd2_gene_1_refine.png,EXCLUDED_CORRUPT,
SDXL_Refine/SDXL_Refine/id_0744/images_refine/M1_003/sd2_gene_1_refine.png,EXCLUDED_CORRUPT,
SDXL_Refine/SDXL_Refine/id_0744/images_refine/M1_001/sd2_gene_1_refine.png,EXCLUDED_CORRUPT,
SDXL_Refine/SDXL_Refine/id_0744/images_refine/M1_014/sd2_gene_1_refine.png,EXCLUDED_CORRUPT,
SDXL_Refine/SDXL_Refine/id_0744/images_refine/M1_006/sd2_gene_1_refine.png,EXCLUDED_CORRUPT,
SDXL_Refine/SDXL_Refine/id_0744/images_refine/M1_007/sd2_gene_1_refine.png,EXCLUDED_CORRUPT,
SDXL_Refine/SDXL_Refine/id_0744/images_refine/M1_012/sd2_gene_1_refine.png,EXCLUDED_CORRUPT,
SDXL_Refine/SDXL_Refine/id_0744/images_refine/M1_013/sd2_gene_1_refine.png,EXCLUDED_CORRUPT,
SDXL_Refine/SDXL_Refine/id_0744/images_2_refine/M1_011/sd2_gene_1_refine.png,EXCLUDED_CORRUPT,
SDXL_Refine/SDXL_Refine/id_0744/images_2_refine/M1_008/sd2_gene_1_refine.png,EXCLUDED_CORRUPT,
SDXL_Refine/SDXL_Refine/id_0744/images_2_refine/M1_005/sd2_gene_1_refine.png,EXCLUDED_CORRUPT,
SDXL_Refine/SDXL_Refine/id_0744/images_2_refine/M1_002/sd2_gene_1_refine.png,EXCLUDED_CORRUPT,
SDXL_Refine/SDXL_Refine/id_0744/images_2_refine/M1_010/sd2_gene_1_refine.png,EXCLUDED_CORRUPT,
SDXL_Refine/SDXL_Refine/id_0744/images_2_refine/M1_000/sd2_gene_1_refine.png,EXCLUDED_CORRUPT,
SDXL_Refine/SDXL_Refine/id_0744/images_2_refine/M1_004/sd2_gene_1_refine.png,EXCLUDED_CORRUPT,
SDXL_Refine/SDXL_Refine/id_0744/images_2_refine/M1_009/sd2_gene_1_refine.png,EXCLUDED_CORRUPT,
SDXL_Refine/SDXL_Refine/id_0744/images_2_refine/M1_003/sd2_gene_1_refine.png,EXCLUDED_CORRUPT,
SDXL_Refine/SDXL_Refine/id_0744/images_2_refine/M1_001/sd2_gene_1_refine.png,EXCLUDED_CORRUPT,
SDXL_Refine/SDXL_Refine/id_0744/images_2_refine/M1_014/sd2_gene_1_refine.png,EXCLUDED_CORRUPT,
SDXL_Refine/SDXL_Refine/id_0744/images_2_refine/M1_006/sd2_gene_1_refine.png,EXCLUDED_CORRUPT,
SDXL_Refine/SDXL_Refine/id_0744/images_2_refine/M1_007/sd2_gene_1_refine.png,EXCLUDED_CORRUPT,
SDXL_Refine/SDXL_Refine/id_0744/images_2_refine/M1_012/sd2_gene_1_refine.png,EXCLUDED_CORRUPT,
SDXL_Refine/SDXL_Refine/id_0744/images_2_refine/M1_013/sd2_gene_1_refine.png,EXCLUDED_CORRUPT,
